index,time_ms,time_realtime_ms,time_monotonic_ms,ros_timestamp,torso_ax,torso_ay,torso_az
0,0.000,1786752172056.095,29129978.495,0.000000000,0.000000000,0.000000000,0.000000000
1,19.980,1786752172076.075,29129998.475,0.000000000,0.000000000,0.000000000,0.000000000
2,39.962,1786752172096.056,29130018.457,0.000000000,0.000000000,0.000000000,0.000000000
3,59.963,1786752172116.058,29130038.458,0.000000000,0.000000000,0.000000000,0.000000000
4,79.963,1786752172136.058,29130058.458,0.000000000,0.000000000,0.000000000,0.000000000
5,99.963,1786752172156.058,29130078.458,0.000000000,0.000000000,0.000000000,0.000000000
6,119.963,1786752172176.058,29130098.458,0.000000000,0.000000000,0.000000000,0.000000000
7,139.960,1786752172196.055,29130118.455,0.000000000,0.000000000,0.000000000,0.000000000
8,159.961,1786752172216.056,29130138.456,0.000000000,0.000000000,0.000000000,0.000000000
9,179.962,1786752172236.056,29130158.456,0.000000000,0.000000000,0.000000000,0.000000000
10,199.961,1786752172256.056,29130178.456,0.000000000,0.000000000,0.000000000,0.000000000
11,219.961,1786752172276.055,29130198.456,0.000000000,0.000000000,0.000000000,0.000000000
12,239.962,1786752172296.056,29130218.457,0.000000000,0.000000000,0.000000000,0.000000000
13,259.963,1786752172316.058,29130238.458,0.000000000,0.000000000,0.000000000,0.000000000
14,279.965,1786752172336.060,29130258.460,0.000000000,0.000000000,0.000000000,0.000000000
15,299.964,1786752172356.059,29130278.459,0.000000000,0.000000000,0.000000000,0.000000000
16,319.963,1786752172376.057,29130298.457,0.000000000,0.000000000,0.000000000,0.000000000
17,339.964,1786752172396.059,29130318.459,0.000000000,0.000000000,0.000000000,0.000000000
18,359.963,1786752172416.057,29130338.457,0.000000000,0.000000000,0.000000000,0.000000000
19,379.962,1786752172436.056,29130358.456,0.000000000,0.000000000,0.000000000,0.000000000
20,399.963,1786752172456.058,29130378.458,0.000000000,0.000000000,0.000000000,0.000000000
21,419.963,1786752172476.058,29130398.458,0.000000000,0.000000000,0.000000000,0.000000000
22,439.961,1786752172496.055,29130418.456,0.000000000,0.000000000,0.000000000,0.000000000
23,459.961,1786752172516.056,29130438.456,0.000000000,0.000000000,0.000000000,0.000000000
24,479.960,1786752172536.055,29130458.455,0.000000000,0.000000000,0.000000000,0.000000000
25,499.961,1786752172556.055,29130478.456,0.000000000,0.000000000,0.000000000,0.000000000
26,519.961,1786752172576.056,29130498.456,0.000000000,0.000000000,0.000000000,0.000000000
27,539.962,1786752172596.057,29130518.457,0.000000000,0.000000000,0.000000000,0.000000000
28,559.961,1786752172616.055,29130538.455,0.000000000,0.000000000,0.000000000,0.000000000
29,579.962,1786752172636.057,29130558.457,0.000000000,0.000000000,0.000000000,0.000000000
30,599.962,1786752172656.056,29130578.456,0.000000000,0.000000000,0.000000000,0.000000000
31,619.961,1786752172676.056,29130598.456,0.000000000,0.000000000,0.000000000,0.000000000
32,639.965,1786752172696.059,29130618.460,0.000000000,0.000000000,0.000000000,0.000000000
33,659.966,1786752172716.061,29130638.461,0.000000000,0.000000000,0.000000000,0.000000000
34,679.963,1786752172736.057,29130658.457,0.000000000,0.000000000,0.000000000,0.000000000
35,699.963,1786752172756.058,29130678.458,0.000000000,0.000000000,0.000000000,0.000000000
36,719.963,1786752172776.058,29130698.458,0.000000000,0.000000000,0.000000000,0.000000000
37,739.962,1786752172796.056,29130718.456,0.000000000,0.000000000,0.000000000,0.000000000
38,759.961,1786752172816.056,29130738.456,0.000000000,0.000000000,0.000000000,0.000000000
39,779.961,1786752172836.056,29130758.456,0.000000000,0.000000000,0.000000000,0.000000000
40,799.960,1786752172856.055,29130778.455,0.000000000,0.000000000,0.000000000,0.000000000
41,819.962,1786752172876.057,29130798.457,0.000000000,0.000000000,0.000000000,0.000000000
42,839.961,1786752172896.055,29130818.455,0.000000000,0.000000000,0.000000000,0.000000000
43,859.965,1786752172916.060,29130838.460,0.000000000,0.000000000,0.000000000,0.000000000
44,879.964,1786752172936.058,29130858.459,0.000000000,0.000000000,0.000000000,0.000000000
45,899.962,1786752172956.057,29130878.457,0.000000000,0.000000000,0.000000000,0.000000000
46,919.962,1786752172976.057,29130898.457,0.000000000,0.000000000,0.000000000,0.000000000
47,939.962,1786752172996.056,29130918.456,0.000000000,0.000000000,0.000000000,0.000000000
48,959.962,1786752173016.057,29130938.457,0.000000000,0.000000000,0.000000000,0.000000000
49,979.963,1786752173036.058,29130958.458,0.000000000,0.000000000,0.000000000,0.000000000
50,999.962,1786752173056.057,29130978.457,0.000000000,0.000000000,0.000000000,0.000000000
51,1019.961,1786752173076.056,29130998.456,0.000000000,0.000000000,0.000000000,0.000000000
52,1039.962,1786752173096.056,29131018.456,0.000000000,0.000000000,0.000000000,0.000000000
53,1059.961,1786752173116.056,29131038.456,0.000000000,0.000000000,0.000000000,0.000000000
54,1079.961,1786752173136.056,29131058.456,0.000000000,0.000000000,0.000000000,0.000000000
55,1099.961,1786752173156.056,29131078.456,0.000000000,0.000000000,0.000000000,0.000000000
56,1119.962,1786752173176.056,29131098.457,0.000000000,0.000000000,0.000000000,0.000000000
57,1139.965,1786752173196.060,29131118.460,0.000000000,0.000000000,0.000000000,0.000000000
58,1159.963,1786752173216.057,29131138.457,0.000000000,0.000000000,0.000000000,0.000000000
59,1179.966,1786752173236.060,29131158.460,0.000000000,0.000000000,0.000000000,0.000000000
60,1199.961,1786752173256.056,29131178.456,0.000000000,0.000000000,0.000000000,0.000000000
61,1219.961,1786752173276.056,29131198.456,0.000000000,0.000000000,0.000000000,0.000000000
62,1239.962,1786752173296.056,29131218.456,0.000000000,0.000000000,0.000000000,0.000000000
63,1259.960,1786752173316.055,29131238.455,0.000000000,0.000000000,0.000000000,0.000000000
64,1279.961,1786752173336.056,29131258.456,0.000000000,0.000000000,0.000000000,0.000000000
65,1299.962,1786752173356.056,29131278.457,0.000000000,0.000000000,0.000000000,0.000000000
66,1319.966,1786752173376.060,29131298.460,0.000000000,0.000000000,0.000000000,0.000000000
67,1339.961,1786752173396.055,29131318.456,0.000000000,0.000000000,0.000000000,0.000000000
68,1359.961,1786752173416.055,29131338.456,0.000000000,0.000000000,0.000000000,0.000000000
69,1379.961,1786752173436.055,29131358.455,0.000000000,0.000000000,0.000000000,0.000000000
70,1399.961,1786752173456.055,29131378.455,0.000000000,0.000000000,0.000000000,0.000000000
71,1419.961,1786752173476.055,29131398.456,0.000000000,0.000000000,0.000000000,0.000000000
72,1439.960,1786752173496.055,29131418.455,0.000000000,0.000000000,0.000000000,0.000000000
73,1459.960,1786752173516.055,29131438.455,0.000000000,0.000000000,0.000000000,0.000000000
74,1479.963,1786752173536.058,29131458.458,0.000000000,0.000000000,0.000000000,0.000000000
75,1499.961,1786752173556.055,29131478.456,0.000000000,0.000000000,0.000000000,0.000000000
76,1519.962,1786752173576.056,29131498.456,0.000000000,0.000000000,0.000000000,0.000000000
77,1539.961,1786752173596.056,29131518.456,0.000000000,0.000000000,0.000000000,0.000000000
78,1559.961,1786752173616.056,29131538.456,0.000000000,0.000000000,0.000000000,0.000000000
79,1579.961,1786752173636.056,29131558.456,0.000000000,0.000000000,0.000000000,0.000000000
80,1599.961,1786752173656.056,29131578.456,0.000000000,0.000000000,0.000000000,0.000000000
81,1619.965,1786752173676.059,29131598.459,0.000000000,0.000000000,0.000000000,0.000000000
82,1639.962,1786752173696.056,29131618.457,0.000000000,0.000000000,0.000000000,0.000000000
83,1659.960,1786752173716.055,29131638.455,0.000000000,0.000000000,0.000000000,0.000000000
84,1679.964,1786752173736.059,29131658.459,0.000000000,0.000000000,0.000000000,0.000000000
85,1699.961,1786752173756.056,29131678.456,0.000000000,0.000000000,0.000000000,0.000000000
86,1719.963,1786752173776.058,29131698.458,0.000000000,0.000000000,0.000000000,0.000000000
87,1739.960,1786752173796.055,29131718.455,0.000000000,0.000000000,0.000000000,0.000000000
88,1759.960,1786752173816.054,29131738.454,0.000000000,0.000000000,0.000000000,0.000000000
89,1779.960,1786752173836.054,29131758.455,0.000000000,0.000000000,0.000000000,0.000000000
90,1799.961,1786752173856.055,29131778.456,0.000000000,0.000000000,0.000000000,0.000000000
91,1819.960,1786752173876.055,29131798.455,0.000000000,0.000000000,0.000000000,0.000000000
92,1839.961,1786752173896.056,29131818.456,0.000000000,0.000000000,0.000000000,0.000000000
93,1859.961,1786752173916.055,29131838.456,0.000000000,0.000000000,0.000000000,0.000000000
94,1879.961,1786752173936.056,29131858.456,0.000000000,0.000000000,0.000000000,0.000000000
95,1899.965,1786752173956.060,29131878.460,0.000000000,0.000000000,0.000000000,0.000000000
96,1919.963,1786752173976.058,29131898.458,0.000000000,0.000000000,0.000000000,0.000000000
97,1939.962,1786752173996.056,29131918.456,0.000000000,0.000000000,0.000000000,0.000000000
98,1959.960,1786752174016.055,29131938.455,0.000000000,0.000000000,0.000000000,0.000000000
99,1979.973,1786752174036.067,29131958.467,0.000000000,0.000000000,0.000000000,0.000000000
100,1999.965,1786752174056.060,29131978.460,0.000000000,0.000000000,0.000000000,0.000000000
101,2019.963,1786752174076.058,29131998.458,0.000000000,0.000000000,0.000000000,0.000000000
102,2039.965,1786752174096.059,29132018.459,0.000000000,0.000000000,0.000000000,0.000000000
103,2059.962,1786752174116.056,29132038.457,0.000000000,0.000000000,0.000000000,0.000000000
104,2079.961,1786752174136.055,29132058.456,0.000000000,0.000000000,0.000000000,0.000000000
105,2099.962,1786752174156.056,29132078.456,0.000000000,0.000000000,0.000000000,0.000000000
106,2119.961,1786752174176.056,29132098.456,0.000000000,0.000000000,0.000000000,0.000000000
107,2139.964,1786752174196.059,29132118.459,0.000000000,0.000000000,0.000000000,0.000000000
108,2159.966,1786752174216.061,29132138.461,0.000000000,0.000000000,0.000000000,0.000000000
109,2179.965,1786752174236.059,29132158.459,0.000000000,0.000000000,0.000000000,0.000000000
110,2199.965,1786752174256.060,29132178.460,0.000000000,0.000000000,0.000000000,0.000000000
111,2219.966,1786752174276.060,29132198.461,0.000000000,0.000000000,0.000000000,0.000000000
112,2239.966,1786752174296.060,29132218.460,0.000000000,0.000000000,0.000000000,0.000000000
113,2259.964,1786752174316.059,29132238.459,0.000000000,0.000000000,0.000000000,0.000000000
114,2279.964,1786752174336.059,29132258.459,0.000000000,0.000000000,0.000000000,0.000000000
115,2299.964,1786752174356.059,29132278.459,0.000000000,0.000000000,0.000000000,0.000000000
116,2319.965,1786752174376.060,29132298.460,0.000000000,0.000000000,0.000000000,0.000000000
117,2339.964,1786752174396.059,29132318.459,0.000000000,0.000000000,0.000000000,0.000000000
118,2359.962,1786752174416.057,29132338.457,0.000000000,0.000000000,0.000000000,0.000000000
119,2379.962,1786752174436.056,29132358.456,0.000000000,0.000000000,0.000000000,0.000000000
120,2399.961,1786752174456.056,29132378.456,0.000000000,0.000000000,0.000000000,0.000000000
121,2419.964,1786752174476.059,29132398.459,0.000000000,0.000000000,0.000000000,0.000000000
122,2439.961,1786752174496.055,29132418.455,0.000000000,0.000000000,0.000000000,0.000000000
123,2459.961,1786752174516.056,29132438.456,0.000000000,0.000000000,0.000000000,0.000000000
124,2479.964,1786752174536.059,29132458.459,0.000000000,0.000000000,0.000000000,0.000000000
125,2499.964,1786752174556.059,29132478.459,0.000000000,0.000000000,0.000000000,0.000000000
126,2519.963,1786752174576.058,29132498.458,0.000000000,0.000000000,0.000000000,0.000000000
127,2539.963,1786752174596.058,29132518.458,0.000000000,0.000000000,0.000000000,0.000000000
128,2559.963,1786752174616.058,29132538.458,0.000000000,0.000000000,0.000000000,0.000000000
129,2579.965,1786752174636.060,29132558.460,0.000000000,0.000000000,0.000000000,0.000000000
130,2599.965,1786752174656.059,29132578.459,0.000000000,0.000000000,0.000000000,0.000000000
131,2619.964,1786752174676.058,29132598.458,0.000000000,0.000000000,0.000000000,0.000000000
132,2639.964,1786752174696.058,29132618.458,0.000000000,0.000000000,0.000000000,0.000000000
133,2659.962,1786752174716.056,29132638.456,0.000000000,0.000000000,0.000000000,0.000000000
134,2679.965,1786752174736.060,29132658.460,0.000000000,0.000000000,0.000000000,0.000000000
135,2699.961,1786752174756.056,29132678.456,0.000000000,0.000000000,0.000000000,0.000000000
136,2719.962,1786752174776.056,29132698.457,0.000000000,0.000000000,0.000000000,0.000000000
137,2739.961,1786752174796.056,29132718.456,0.000000000,0.000000000,0.000000000,0.000000000
138,2759.961,1786752174816.056,29132738.456,0.000000000,0.000000000,0.000000000,0.000000000
139,2779.962,1786752174836.057,29132758.457,0.000000000,0.000000000,0.000000000,0.000000000
140,2799.961,1786752174856.055,29132778.456,0.000000000,0.000000000,0.000000000,0.000000000
141,2819.962,1786752174876.057,29132798.457,0.000000000,0.000000000,0.000000000,0.000000000
142,2839.961,1786752174896.056,29132818.456,0.000000000,0.000000000,0.000000000,0.000000000
143,2859.966,1786752174916.061,29132838.461,0.000000000,0.000000000,0.000000000,0.000000000
144,2879.965,1786752174936.060,29132858.460,0.000000000,0.000000000,0.000000000,0.000000000
145,2899.965,1786752174956.059,29132878.459,0.000000000,0.000000000,0.000000000,0.000000000
146,2919.964,1786752174976.059,29132898.459,0.000000000,0.000000000,0.000000000,0.000000000
147,2939.963,1786752174996.058,29132918.458,0.000000000,0.000000000,0.000000000,0.000000000
148,2959.963,1786752175016.058,29132938.458,0.000000000,0.000000000,0.000000000,0.000000000
149,2979.983,1786752175036.078,29132958.478,0.000000000,0.000000000,0.000000000,0.000000000
150,2999.984,1786752175056.078,29132978.478,0.000000000,0.000000000,0.000000000,0.000000000
151,3019.983,1786752175076.078,29132998.478,0.000000000,0.000000000,0.000000000,0.000000000
152,3039.967,1786752175096.062,29133018.462,0.000000000,0.000000000,0.000000000,0.000000000
153,3059.962,1786752175116.057,29133038.457,0.000000000,0.000000000,0.000000000,0.000000000
154,3079.962,1786752175136.056,29133058.456,0.000000000,0.000000000,0.000000000,0.000000000
155,3099.962,1786752175156.057,29133078.457,0.000000000,0.000000000,0.000000000,0.000000000
156,3119.961,1786752175176.056,29133098.456,0.000000000,0.000000000,0.000000000,0.000000000
157,3139.964,1786752175196.059,29133118.459,0.000000000,0.000000000,0.000000000,0.000000000
158,3159.961,1786752175216.055,29133138.456,0.000000000,0.000000000,0.000000000,0.000000000
159,3179.962,1786752175236.056,29133158.457,0.000000000,0.000000000,0.000000000,0.000000000
160,3199.962,1786752175256.057,29133178.457,0.000000000,0.000000000,0.000000000,0.000000000
161,3219.962,1786752175276.057,29133198.457,0.000000000,0.000000000,0.000000000,0.000000000
162,3239.967,1786752175296.062,29133218.462,0.000000000,0.000000000,0.000000000,0.000000000
163,3259.970,1786752175316.064,29133238.464,0.000000000,0.000000000,0.000000000,0.000000000
164,3279.968,1786752175336.063,29133258.463,0.000000000,0.000000000,0.000000000,0.000000000
165,3299.965,1786752175356.060,29133278.460,0.000000000,0.000000000,0.000000000,0.000000000
166,3319.964,1786752175376.059,29133298.459,0.000000000,0.000000000,0.000000000,0.000000000
167,3339.965,1786752175396.060,29133318.460,0.000000000,0.000000000,0.000000000,0.000000000
168,3359.962,1786752175416.057,29133338.457,0.000000000,0.000000000,0.000000000,0.000000000
169,3379.960,1786752175436.055,29133358.455,0.000000000,0.000000000,0.000000000,0.000000000
170,3399.961,1786752175456.055,29133378.456,0.000000000,0.000000000,0.000000000,0.000000000
171,3419.961,1786752175476.056,29133398.456,0.000000000,0.000000000,0.000000000,0.000000000
172,3439.960,1786752175496.055,29133418.455,0.000000000,0.000000000,0.000000000,0.000000000
173,3459.962,1786752175516.057,29133438.457,0.000000000,0.000000000,0.000000000,0.000000000
174,3479.962,1786752175536.057,29133458.457,0.000000000,0.000000000,0.000000000,0.000000000
175,3499.961,1786752175556.056,29133478.456,0.000000000,0.000000000,0.000000000,0.000000000
176,3519.960,1786752175576.054,29133498.455,0.000000000,0.000000000,0.000000000,0.000000000
177,3539.960,1786752175596.055,29133518.455,0.000000000,0.000000000,0.000000000,0.000000000
178,3559.960,1786752175616.054,29133538.454,0.000000000,0.000000000,0.000000000,0.000000000
179,3579.959,1786752175636.054,29133558.454,0.000000000,0.000000000,0.000000000,0.000000000
180,3599.962,1786752175656.056,29133578.457,0.000000000,0.000000000,0.000000000,0.000000000
181,3619.960,1786752175676.055,29133598.455,0.000000000,0.000000000,0.000000000,0.000000000
182,3639.960,1786752175696.054,29133618.454,0.000000000,0.000000000,0.000000000,0.000000000
183,3659.959,1786752175716.054,29133638.454,0.000000000,0.000000000,0.000000000,0.000000000
184,3679.963,1786752175736.057,29133658.457,0.000000000,0.000000000,0.000000000,0.000000000
185,3699.964,1786752175756.059,29133678.459,0.000000000,0.000000000,0.000000000,0.000000000
186,3719.964,1786752175776.058,29133698.458,0.000000000,0.000000000,0.000000000,0.000000000
187,3739.961,1786752175796.056,29133718.456,0.000000000,0.000000000,0.000000000,0.000000000
188,3759.961,1786752175816.056,29133738.456,0.000000000,0.000000000,0.000000000,0.000000000
189,3779.964,1786752175836.059,29133758.459,0.000000000,0.000000000,0.000000000,0.000000000
190,3799.961,1786752175856.056,29133778.456,0.000000000,0.000000000,0.000000000,0.000000000
191,3819.960,1786752175876.055,29133798.455,0.000000000,0.000000000,0.000000000,0.000000000
192,3839.962,1786752175896.057,29133818.457,0.000000000,0.000000000,0.000000000,0.000000000
193,3859.962,1786752175916.056,29133838.456,0.000000000,0.000000000,0.000000000,0.000000000
194,3879.962,1786752175936.057,29133858.457,0.000000000,0.000000000,0.000000000,0.000000000
195,3899.963,1786752175956.057,29133878.458,0.000000000,0.000000000,0.000000000,0.000000000
196,3919.961,1786752175976.056,29133898.456,0.000000000,0.000000000,0.000000000,0.000000000
197,3939.964,1786752175996.059,29133918.459,0.000000000,0.000000000,0.000000000,0.000000000
198,3959.961,1786752176016.056,29133938.456,0.000000000,0.000000000,0.000000000,0.000000000
199,3979.964,1786752176036.059,29133958.459,0.000000000,0.000000000,0.000000000,0.000000000
200,3999.972,1786752176056.066,29133978.466,0.000000000,0.000000000,0.000000000,0.000000000
201,4019.973,1786752176076.068,29133998.468,0.000000000,0.000000000,0.000000000,0.000000000
202,4039.971,1786752176096.066,29134018.466,0.000000000,0.000000000,0.000000000,0.000000000
203,4059.971,1786752176116.066,29134038.466,0.000000000,0.000000000,0.000000000,0.000000000
204,4079.973,1786752176136.067,29134058.467,0.000000000,0.000000000,0.000000000,0.000000000
205,4099.977,1786752176156.072,29134078.472,0.000000000,0.000000000,0.000000000,0.000000000
206,4119.976,1786752176176.071,29134098.471,0.000000000,0.000000000,0.000000000,0.000000000
207,4139.977,1786752176196.071,29134118.472,0.000000000,0.000000000,0.000000000,0.000000000
208,4159.984,1786752176216.079,29134138.479,0.000000000,0.000000000,0.000000000,0.000000000
209,4179.976,1786752176236.071,29134158.471,0.000000000,0.000000000,0.000000000,0.000000000
210,4199.973,1786752176256.068,29134178.468,0.000000000,0.000000000,0.000000000,0.000000000
211,4219.974,1786752176276.069,29134198.469,0.000000000,0.000000000,0.000000000,0.000000000
212,4239.973,1786752176296.068,29134218.468,0.000000000,0.000000000,0.000000000,0.000000000
213,4259.971,1786752176316.066,29134238.466,0.000000000,0.000000000,0.000000000,0.000000000
214,4279.970,1786752176336.065,29134258.465,0.000000000,0.000000000,0.000000000,0.000000000
215,4299.971,1786752176356.065,29134278.465,0.000000000,0.000000000,0.000000000,0.000000000
216,4319.973,1786752176376.068,29134298.468,0.000000000,0.000000000,0.000000000,0.000000000
217,4339.972,1786752176396.067,29134318.467,0.000000000,0.000000000,0.000000000,0.000000000
218,4359.975,1786752176416.069,29134338.469,0.000000000,0.000000000,0.000000000,0.000000000
219,4379.981,1786752176436.075,29134358.476,0.000000000,0.000000000,0.000000000,0.000000000
220,4399.979,1786752176456.074,29134378.474,0.000000000,0.000000000,0.000000000,0.000000000
221,4419.975,1786752176476.070,29134398.470,0.000000000,0.000000000,0.000000000,0.000000000
222,4439.975,1786752176496.070,29134418.470,0.000000000,0.000000000,0.000000000,0.000000000
223,4459.970,1786752176516.065,29134438.465,0.000000000,0.000000000,0.000000000,0.000000000
224,4479.968,1786752176536.063,29134458.463,0.000000000,0.000000000,0.000000000,0.000000000
225,4499.970,1786752176556.065,29134478.465,0.000000000,0.000000000,0.000000000,0.000000000
226,4519.976,1786752176576.071,29134498.471,0.000000000,0.000000000,0.000000000,0.000000000
227,4539.977,1786752176596.071,29134518.471,0.000000000,0.000000000,0.000000000,0.000000000
228,4559.977,1786752176616.072,29134538.472,0.000000000,0.000000000,0.000000000,0.000000000
229,4579.976,1786752176636.071,29134558.471,0.000000000,0.000000000,0.000000000,0.000000000
230,4599.982,1786752176656.077,29134578.477,0.000000000,0.000000000,0.000000000,0.000000000
231,4619.987,1786752176676.082,29134598.482,0.000000000,0.000000000,0.000000000,0.000000000
232,4639.977,1786752176696.072,29134618.472,0.000000000,0.000000000,0.000000000,0.000000000
233,4659.976,1786752176716.070,29134638.470,0.000000000,0.000000000,0.000000000,0.000000000
234,4679.973,1786752176736.068,29134658.468,0.000000000,0.000000000,0.000000000,0.000000000
235,4699.968,1786752176756.063,29134678.463,0.000000000,0.000000000,0.000000000,0.000000000
236,4719.975,1786752176776.070,29134698.470,0.000000000,0.000000000,0.000000000,0.000000000
237,4739.972,1786752176796.066,29134718.466,0.000000000,0.000000000,0.000000000,0.000000000
238,4759.970,1786752176816.065,29134738.465,0.000000000,0.000000000,0.000000000,0.000000000
239,4779.970,1786752176836.064,29134758.464,0.000000000,0.000000000,0.000000000,0.000000000
240,4799.968,1786752176856.063,29134778.463,0.000000000,0.000000000,0.000000000,0.000000000
241,4819.972,1786752176876.067,29134798.467,0.000000000,0.000000000,0.000000000,0.000000000
242,4839.974,1786752176896.069,29134818.469,0.000000000,0.000000000,0.000000000,0.000000000
243,4859.984,1786752176916.079,29134838.479,0.000000000,0.000000000,0.000000000,0.000000000
244,4879.983,1786752176936.078,29134858.478,0.000000000,0.000000000,0.000000000,0.000000000
245,4899.975,1786752176956.069,29134878.469,0.000000000,0.000000000,0.000000000,0.000000000
246,4919.972,1786752176976.067,29134898.467,0.000000000,0.000000000,0.000000000,0.000000000
247,4939.976,1786752176996.071,29134918.471,0.000000000,0.000000000,0.000000000,0.000000000
248,4959.979,1786752177016.074,29134938.474,0.000000000,0.000000000,0.000000000,0.000000000
249,4979.979,1786752177036.074,29134958.474,0.000000000,0.000000000,0.000000000,0.000000000
250,4999.977,1786752177056.071,29134978.471,0.000000000,0.000000000,0.000000000,0.000000000
251,5019.971,1786752177076.066,29134998.466,0.000000000,0.000000000,0.000000000,0.000000000
252,5039.964,1786752177096.058,29135018.458,0.000000000,0.000000000,0.000000000,0.000000000
253,5059.962,1786752177116.057,29135038.457,0.000000000,0.000000000,0.000000000,0.000000000
254,5079.963,1786752177136.058,29135058.458,0.000000000,0.000000000,0.000000000,0.000000000
255,5099.962,1786752177156.056,29135078.457,0.000000000,0.000000000,0.000000000,0.000000000
256,5119.963,1786752177176.058,29135098.458,0.000000000,0.000000000,0.000000000,0.000000000
257,5139.962,1786752177196.056,29135118.456,0.000000000,0.000000000,0.000000000,0.000000000
258,5159.967,1786752177216.061,29135138.461,0.000000000,0.000000000,0.000000000,0.000000000
259,5179.962,1786752177236.056,29135158.457,0.000000000,0.000000000,0.000000000,0.000000000
260,5199.966,1786752177256.061,29135178.461,0.000000000,0.000000000,0.000000000,0.000000000
261,5219.962,1786752177276.056,29135198.456,0.000000000,0.000000000,0.000000000,0.000000000
262,5239.962,1786752177296.056,29135218.457,0.000000000,0.000000000,0.000000000,0.000000000
263,5259.961,1786752177316.055,29135238.456,0.000000000,0.000000000,0.000000000,0.000000000
264,5279.962,1786752177336.056,29135258.456,0.000000000,0.000000000,0.000000000,0.000000000
265,5299.962,1786752177356.057,29135278.457,0.000000000,0.000000000,0.000000000,0.000000000
266,5319.963,1786752177376.058,29135298.458,0.000000000,0.000000000,0.000000000,0.000000000
267,5339.960,1786752177396.055,29135318.455,0.000000000,0.000000000,0.000000000,0.000000000
268,5359.961,1786752177416.056,29135338.456,0.000000000,0.000000000,0.000000000,0.000000000
269,5379.960,1786752177436.054,29135358.455,0.000000000,0.000000000,0.000000000,0.000000000
270,5399.961,1786752177456.056,29135378.456,0.000000000,0.000000000,0.000000000,0.000000000
271,5419.963,1786752177476.058,29135398.458,0.000000000,0.000000000,0.000000000,0.000000000
272,5439.961,1786752177496.055,29135418.456,0.000000000,0.000000000,0.000000000,0.000000000
273,5459.961,1786752177516.055,29135438.455,0.000000000,0.000000000,0.000000000,0.000000000
274,5479.961,1786752177536.056,29135458.456,0.000000000,0.000000000,0.000000000,0.000000000
275,5499.962,1786752177556.056,29135478.457,0.000000000,0.000000000,0.000000000,0.000000000
276,5519.961,1786752177576.055,29135498.455,0.000000000,0.000000000,0.000000000,0.000000000
277,5539.961,1786752177596.056,29135518.456,0.000000000,0.000000000,0.000000000,0.000000000
278,5559.960,1786752177616.055,29135538.455,0.000000000,0.000000000,0.000000000,0.000000000
279,5579.960,1786752177636.055,29135558.455,0.000000000,0.000000000,0.000000000,0.000000000
280,5599.963,1786752177656.057,29135578.457,0.000000000,0.000000000,0.000000000,0.000000000
281,5619.965,1786752177676.060,29135598.460,0.000000000,0.000000000,0.000000000,0.000000000
282,5639.963,1786752177696.057,29135618.457,0.000000000,0.000000000,0.000000000,0.000000000
283,5659.961,1786752177716.056,29135638.456,0.000000000,0.000000000,0.000000000,0.000000000
284,5679.963,1786752177736.058,29135658.458,0.000000000,0.000000000,0.000000000,0.000000000
285,5699.962,1786752177756.057,29135678.457,0.000000000,0.000000000,0.000000000,0.000000000
286,5719.963,1786752177776.057,29135698.457,0.000000000,0.000000000,0.000000000,0.000000000
287,5739.961,1786752177796.056,29135718.456,0.000000000,0.000000000,0.000000000,0.000000000
288,5759.960,1786752177816.055,29135738.455,0.000000000,0.000000000,0.000000000,0.000000000
289,5779.963,1786752177836.058,29135758.458,0.000000000,0.000000000,0.000000000,0.000000000
290,5799.961,1786752177856.056,29135778.456,0.000000000,0.000000000,0.000000000,0.000000000
291,5819.961,1786752177876.056,29135798.456,0.000000000,0.000000000,0.000000000,0.000000000
292,5839.963,1786752177896.058,29135818.458,0.000000000,0.000000000,0.000000000,0.000000000
293,5859.963,1786752177916.057,29135838.457,0.000000000,0.000000000,0.000000000,0.000000000
294,5879.962,1786752177936.056,29135858.457,0.000000000,0.000000000,0.000000000,0.000000000
295,5899.962,1786752177956.057,29135878.457,0.000000000,0.000000000,0.000000000,0.000000000
296,5919.962,1786752177976.057,29135898.457,0.000000000,0.000000000,0.000000000,0.000000000
297,5939.962,1786752177996.056,29135918.457,0.000000000,0.000000000,0.000000000,0.000000000
298,5959.961,1786752178016.056,29135938.456,0.000000000,0.000000000,0.000000000,0.000000000
299,5979.963,1786752178036.058,29135958.458,0.000000000,0.000000000,0.000000000,0.000000000
300,5999.963,1786752178056.058,29135978.458,0.000000000,0.000000000,0.000000000,0.000000000
301,6019.971,1786752178076.066,29135998.466,0.000000000,0.000000000,0.000000000,0.000000000
302,6039.969,1786752178096.064,29136018.464,0.000000000,0.000000000,0.000000000,0.000000000
303,6059.963,1786752178116.058,29136038.458,0.000000000,0.000000000,0.000000000,0.000000000
304,6079.971,1786752178136.066,29136058.466,0.000000000,0.000000000,0.000000000,0.000000000
305,6099.974,1786752178156.069,29136078.469,0.000000000,0.000000000,0.000000000,0.000000000
306,6119.974,1786752178176.069,29136098.469,0.000000000,0.000000000,0.000000000,0.000000000
307,6139.975,1786752178196.070,29136118.470,0.000000000,0.000000000,0.000000000,0.000000000
308,6159.975,1786752178216.070,29136138.470,0.000000000,0.000000000,0.000000000,0.000000000
309,6179.974,1786752178236.069,29136158.469,0.000000000,0.000000000,0.000000000,0.000000000
310,6199.977,1786752178256.071,29136178.472,0.000000000,0.000000000,0.000000000,0.000000000
311,6219.990,1786752178276.084,29136198.485,0.000000000,0.000000000,0.000000000,0.000000000
312,6239.979,1786752178296.074,29136218.474,0.000000000,0.000000000,0.000000000,0.000000000
313,6259.976,1786752178316.071,29136238.471,0.000000000,0.000000000,0.000000000,0.000000000
314,6279.971,1786752178336.065,29136258.466,0.000000000,0.000000000,0.000000000,0.000000000
315,6299.970,1786752178356.064,29136278.464,0.000000000,0.000000000,0.000000000,0.000000000
316,6319.970,1786752178376.064,29136298.464,0.000000000,0.000000000,0.000000000,0.000000000
317,6339.973,1786752178396.067,29136318.467,0.000000000,0.000000000,0.000000000,0.000000000
318,6359.972,1786752178416.067,29136338.467,0.000000000,0.000000000,0.000000000,0.000000000
319,6379.971,1786752178436.065,29136358.465,0.000000000,0.000000000,0.000000000,0.000000000
320,6399.970,1786752178456.064,29136378.464,0.000000000,0.000000000,0.000000000,0.000000000
321,6419.970,1786752178476.065,29136398.465,0.000000000,0.000000000,0.000000000,0.000000000
322,6439.970,1786752178496.064,29136418.465,0.000000000,0.000000000,0.000000000,0.000000000
323,6459.988,1786752178516.083,29136438.483,0.000000000,0.000000000,0.000000000,0.000000000
324,6479.990,1786752178536.084,29136458.484,0.000000000,0.000000000,0.000000000,0.000000000
325,6499.987,1786752178556.081,29136478.482,0.000000000,0.000000000,0.000000000,0.000000000
326,6519.980,1786752178576.075,29136498.475,0.000000000,0.000000000,0.000000000,0.000000000
327,6539.980,1786752178596.074,29136518.475,0.000000000,0.000000000,0.000000000,0.000000000
328,6559.978,1786752178616.073,29136538.473,0.000000000,0.000000000,0.000000000,0.000000000
329,6579.982,1786752178636.077,29136558.477,0.000000000,0.000000000,0.000000000,0.000000000
330,6599.981,1786752178656.076,29136578.476,0.000000000,0.000000000,0.000000000,0.000000000
331,6619.976,1786752178676.071,29136598.471,0.000000000,0.000000000,0.000000000,0.000000000
332,6639.977,1786752178696.072,29136618.472,0.000000000,0.000000000,0.000000000,0.000000000
333,6659.982,1786752178716.076,29136638.477,0.000000000,0.000000000,0.000000000,0.000000000
334,6679.983,1786752178736.078,29136658.478,0.000000000,0.000000000,0.000000000,0.000000000
335,6699.980,1786752178756.075,29136678.475,0.000000000,0.000000000,0.000000000,0.000000000
336,6719.985,1786752178776.079,29136698.480,0.000000000,0.000000000,0.000000000,0.000000000
337,6739.980,1786752178796.075,29136718.475,0.000000000,0.000000000,0.000000000,0.000000000
338,6759.981,1786752178816.075,29136738.475,0.000000000,0.000000000,0.000000000,0.000000000
339,6779.978,1786752178836.072,29136758.473,0.000000000,0.000000000,0.000000000,0.000000000
340,6799.978,1786752178856.073,29136778.473,0.000000000,0.000000000,0.000000000,0.000000000
341,6819.979,1786752178876.073,29136798.474,0.000000000,0.000000000,0.000000000,0.000000000
342,6839.980,1786752178896.074,29136818.474,0.000000000,0.000000000,0.000000000,0.000000000
343,6859.986,1786752178916.081,29136838.481,0.000000000,0.000000000,0.000000000,0.000000000
344,6879.976,1786752178936.070,29136858.471,0.000000000,0.000000000,0.000000000,0.000000000
345,6899.973,1786752178956.068,29136878.468,0.000000000,0.000000000,0.000000000,0.000000000
346,6919.982,1786752178976.077,29136898.477,0.000000000,0.000000000,0.000000000,0.000000000
347,6939.974,1786752178996.069,29136918.469,0.000000000,0.000000000,0.000000000,0.000000000
348,6959.970,1786752179016.064,29136938.465,0.000000000,0.000000000,0.000000000,0.000000000
349,6979.977,1786752179036.072,29136958.472,0.000000000,0.000000000,0.000000000,0.000000000
350,6999.980,1786752179056.075,29136978.475,0.000000000,0.000000000,0.000000000,0.000000000
351,7019.977,1786752179076.072,29136998.472,0.000000000,0.000000000,0.000000000,0.000000000
352,7039.976,1786752179096.071,29137018.471,0.000000000,0.000000000,0.000000000,0.000000000
353,7059.976,1786752179116.070,29137038.470,0.000000000,0.000000000,0.000000000,0.000000000
354,7079.981,1786752179136.075,29137058.475,0.000000000,0.000000000,0.000000000,0.000000000
355,7099.994,1786752179156.088,29137078.489,0.000000000,0.000000000,0.000000000,0.000000000
356,7119.992,1786752179176.086,29137098.487,0.000000000,0.000000000,0.000000000,0.000000000
357,7139.983,1786752179196.077,29137118.477,0.000000000,0.000000000,0.000000000,0.000000000
358,7159.982,1786752179216.076,29137138.476,0.000000000,0.000000000,0.000000000,0.000000000
359,7179.977,1786752179236.071,29137158.471,0.000000000,0.000000000,0.000000000,0.000000000
360,7199.976,1786752179256.071,29137178.471,0.000000000,0.000000000,0.000000000,0.000000000
361,7219.979,1786752179276.074,29137198.474,0.000000000,0.000000000,0.000000000,0.000000000
362,7239.979,1786752179296.074,29137218.474,0.000000000,0.000000000,0.000000000,0.000000000
363,7259.975,1786752179316.070,29137238.470,0.000000000,0.000000000,0.000000000,0.000000000
364,7279.974,1786752179336.069,29137258.469,0.000000000,0.000000000,0.000000000,0.000000000
365,7299.974,1786752179356.069,29137278.469,0.000000000,0.000000000,0.000000000,0.000000000
366,7319.979,1786752179376.073,29137298.473,0.000000000,0.000000000,0.000000000,0.000000000
367,7339.989,1786752179396.083,29137318.483,0.000000000,0.000000000,0.000000000,0.000000000
368,7359.978,1786752179416.073,29137338.473,0.000000000,0.000000000,0.000000000,0.000000000
369,7379.978,1786752179436.073,29137358.473,0.000000000,0.000000000,0.000000000,0.000000000
370,7399.970,1786752179456.064,29137378.465,0.000000000,0.000000000,0.000000000,0.000000000
371,7419.973,1786752179476.068,29137398.468,0.000000000,0.000000000,0.000000000,0.000000000
372,7439.978,1786752179496.073,29137418.473,0.000000000,0.000000000,0.000000000,0.000000000
373,7459.978,1786752179516.073,29137438.473,0.000000000,0.000000000,0.000000000,0.000000000
374,7479.976,1786752179536.071,29137458.471,0.000000000,0.000000000,0.000000000,0.000000000
375,7499.976,1786752179556.070,29137478.470,0.000000000,0.000000000,0.000000000,0.000000000
376,7519.976,1786752179576.071,29137498.471,0.000000000,0.000000000,0.000000000,0.000000000
377,7539.980,1786752179596.075,29137518.475,0.000000000,0.000000000,0.000000000,0.000000000
378,7559.985,1786752179616.080,29137538.480,0.000000000,0.000000000,0.000000000,0.000000000
379,7579.977,1786752179636.072,29137558.472,0.000000000,0.000000000,0.000000000,0.000000000
380,7599.977,1786752179656.071,29137578.472,0.000000000,0.000000000,0.000000000,0.000000000
381,7619.969,1786752179676.063,29137598.463,0.000000000,0.000000000,0.000000000,0.000000000
382,7639.970,1786752179696.064,29137618.465,0.000000000,0.000000000,0.000000000,0.000000000
383,7659.969,1786752179716.064,29137638.464,0.000000000,0.000000000,0.000000000,0.000000000
384,7679.969,1786752179736.063,29137658.464,0.000000000,0.000000000,0.000000000,0.000000000
385,7699.970,1786752179756.065,29137678.465,0.000000000,0.000000000,0.000000000,0.000000000
386,7719.970,1786752179776.064,29137698.464,0.000000000,0.000000000,0.000000000,0.000000000
387,7739.969,1786752179796.064,29137718.464,0.000000000,0.000000000,0.000000000,0.000000000
388,7759.976,1786752179816.071,29137738.471,0.000000000,0.000000000,0.000000000,0.000000000
389,7779.983,1786752179836.078,29137758.478,0.000000000,0.000000000,0.000000000,0.000000000
390,7799.974,1786752179856.069,29137778.469,0.000000000,0.000000000,0.000000000,0.000000000
391,7819.974,1786752179876.069,29137798.469,0.000000000,0.000000000,0.000000000,0.000000000
392,7839.970,1786752179896.065,29137818.465,0.000000000,0.000000000,0.000000000,0.000000000
393,7859.983,1786752179916.077,29137838.477,0.000000000,0.000000000,0.000000000,0.000000000
394,7879.978,1786752179936.072,29137858.472,0.000000000,0.000000000,0.000000000,0.000000000
395,7899.981,1786752179956.076,29137878.476,0.000000000,0.000000000,0.000000000,0.000000000
396,7919.982,1786752179976.076,29137898.476,0.000000000,0.000000000,0.000000000,0.000000000
397,7939.981,1786752179996.076,29137918.476,0.000000000,0.000000000,0.000000000,0.000000000
398,7959.977,1786752180016.072,29137938.472,0.000000000,0.000000000,0.000000000,0.000000000
399,7979.977,1786752180036.072,29137958.472,0.000000000,0.000000000,0.000000000,0.000000000
400,7999.983,1786752180056.078,29137978.478,0.000000000,0.000000000,0.000000000,0.000000000
