index,time_ms,time_realtime_ms,time_monotonic_ms,ros_timestamp,motion_name
0,0.000,1786879788149.489,14575967.424,0.000000000,"s_batido_v8_landing_sonic"
1,19.991,1786879788169.480,14575987.415,0.000000000,"s_batido_v8_landing_sonic"
2,39.991,1786879788189.480,14576007.415,0.000000000,"s_batido_v8_landing_sonic"
3,59.988,1786879788209.477,14576027.412,0.000000000,"s_batido_v8_landing_sonic"
4,79.988,1786879788229.477,14576047.412,0.000000000,"s_batido_v8_landing_sonic"
5,99.990,1786879788249.479,14576067.414,0.000000000,"s_batido_v8_landing_sonic"
6,119.989,1786879788269.478,14576087.413,0.000000000,"s_batido_v8_landing_sonic"
7,139.988,1786879788289.478,14576107.412,0.000000000,"s_batido_v8_landing_sonic"
8,159.988,1786879788309.478,14576127.412,0.000000000,"s_batido_v8_landing_sonic"
9,179.994,1786879788329.483,14576147.418,0.000000000,"s_batido_v8_landing_sonic"
10,199.994,1786879788349.483,14576167.418,0.000000000,"s_batido_v8_landing_sonic"
11,219.993,1786879788369.482,14576187.417,0.000000000,"s_batido_v8_landing_sonic"
12,239.990,1786879788389.479,14576207.414,0.000000000,"s_batido_v8_landing_sonic"
13,259.990,1786879788409.479,14576227.414,0.000000000,"s_batido_v8_landing_sonic"
14,279.990,1786879788429.479,14576247.414,0.000000000,"s_batido_v8_landing_sonic"
15,299.989,1786879788449.479,14576267.413,0.000000000,"s_batido_v8_landing_sonic"
16,319.989,1786879788469.478,14576287.413,0.000000000,"s_batido_v8_landing_sonic"
17,339.989,1786879788489.479,14576307.413,0.000000000,"s_batido_v8_landing_sonic"
18,359.993,1786879788509.482,14576327.417,0.000000000,"s_batido_v8_landing_sonic"
19,379.993,1786879788529.482,14576347.417,0.000000000,"s_batido_v8_landing_sonic"
20,399.991,1786879788549.480,14576367.415,0.000000000,"s_batido_v8_landing_sonic"
21,419.992,1786879788569.481,14576387.416,0.000000000,"s_batido_v8_landing_sonic"
22,439.991,1786879788589.480,14576407.415,0.000000000,"s_batido_v8_landing_sonic"
23,459.990,1786879788609.479,14576427.414,0.000000000,"s_batido_v8_landing_sonic"
24,479.991,1786879788629.480,14576447.415,0.000000000,"s_batido_v8_landing_sonic"
25,499.990,1786879788649.479,14576467.414,0.000000000,"s_batido_v8_landing_sonic"
26,519.989,1786879788669.478,14576487.413,0.000000000,"s_batido_v8_landing_sonic"
27,539.990,1786879788689.479,14576507.414,0.000000000,"s_batido_v8_landing_sonic"
28,559.989,1786879788709.478,14576527.413,0.000000000,"s_batido_v8_landing_sonic"
29,579.993,1786879788729.481,14576547.416,0.000000000,"s_batido_v8_landing_sonic"
30,599.991,1786879788749.479,14576567.415,0.000000000,"s_batido_v8_landing_sonic"
31,619.992,1786879788769.481,14576587.416,0.000000000,"s_batido_v8_landing_sonic"
32,639.990,1786879788789.479,14576607.414,0.000000000,"s_batido_v8_landing_sonic"
33,659.991,1786879788809.479,14576627.415,0.000000000,"s_batido_v8_landing_sonic"
34,679.991,1786879788829.480,14576647.415,0.000000000,"s_batido_v8_landing_sonic"
35,699.989,1786879788849.478,14576667.413,0.000000000,"s_batido_v8_landing_sonic"
36,719.989,1786879788869.479,14576687.413,0.000000000,"s_batido_v8_landing_sonic"
37,739.988,1786879788889.477,14576707.412,0.000000000,"s_batido_v8_landing_sonic"
38,759.992,1786879788909.481,14576727.416,0.000000000,"s_batido_v8_landing_sonic"
39,779.992,1786879788929.481,14576747.416,0.000000000,"s_batido_v8_landing_sonic"
40,799.990,1786879788949.479,14576767.414,0.000000000,"s_batido_v8_landing_sonic"
41,819.990,1786879788969.479,14576787.414,0.000000000,"s_batido_v8_landing_sonic"
42,839.989,1786879788989.478,14576807.413,0.000000000,"s_batido_v8_landing_sonic"
43,859.989,1786879789009.478,14576827.413,0.000000000,"s_batido_v8_landing_sonic"
44,879.988,1786879789029.477,14576847.412,0.000000000,"s_batido_v8_landing_sonic"
45,899.991,1786879789049.480,14576867.415,0.000000000,"s_batido_v8_landing_sonic"
46,919.996,1786879789069.485,14576887.420,0.000000000,"s_batido_v8_landing_sonic"
47,939.992,1786879789089.481,14576907.416,0.000000000,"s_batido_v8_landing_sonic"
48,959.992,1786879789109.481,14576927.416,0.000000000,"s_batido_v8_landing_sonic"
49,979.991,1786879789129.480,14576947.415,0.000000000,"s_batido_v8_landing_sonic"
50,999.990,1786879789149.479,14576967.414,0.000000000,"s_batido_v8_landing_sonic"
51,1019.989,1786879789169.478,14576987.413,0.000000000,"s_batido_v8_landing_sonic"
52,1039.989,1786879789189.478,14577007.413,0.000000000,"s_batido_v8_landing_sonic"
53,1059.989,1786879789209.478,14577027.413,0.000000000,"s_batido_v8_landing_sonic"
54,1079.992,1786879789229.481,14577047.416,0.000000000,"s_batido_v8_landing_sonic"
55,1099.992,1786879789249.481,14577067.416,0.000000000,"s_batido_v8_landing_sonic"
56,1119.993,1786879789269.482,14577087.417,0.000000000,"s_batido_v8_landing_sonic"
57,1139.991,1786879789289.480,14577107.415,0.000000000,"s_batido_v8_landing_sonic"
58,1159.990,1786879789309.479,14577127.414,0.000000000,"s_batido_v8_landing_sonic"
59,1179.991,1786879789329.479,14577147.415,0.000000000,"s_batido_v8_landing_sonic"
60,1199.990,1786879789349.479,14577167.414,0.000000000,"s_batido_v8_landing_sonic"
61,1219.990,1786879789369.479,14577187.414,0.000000000,"s_batido_v8_landing_sonic"
62,1239.989,1786879789389.478,14577207.413,0.000000000,"s_batido_v8_landing_sonic"
63,1259.992,1786879789409.481,14577227.416,0.000000000,"s_batido_v8_landing_sonic"
64,1279.991,1786879789429.480,14577247.415,0.000000000,"s_batido_v8_landing_sonic"
65,1299.990,1786879789449.479,14577267.414,0.000000000,"s_batido_v8_landing_sonic"
66,1319.990,1786879789469.479,14577287.414,0.000000000,"s_batido_v8_landing_sonic"
67,1339.989,1786879789489.478,14577307.413,0.000000000,"s_batido_v8_landing_sonic"
68,1359.989,1786879789509.478,14577327.413,0.000000000,"s_batido_v8_landing_sonic"
69,1379.989,1786879789529.478,14577347.413,0.000000000,"s_batido_v8_landing_sonic"
70,1399.993,1786879789549.482,14577367.417,0.000000000,"s_batido_v8_landing_sonic"
71,1419.993,1786879789569.482,14577387.417,0.000000000,"s_batido_v8_landing_sonic"
72,1439.990,1786879789589.479,14577407.414,0.000000000,"s_batido_v8_landing_sonic"
73,1459.990,1786879789609.479,14577427.414,0.000000000,"s_batido_v8_landing_sonic"
74,1479.989,1786879789629.478,14577447.413,0.000000000,"s_batido_v8_landing_sonic"
75,1499.993,1786879789649.482,14577467.417,0.000000000,"s_batido_v8_landing_sonic"
76,1519.992,1786879789669.481,14577487.416,0.000000000,"s_batido_v8_landing_sonic"
77,1540.241,1786879789689.730,14577507.665,0.000000000,"s_batido_v8_landing_sonic"
78,1559.989,1786879789709.478,14577527.413,0.000000000,"s_batido_v8_landing_sonic"
79,1579.995,1786879789729.484,14577547.419,0.000000000,"s_batido_v8_landing_sonic"
80,1599.995,1786879789749.483,14577567.418,0.000000000,"s_batido_v8_landing_sonic"
81,1619.990,1786879789769.479,14577587.414,0.000000000,"s_batido_v8_landing_sonic"
82,1639.987,1786879789789.477,14577607.411,0.000000000,"s_batido_v8_landing_sonic"
83,1659.990,1786879789809.479,14577627.414,0.000000000,"s_batido_v8_landing_sonic"
84,1680.028,1786879789829.516,14577647.452,0.000000000,"s_batido_v8_landing_sonic"
85,1700.022,1786879789849.511,14577667.446,0.000000000,"s_batido_v8_landing_sonic"
86,1720.030,1786879789869.519,14577687.454,0.000000000,"s_batido_v8_landing_sonic"
87,1740.079,1786879789889.568,14577707.503,0.000000000,"s_batido_v8_landing_sonic"
88,1759.991,1786879789909.480,14577727.415,0.000000000,"s_batido_v8_landing_sonic"
89,1780.026,1786879789929.515,14577747.450,0.000000000,"s_batido_v8_landing_sonic"
90,1800.022,1786879789949.511,14577767.446,0.000000000,"s_batido_v8_landing_sonic"
91,1820.033,1786879789969.522,14577787.457,0.000000000,"s_batido_v8_landing_sonic"
92,1840.032,1786879789989.521,14577807.455,0.000000000,"s_batido_v8_landing_sonic"
93,1860.030,1786879790009.519,14577827.454,0.000000000,"s_batido_v8_landing_sonic"
94,1880.027,1786879790029.516,14577847.451,0.000000000,"s_batido_v8_landing_sonic"
95,1899.990,1786879790049.479,14577867.414,0.000000000,"s_batido_v8_landing_sonic"
96,1920.027,1786879790069.516,14577887.451,0.000000000,"s_batido_v8_landing_sonic"
97,1940.027,1786879790089.515,14577907.451,0.000000000,"s_batido_v8_landing_sonic"
98,1960.026,1786879790109.515,14577927.450,0.000000000,"s_batido_v8_landing_sonic"
99,1980.027,1786879790129.516,14577947.451,0.000000000,"s_batido_v8_landing_sonic"
100,2000.021,1786879790149.510,14577967.445,0.000000000,"s_batido_v8_landing_sonic"
101,2020.026,1786879790169.515,14577987.450,0.000000000,"s_batido_v8_landing_sonic"
102,2040.029,1786879790189.518,14578007.453,0.000000000,"s_batido_v8_landing_sonic"
103,2060.025,1786879790209.514,14578027.449,0.000000000,"s_batido_v8_landing_sonic"
104,2080.026,1786879790229.515,14578047.450,0.000000000,"s_batido_v8_landing_sonic"
105,2100.019,1786879790249.508,14578067.443,0.000000000,"s_batido_v8_landing_sonic"
106,2120.024,1786879790269.513,14578087.448,0.000000000,"s_batido_v8_landing_sonic"
107,2140.023,1786879790289.512,14578107.447,0.000000000,"s_batido_v8_landing_sonic"
108,2160.024,1786879790309.513,14578127.448,0.000000000,"s_batido_v8_landing_sonic"
109,2180.061,1786879790329.550,14578147.485,0.000000000,"s_batido_v8_landing_sonic"
110,2200.021,1786879790349.510,14578167.445,0.000000000,"s_batido_v8_landing_sonic"
111,2219.992,1786879790369.481,14578187.416,0.000000000,"s_batido_v8_landing_sonic"
112,2239.990,1786879790389.479,14578207.414,0.000000000,"s_batido_v8_landing_sonic"
113,2259.989,1786879790409.478,14578227.413,0.000000000,"s_batido_v8_landing_sonic"
114,2279.988,1786879790429.477,14578247.412,0.000000000,"s_batido_v8_landing_sonic"
115,2299.989,1786879790449.478,14578267.413,0.000000000,"s_batido_v8_landing_sonic"
116,2319.990,1786879790469.479,14578287.414,0.000000000,"s_batido_v8_landing_sonic"
117,2339.991,1786879790489.479,14578307.414,0.000000000,"s_batido_v8_landing_sonic"
118,2359.988,1786879790509.477,14578327.411,0.000000000,"s_batido_v8_landing_sonic"
119,2380.025,1786879790529.514,14578347.449,0.000000000,"s_batido_v8_landing_sonic"
120,2400.018,1786879790549.507,14578367.442,0.000000000,"s_batido_v8_landing_sonic"
121,2420.002,1786879790569.491,14578387.426,0.000000000,"s_batido_v8_landing_sonic"
122,2440.027,1786879790589.516,14578407.451,0.000000000,"s_batido_v8_landing_sonic"
123,2460.025,1786879790609.514,14578427.449,0.000000000,"s_batido_v8_landing_sonic"
124,2480.028,1786879790629.518,14578447.452,0.000000000,"s_batido_v8_landing_sonic"
125,2500.020,1786879790649.509,14578467.444,0.000000000,"s_batido_v8_landing_sonic"
126,2520.031,1786879790669.520,14578487.455,0.000000000,"s_batido_v8_landing_sonic"
127,2540.027,1786879790689.516,14578507.451,0.000000000,"s_batido_v8_landing_sonic"
128,2560.025,1786879790709.514,14578527.449,0.000000000,"s_batido_v8_landing_sonic"
129,2580.035,1786879790729.524,14578547.459,0.000000000,"s_batido_v8_landing_sonic"
130,2600.019,1786879790749.508,14578567.443,0.000000000,"s_batido_v8_landing_sonic"
131,2620.133,1786879790769.622,14578587.557,0.000000000,"s_batido_v8_landing_sonic"
132,2640.001,1786879790789.490,14578607.425,0.000000000,"s_batido_v8_landing_sonic"
133,2660.030,1786879790809.519,14578627.454,0.000000000,"s_batido_v8_landing_sonic"
134,2680.027,1786879790829.516,14578647.451,0.000000000,"s_batido_v8_landing_sonic"
135,2700.022,1786879790849.511,14578667.446,0.000000000,"s_batido_v8_landing_sonic"
136,2720.035,1786879790869.524,14578687.459,0.000000000,"s_batido_v8_landing_sonic"
137,2740.028,1786879790889.517,14578707.452,0.000000000,"s_batido_v8_landing_sonic"
138,2760.004,1786879790909.493,14578727.428,0.000000000,"s_batido_v8_landing_sonic"
139,2780.026,1786879790929.515,14578747.450,0.000000000,"s_batido_v8_landing_sonic"
140,2799.992,1786879790949.481,14578767.416,0.000000000,"s_batido_v8_landing_sonic"
141,2820.026,1786879790969.515,14578787.450,0.000000000,"s_batido_v8_landing_sonic"
142,2840.028,1786879790989.517,14578807.452,0.000000000,"s_batido_v8_landing_sonic"
143,2860.027,1786879791009.516,14578827.451,0.000000000,"s_batido_v8_landing_sonic"
144,2879.998,1786879791029.487,14578847.422,0.000000000,"s_batido_v8_landing_sonic"
145,2899.989,1786879791049.478,14578867.413,0.000000000,"s_batido_v8_landing_sonic"
146,2919.988,1786879791069.477,14578887.412,0.000000000,"s_batido_v8_landing_sonic"
147,2939.988,1786879791089.477,14578907.411,0.000000000,"s_batido_v8_landing_sonic"
148,2959.987,1786879791109.476,14578927.411,0.000000000,"s_batido_v8_landing_sonic"
149,2979.989,1786879791129.478,14578947.413,0.000000000,"s_batido_v8_landing_sonic"
150,2999.987,1786879791149.476,14578967.411,0.000000000,"s_batido_v8_landing_sonic"
151,3019.989,1786879791169.478,14578987.413,0.000000000,"s_batido_v8_landing_sonic"
152,3039.988,1786879791189.477,14579007.412,0.000000000,"s_batido_v8_landing_sonic"
153,3059.988,1786879791209.477,14579027.412,0.000000000,"s_batido_v8_landing_sonic"
154,3079.988,1786879791229.477,14579047.412,0.000000000,"s_batido_v8_landing_sonic"
155,3100.023,1786879791249.512,14579067.446,0.000000000,"s_batido_v8_landing_sonic"
156,3120.027,1786879791269.516,14579087.451,0.000000000,"s_batido_v8_landing_sonic"
157,3140.028,1786879791289.518,14579107.452,0.000000000,"s_batido_v8_landing_sonic"
158,3160.027,1786879791309.516,14579127.451,0.000000000,"s_batido_v8_landing_sonic"
159,3179.998,1786879791329.487,14579147.422,0.000000000,"s_batido_v8_landing_sonic"
160,3199.990,1786879791349.479,14579167.413,0.000000000,"s_batido_v8_landing_sonic"
161,3219.990,1786879791369.479,14579187.414,0.000000000,"s_batido_v8_landing_sonic"
162,3239.991,1786879791389.480,14579207.415,0.000000000,"s_batido_v8_landing_sonic"
163,3259.989,1786879791409.478,14579227.413,0.000000000,"s_batido_v8_landing_sonic"
164,3279.988,1786879791429.477,14579247.412,0.000000000,"s_batido_v8_landing_sonic"
165,3299.988,1786879791449.477,14579267.412,0.000000000,"s_batido_v8_landing_sonic"
166,3319.989,1786879791469.478,14579287.413,0.000000000,"s_batido_v8_landing_sonic"
167,3340.023,1786879791489.512,14579307.447,0.000000000,"s_batido_v8_landing_sonic"
168,3360.003,1786879791509.492,14579327.427,0.000000000,"s_batido_v8_landing_sonic"
169,3379.990,1786879791529.479,14579347.414,0.000000000,"s_batido_v8_landing_sonic"
170,3399.988,1786879791549.477,14579367.412,0.000000000,"s_batido_v8_landing_sonic"
171,3419.987,1786879791569.476,14579387.411,0.000000000,"s_batido_v8_landing_sonic"
172,3439.987,1786879791589.477,14579407.411,0.000000000,"s_batido_v8_landing_sonic"
173,3459.990,1786879791609.479,14579427.414,0.000000000,"s_batido_v8_landing_sonic"
174,3479.989,1786879791629.478,14579447.413,0.000000000,"s_batido_v8_landing_sonic"
175,3499.990,1786879791649.479,14579467.414,0.000000000,"s_batido_v8_landing_sonic"
176,3519.987,1786879791669.476,14579487.411,0.000000000,"s_batido_v8_landing_sonic"
177,3539.989,1786879791689.479,14579507.413,0.000000000,"s_batido_v8_landing_sonic"
178,3559.989,1786879791709.478,14579527.413,0.000000000,"s_batido_v8_landing_sonic"
179,3579.988,1786879791729.477,14579547.412,0.000000000,"s_batido_v8_landing_sonic"
180,3599.990,1786879791749.479,14579567.414,0.000000000,"s_batido_v8_landing_sonic"
181,3620.003,1786879791769.492,14579587.427,0.000000000,"s_batido_v8_landing_sonic"
182,3639.999,1786879791789.489,14579607.423,0.000000000,"s_batido_v8_landing_sonic"
183,3659.990,1786879791809.479,14579627.414,0.000000000,"s_batido_v8_landing_sonic"
184,3680.024,1786879791829.513,14579647.448,0.000000000,"s_batido_v8_landing_sonic"
185,3700.021,1786879791849.510,14579667.445,0.000000000,"s_batido_v8_landing_sonic"
186,3720.032,1786879791869.521,14579687.456,0.000000000,"s_batido_v8_landing_sonic"
187,3740.027,1786879791889.516,14579707.451,0.000000000,"s_batido_v8_landing_sonic"
188,3760.041,1786879791909.530,14579727.465,0.000000000,"s_batido_v8_landing_sonic"
189,3780.029,1786879791929.518,14579747.453,0.000000000,"s_batido_v8_landing_sonic"
190,3800.023,1786879791949.512,14579767.447,0.000000000,"s_batido_v8_landing_sonic"
191,3820.035,1786879791969.524,14579787.459,0.000000000,"s_batido_v8_landing_sonic"
192,3840.027,1786879791989.515,14579807.451,0.000000000,"s_batido_v8_landing_sonic"
193,3860.026,1786879792009.515,14579827.450,0.000000000,"s_batido_v8_landing_sonic"
194,3880.027,1786879792029.516,14579847.451,0.000000000,"s_batido_v8_landing_sonic"
195,3900.027,1786879792049.516,14579867.451,0.000000000,"s_batido_v8_landing_sonic"
196,3920.031,1786879792069.520,14579887.455,0.000000000,"s_batido_v8_landing_sonic"
197,3940.028,1786879792089.517,14579907.452,0.000000000,"s_batido_v8_landing_sonic"
198,3960.026,1786879792109.515,14579927.450,0.000000000,"s_batido_v8_landing_sonic"
199,3980.025,1786879792129.514,14579947.449,0.000000000,"s_batido_v8_landing_sonic"
200,4000.020,1786879792149.510,14579967.444,0.000000000,"s_batido_v8_landing_sonic"
201,4020.025,1786879792169.514,14579987.449,0.000000000,"s_batido_v8_landing_sonic"
202,4040.025,1786879792189.514,14580007.449,0.000000000,"s_batido_v8_landing_sonic"
203,4060.004,1786879792209.493,14580027.428,0.000000000,"s_batido_v8_landing_sonic"
204,4080.029,1786879792229.518,14580047.453,0.000000000,"s_batido_v8_landing_sonic"
205,4099.992,1786879792249.481,14580067.416,0.000000000,"s_batido_v8_landing_sonic"
206,4120.025,1786879792269.514,14580087.449,0.000000000,"s_batido_v8_landing_sonic"
207,4140.025,1786879792289.514,14580107.449,0.000000000,"s_batido_v8_landing_sonic"
208,4160.026,1786879792309.515,14580127.450,0.000000000,"s_batido_v8_landing_sonic"
209,4180.027,1786879792329.515,14580147.450,0.000000000,"s_batido_v8_landing_sonic"
210,4200.020,1786879792349.509,14580167.444,0.000000000,"s_batido_v8_landing_sonic"
211,4220.027,1786879792369.516,14580187.451,0.000000000,"s_batido_v8_landing_sonic"
212,4240.030,1786879792389.519,14580207.454,0.000000000,"s_batido_v8_landing_sonic"
213,4260.027,1786879792409.516,14580227.451,0.000000000,"s_batido_v8_landing_sonic"
214,4280.025,1786879792429.514,14580247.449,0.000000000,"s_batido_v8_landing_sonic"
215,4299.990,1786879792449.479,14580267.414,0.000000000,"s_batido_v8_landing_sonic"
216,4320.034,1786879792469.523,14580287.458,0.000000000,"s_batido_v8_landing_sonic"
217,4340.025,1786879792489.514,14580307.449,0.000000000,"s_batido_v8_landing_sonic"
218,4360.025,1786879792509.514,14580327.449,0.000000000,"s_batido_v8_landing_sonic"
219,4379.991,1786879792529.480,14580347.415,0.000000000,"s_batido_v8_landing_sonic"
220,4400.018,1786879792549.507,14580367.442,0.000000000,"s_batido_v8_landing_sonic"
221,4420.000,1786879792569.489,14580387.424,0.000000000,"s_batido_v8_landing_sonic"
222,4440.026,1786879792589.515,14580407.450,0.000000000,"s_batido_v8_landing_sonic"
223,4460.023,1786879792609.512,14580427.447,0.000000000,"s_batido_v8_landing_sonic"
224,4480.004,1786879792629.493,14580447.428,0.000000000,"s_batido_v8_landing_sonic"
225,4499.991,1786879792649.480,14580467.415,0.000000000,"s_batido_v8_landing_sonic"
226,4520.024,1786879792669.513,14580487.448,0.000000000,"s_batido_v8_landing_sonic"
227,4539.994,1786879792689.483,14580507.418,0.000000000,"s_batido_v8_landing_sonic"
228,4559.989,1786879792709.478,14580527.413,0.000000000,"s_batido_v8_landing_sonic"
229,4579.989,1786879792729.478,14580547.413,0.000000000,"s_batido_v8_landing_sonic"
230,4600.017,1786879792749.506,14580567.441,0.000000000,"s_batido_v8_landing_sonic"
231,4620.024,1786879792769.513,14580587.448,0.000000000,"s_batido_v8_landing_sonic"
232,4640.003,1786879792789.492,14580607.427,0.000000000,"s_batido_v8_landing_sonic"
233,4660.044,1786879792809.533,14580627.468,0.000000000,"s_batido_v8_landing_sonic"
234,4680.028,1786879792829.517,14580647.452,0.000000000,"s_batido_v8_landing_sonic"
235,4699.991,1786879792849.479,14580667.414,0.000000000,"s_batido_v8_landing_sonic"
236,4720.026,1786879792869.514,14580687.450,0.000000000,"s_batido_v8_landing_sonic"
237,4740.090,1786879792889.579,14580707.514,0.000000000,"s_batido_v8_landing_sonic"
238,4760.026,1786879792909.515,14580727.450,0.000000000,"s_batido_v8_landing_sonic"
239,4779.996,1786879792929.485,14580747.420,0.000000000,"s_batido_v8_landing_sonic"
240,4800.024,1786879792949.513,14580767.448,0.000000000,"s_batido_v8_landing_sonic"
241,4820.023,1786879792969.512,14580787.447,0.000000000,"s_batido_v8_landing_sonic"
242,4840.031,1786879792989.520,14580807.455,0.000000000,"s_batido_v8_landing_sonic"
243,4860.024,1786879793009.513,14580827.448,0.000000000,"s_batido_v8_landing_sonic"
244,4880.025,1786879793029.514,14580847.449,0.000000000,"s_batido_v8_landing_sonic"
245,4899.990,1786879793049.479,14580867.414,0.000000000,"s_batido_v8_landing_sonic"
246,4920.025,1786879793069.514,14580887.449,0.000000000,"s_batido_v8_landing_sonic"
247,4940.025,1786879793089.514,14580907.449,0.000000000,"s_batido_v8_landing_sonic"
248,4959.993,1786879793109.482,14580927.417,0.000000000,"s_batido_v8_landing_sonic"
249,4980.023,1786879793129.512,14580947.447,0.000000000,"s_batido_v8_landing_sonic"
250,5000.018,1786879793149.507,14580967.442,0.000000000,"s_batido_v8_landing_sonic"
251,5020.023,1786879793169.512,14580987.447,0.000000000,"s_batido_v8_landing_sonic"
252,5040.022,1786879793189.511,14581007.446,0.000000000,"s_batido_v8_landing_sonic"
253,5060.028,1786879793209.517,14581027.452,0.000000000,"s_batido_v8_landing_sonic"
254,5080.027,1786879793229.516,14581047.451,0.000000000,"s_batido_v8_landing_sonic"
255,5100.019,1786879793249.508,14581067.443,0.000000000,"s_batido_v8_landing_sonic"
256,5120.025,1786879793269.514,14581087.448,0.000000000,"s_batido_v8_landing_sonic"
257,5140.024,1786879793289.513,14581107.448,0.000000000,"s_batido_v8_landing_sonic"
258,5159.990,1786879793309.479,14581127.414,0.000000000,"s_batido_v8_landing_sonic"
259,5180.025,1786879793329.514,14581147.449,0.000000000,"s_batido_v8_landing_sonic"
260,5200.019,1786879793349.508,14581167.443,0.000000000,"s_batido_v8_landing_sonic"
261,5220.089,1786879793369.578,14581187.513,0.000000000,"s_batido_v8_landing_sonic"
262,5240.027,1786879793389.516,14581207.451,0.000000000,"s_batido_v8_landing_sonic"
263,5260.025,1786879793409.514,14581227.449,0.000000000,"s_batido_v8_landing_sonic"
264,5280.002,1786879793429.491,14581247.426,0.000000000,"s_batido_v8_landing_sonic"
265,5300.022,1786879793449.510,14581267.445,0.000000000,"s_batido_v8_landing_sonic"
266,5320.027,1786879793469.516,14581287.451,0.000000000,"s_batido_v8_landing_sonic"
267,5340.028,1786879793489.517,14581307.452,0.000000000,"s_batido_v8_landing_sonic"
268,5360.026,1786879793509.515,14581327.450,0.000000000,"s_batido_v8_landing_sonic"
269,5380.038,1786879793529.526,14581347.462,0.000000000,"s_batido_v8_landing_sonic"
270,5399.990,1786879793549.479,14581367.414,0.000000000,"s_batido_v8_landing_sonic"
271,5420.004,1786879793569.493,14581387.428,0.000000000,"s_batido_v8_landing_sonic"
272,5440.023,1786879793589.512,14581407.447,0.000000000,"s_batido_v8_landing_sonic"
273,5460.024,1786879793609.513,14581427.448,0.000000000,"s_batido_v8_landing_sonic"
274,5480.024,1786879793629.513,14581447.448,0.000000000,"s_batido_v8_landing_sonic"
275,5500.005,1786879793649.494,14581467.429,0.000000000,"s_batido_v8_landing_sonic"
276,5520.024,1786879793669.513,14581487.448,0.000000000,"s_batido_v8_landing_sonic"
277,5540.000,1786879793689.489,14581507.424,0.000000000,"s_batido_v8_landing_sonic"
278,5559.990,1786879793709.479,14581527.414,0.000000000,"s_batido_v8_landing_sonic"
279,5580.023,1786879793729.512,14581547.447,0.000000000,"s_batido_v8_landing_sonic"
280,5599.991,1786879793749.480,14581567.415,0.000000000,"s_batido_v8_landing_sonic"
281,5620.084,1786879793769.573,14581587.508,0.000000000,"s_batido_v8_landing_sonic"
282,5639.999,1786879793789.488,14581607.423,0.000000000,"s_batido_v8_landing_sonic"
283,5660.000,1786879793809.489,14581627.424,0.000000000,"s_batido_v8_landing_sonic"
284,5679.992,1786879793829.481,14581647.416,0.000000000,"s_batido_v8_landing_sonic"
285,5700.002,1786879793849.491,14581667.426,0.000000000,"s_batido_v8_landing_sonic"
286,5720.026,1786879793869.515,14581687.450,0.000000000,"s_batido_v8_landing_sonic"
287,5740.027,1786879793889.516,14581707.451,0.000000000,"s_batido_v8_landing_sonic"
288,5760.028,1786879793909.517,14581727.452,0.000000000,"s_batido_v8_landing_sonic"
289,5780.006,1786879793929.495,14581747.430,0.000000000,"s_batido_v8_landing_sonic"
290,5800.027,1786879793949.516,14581767.451,0.000000000,"s_batido_v8_landing_sonic"
291,5820.030,1786879793969.519,14581787.454,0.000000000,"s_batido_v8_landing_sonic"
292,5840.026,1786879793989.515,14581807.450,0.000000000,"s_batido_v8_landing_sonic"
293,5860.026,1786879794009.515,14581827.450,0.000000000,"s_batido_v8_landing_sonic"
294,5880.036,1786879794029.525,14581847.460,0.000000000,"s_batido_v8_landing_sonic"
295,5899.991,1786879794049.480,14581867.415,0.000000000,"s_batido_v8_landing_sonic"
296,5920.025,1786879794069.514,14581887.449,0.000000000,"s_batido_v8_landing_sonic"
297,5940.025,1786879794089.514,14581907.449,0.000000000,"s_batido_v8_landing_sonic"
298,5960.023,1786879794109.512,14581927.447,0.000000000,"s_batido_v8_landing_sonic"
299,5980.025,1786879794129.514,14581947.449,0.000000000,"s_batido_v8_landing_sonic"
300,6000.023,1786879794149.512,14581967.447,0.000000000,"s_batido_v8_landing_sonic"
301,6020.027,1786879794169.516,14581987.451,0.000000000,"s_batido_v8_landing_sonic"
302,6040.023,1786879794189.512,14582007.447,0.000000000,"s_batido_v8_landing_sonic"
303,6060.035,1786879794209.524,14582027.459,0.000000000,"s_batido_v8_landing_sonic"
304,6080.023,1786879794229.512,14582047.447,0.000000000,"s_batido_v8_landing_sonic"
305,6099.998,1786879794249.487,14582067.422,0.000000000,"s_batido_v8_landing_sonic"
306,6120.027,1786879794269.516,14582087.451,0.000000000,"s_batido_v8_landing_sonic"
307,6140.027,1786879794289.516,14582107.451,0.000000000,"s_batido_v8_landing_sonic"
308,6159.995,1786879794309.484,14582127.419,0.000000000,"s_batido_v8_landing_sonic"
309,6179.992,1786879794329.481,14582147.416,0.000000000,"s_batido_v8_landing_sonic"
310,6199.993,1786879794349.482,14582167.417,0.000000000,"s_batido_v8_landing_sonic"
311,6220.023,1786879794369.513,14582187.447,0.000000000,"s_batido_v8_landing_sonic"
312,6240.025,1786879794389.514,14582207.449,0.000000000,"s_batido_v8_landing_sonic"
313,6259.992,1786879794409.481,14582227.416,0.000000000,"s_batido_v8_landing_sonic"
314,6280.024,1786879794429.513,14582247.448,0.000000000,"s_batido_v8_landing_sonic"
315,6300.020,1786879794449.509,14582267.444,0.000000000,"s_batido_v8_landing_sonic"
316,6320.022,1786879794469.511,14582287.446,0.000000000,"s_batido_v8_landing_sonic"
317,6340.046,1786879794489.535,14582307.470,0.000000000,"s_batido_v8_landing_sonic"
318,6360.028,1786879794509.517,14582327.452,0.000000000,"s_batido_v8_landing_sonic"
319,6380.027,1786879794529.516,14582347.451,0.000000000,"s_batido_v8_landing_sonic"
320,6399.992,1786879794549.481,14582367.416,0.000000000,"s_batido_v8_landing_sonic"
321,6420.007,1786879794569.496,14582387.431,0.000000000,"s_batido_v8_landing_sonic"
322,6440.026,1786879794589.515,14582407.450,0.000000000,"s_batido_v8_landing_sonic"
323,6460.025,1786879794609.514,14582427.449,0.000000000,"s_batido_v8_landing_sonic"
324,6480.024,1786879794629.513,14582447.448,0.000000000,"s_batido_v8_landing_sonic"
325,6499.994,1786879794649.483,14582467.418,0.000000000,"s_batido_v8_landing_sonic"
326,6520.024,1786879794669.513,14582487.448,0.000000000,"s_batido_v8_landing_sonic"
327,6539.998,1786879794689.487,14582507.422,0.000000000,"s_batido_v8_landing_sonic"
328,6559.990,1786879794709.479,14582527.414,0.000000000,"s_batido_v8_landing_sonic"
329,6580.032,1786879794729.521,14582547.456,0.000000000,"s_batido_v8_landing_sonic"
330,6600.020,1786879794749.509,14582567.444,0.000000000,"s_batido_v8_landing_sonic"
331,6620.003,1786879794769.492,14582587.427,0.000000000,"s_batido_v8_landing_sonic"
332,6640.003,1786879794789.492,14582607.427,0.000000000,"s_batido_v8_landing_sonic"
333,6660.030,1786879794809.519,14582627.453,0.000000000,"s_batido_v8_landing_sonic"
334,6680.028,1786879794829.516,14582647.452,0.000000000,"s_batido_v8_landing_sonic"
335,6700.024,1786879794849.513,14582667.448,0.000000000,"s_batido_v8_landing_sonic"
336,6720.074,1786879794869.563,14582687.498,0.000000000,"s_batido_v8_landing_sonic"
337,6740.006,1786879794889.495,14582707.430,0.000000000,"s_batido_v8_landing_sonic"
338,6759.994,1786879794909.483,14582727.418,0.000000000,"s_batido_v8_landing_sonic"
339,6780.028,1786879794929.516,14582747.452,0.000000000,"s_batido_v8_landing_sonic"
340,6799.991,1786879794949.480,14582767.415,0.000000000,"s_batido_v8_landing_sonic"
341,6820.026,1786879794969.515,14582787.450,0.000000000,"s_batido_v8_landing_sonic"
342,6840.033,1786879794989.521,14582807.457,0.000000000,"s_batido_v8_landing_sonic"
343,6860.036,1786879795009.524,14582827.459,0.000000000,"s_batido_v8_landing_sonic"
344,6880.025,1786879795029.514,14582847.449,0.000000000,"s_batido_v8_landing_sonic"
345,6899.990,1786879795049.479,14582867.414,0.000000000,"s_batido_v8_landing_sonic"
346,6920.024,1786879795069.513,14582887.448,0.000000000,"s_batido_v8_landing_sonic"
347,6940.024,1786879795089.513,14582907.448,0.000000000,"s_batido_v8_landing_sonic"
348,6960.028,1786879795109.517,14582927.452,0.000000000,"s_batido_v8_landing_sonic"
349,6980.023,1786879795129.512,14582947.447,0.000000000,"s_batido_v8_landing_sonic"
350,7000.019,1786879795149.509,14582967.443,0.000000000,"s_batido_v8_landing_sonic"
351,7020.023,1786879795169.512,14582987.447,0.000000000,"s_batido_v8_landing_sonic"
352,7040.024,1786879795189.513,14583007.448,0.000000000,"s_batido_v8_landing_sonic"
353,7059.997,1786879795209.486,14583027.421,0.000000000,"s_batido_v8_landing_sonic"
354,7080.027,1786879795229.516,14583047.451,0.000000000,"s_batido_v8_landing_sonic"
355,7100.025,1786879795249.514,14583067.449,0.000000000,"s_batido_v8_landing_sonic"
356,7120.037,1786879795269.525,14583087.460,0.000000000,"s_batido_v8_landing_sonic"
357,7140.036,1786879795289.525,14583107.460,0.000000000,"s_batido_v8_landing_sonic"
358,7160.035,1786879795309.524,14583127.459,0.000000000,"s_batido_v8_landing_sonic"
359,7180.001,1786879795329.490,14583147.425,0.000000000,"s_batido_v8_landing_sonic"
360,7199.993,1786879795349.482,14583167.417,0.000000000,"s_batido_v8_landing_sonic"
361,7220.031,1786879795369.520,14583187.455,0.000000000,"s_batido_v8_landing_sonic"
362,7240.025,1786879795389.514,14583207.449,0.000000000,"s_batido_v8_landing_sonic"
363,7259.992,1786879795409.481,14583227.416,0.000000000,"s_batido_v8_landing_sonic"
364,7280.023,1786879795429.512,14583247.447,0.000000000,"s_batido_v8_landing_sonic"
365,7299.992,1786879795449.481,14583267.416,0.000000000,"s_batido_v8_landing_sonic"
366,7320.026,1786879795469.515,14583287.450,0.000000000,"s_batido_v8_landing_sonic"
367,7340.026,1786879795489.515,14583307.450,0.000000000,"s_batido_v8_landing_sonic"
368,7360.006,1786879795509.495,14583327.430,0.000000000,"s_batido_v8_landing_sonic"
369,7380.040,1786879795529.529,14583347.464,0.000000000,"s_batido_v8_landing_sonic"
370,7400.026,1786879795549.515,14583367.450,0.000000000,"s_batido_v8_landing_sonic"
371,7420.004,1786879795569.493,14583387.428,0.000000000,"s_batido_v8_landing_sonic"
372,7440.047,1786879795589.536,14583407.471,0.000000000,"s_batido_v8_landing_sonic"
373,7460.117,1786879795609.607,14583427.541,0.000000000,"s_batido_v8_landing_sonic"
374,7480.026,1786879795629.515,14583447.450,0.000000000,"s_batido_v8_landing_sonic"
375,7500.020,1786879795649.509,14583467.444,0.000000000,"s_batido_v8_landing_sonic"
376,7520.022,1786879795669.511,14583487.446,0.000000000,"s_batido_v8_landing_sonic"
377,7540.027,1786879795689.516,14583507.451,0.000000000,"s_batido_v8_landing_sonic"
378,7559.994,1786879795709.482,14583527.417,0.000000000,"s_batido_v8_landing_sonic"
379,7579.992,1786879795729.481,14583547.416,0.000000000,"s_batido_v8_landing_sonic"
380,7599.989,1786879795749.478,14583567.413,0.000000000,"s_batido_v8_landing_sonic"
381,7620.002,1786879795769.491,14583587.426,0.000000000,"s_batido_v8_landing_sonic"
382,7640.000,1786879795789.489,14583607.424,0.000000000,"s_batido_v8_landing_sonic"
383,7659.994,1786879795809.483,14583627.418,0.000000000,"s_batido_v8_landing_sonic"
384,7680.027,1786879795829.516,14583647.451,0.000000000,"s_batido_v8_landing_sonic"
385,7700.022,1786879795849.510,14583667.446,0.000000000,"s_batido_v8_landing_sonic"
386,7720.027,1786879795869.516,14583687.451,0.000000000,"s_batido_v8_landing_sonic"
387,7740.027,1786879795889.516,14583707.451,0.000000000,"s_batido_v8_landing_sonic"
388,7760.027,1786879795909.516,14583727.451,0.000000000,"s_batido_v8_landing_sonic"
389,7780.045,1786879795929.534,14583747.469,0.000000000,"s_batido_v8_landing_sonic"
390,7799.992,1786879795949.481,14583767.416,0.000000000,"s_batido_v8_landing_sonic"
391,7820.027,1786879795969.516,14583787.451,0.000000000,"s_batido_v8_landing_sonic"
392,7840.027,1786879795989.516,14583807.451,0.000000000,"s_batido_v8_landing_sonic"
393,7860.030,1786879796009.519,14583827.454,0.000000000,"s_batido_v8_landing_sonic"
394,7880.024,1786879796029.513,14583847.448,0.000000000,"s_batido_v8_landing_sonic"
395,7900.005,1786879796049.494,14583867.429,0.000000000,"s_batido_v8_landing_sonic"
396,7920.046,1786879796069.535,14583887.470,0.000000000,"s_batido_v8_landing_sonic"
397,7940.025,1786879796089.514,14583907.449,0.000000000,"s_batido_v8_landing_sonic"
398,7960.008,1786879796109.497,14583927.432,0.000000000,"s_batido_v8_landing_sonic"
399,7980.027,1786879796129.516,14583947.451,0.000000000,"s_batido_v8_landing_sonic"
400,8000.022,1786879796149.511,14583967.446,0.000000000,"s_batido_v8_landing_sonic"
401,8020.027,1786879796169.516,14583987.451,0.000000000,"s_batido_v8_landing_sonic"
402,8040.029,1786879796189.518,14584007.453,0.000000000,"s_batido_v8_landing_sonic"
403,8060.008,1786879796209.497,14584027.432,0.000000000,"s_batido_v8_landing_sonic"
404,8080.026,1786879796229.515,14584047.450,0.000000000,"s_batido_v8_landing_sonic"
405,8099.991,1786879796249.480,14584067.415,0.000000000,"s_batido_v8_landing_sonic"
406,8120.034,1786879796269.523,14584087.458,0.000000000,"s_batido_v8_landing_sonic"
407,8140.025,1786879796289.514,14584107.449,0.000000000,"s_batido_v8_landing_sonic"
408,8160.027,1786879796309.516,14584127.451,0.000000000,"s_batido_v8_landing_sonic"
409,8180.030,1786879796329.519,14584147.454,0.000000000,"s_batido_v8_landing_sonic"
410,8200.022,1786879796349.511,14584167.446,0.000000000,"s_batido_v8_landing_sonic"
411,8220.029,1786879796369.518,14584187.453,0.000000000,"s_batido_v8_landing_sonic"
412,8240.057,1786879796389.546,14584207.481,0.000000000,"s_batido_v8_landing_sonic"
413,8259.994,1786879796409.483,14584227.418,0.000000000,"s_batido_v8_landing_sonic"
414,8280.035,1786879796429.524,14584247.459,0.000000000,"s_batido_v8_landing_sonic"
415,8300.003,1786879796449.492,14584267.427,0.000000000,"s_batido_v8_landing_sonic"
416,8320.023,1786879796469.512,14584287.447,0.000000000,"s_batido_v8_landing_sonic"
417,8340.024,1786879796489.513,14584307.448,0.000000000,"s_batido_v8_landing_sonic"
418,8360.028,1786879796509.517,14584327.452,0.000000000,"s_batido_v8_landing_sonic"
419,8380.027,1786879796529.516,14584347.451,0.000000000,"s_batido_v8_landing_sonic"
420,8400.020,1786879796549.510,14584367.444,0.000000000,"s_batido_v8_landing_sonic"
421,8420.002,1786879796569.491,14584387.426,0.000000000,"s_batido_v8_landing_sonic"
422,8440.034,1786879796589.523,14584407.458,0.000000000,"s_batido_v8_landing_sonic"
423,8460.025,1786879796609.514,14584427.449,0.000000000,"s_batido_v8_landing_sonic"
424,8480.031,1786879796629.520,14584447.455,0.000000000,"s_batido_v8_landing_sonic"
425,8499.990,1786879796649.479,14584467.414,0.000000000,"s_batido_v8_landing_sonic"
426,8520.025,1786879796669.514,14584487.449,0.000000000,"s_batido_v8_landing_sonic"
427,8540.025,1786879796689.514,14584507.449,0.000000000,"s_batido_v8_landing_sonic"
428,8559.994,1786879796709.483,14584527.418,0.000000000,"s_batido_v8_landing_sonic"
429,8579.988,1786879796729.478,14584547.412,0.000000000,"s_batido_v8_landing_sonic"
430,8599.991,1786879796749.479,14584567.415,0.000000000,"s_batido_v8_landing_sonic"
431,8620.022,1786879796769.510,14584587.446,0.000000000,"s_batido_v8_landing_sonic"
432,8640.035,1786879796789.524,14584607.459,0.000000000,"s_batido_v8_landing_sonic"
433,8660.030,1786879796809.519,14584627.454,0.000000000,"s_batido_v8_landing_sonic"
434,8680.028,1786879796829.517,14584647.452,0.000000000,"s_batido_v8_landing_sonic"
435,8699.996,1786879796849.486,14584667.420,0.000000000,"s_batido_v8_landing_sonic"
436,8720.036,1786879796869.525,14584687.460,0.000000000,"s_batido_v8_landing_sonic"
437,8740.027,1786879796889.516,14584707.451,0.000000000,"s_batido_v8_landing_sonic"
438,8760.027,1786879796909.516,14584727.451,0.000000000,"s_batido_v8_landing_sonic"
439,8780.127,1786879796929.616,14584747.551,0.000000000,"s_batido_v8_landing_sonic"
440,8799.992,1786879796949.481,14584767.416,0.000000000,"s_batido_v8_landing_sonic"
441,8820.030,1786879796969.519,14584787.454,0.000000000,"s_batido_v8_landing_sonic"
442,8840.026,1786879796989.515,14584807.450,0.000000000,"s_batido_v8_landing_sonic"
443,8860.005,1786879797009.494,14584827.429,0.000000000,"s_batido_v8_landing_sonic"
444,8880.025,1786879797029.514,14584847.449,0.000000000,"s_batido_v8_landing_sonic"
445,8900.020,1786879797049.509,14584867.444,0.000000000,"s_batido_v8_landing_sonic"
446,8919.993,1786879797069.482,14584887.417,0.000000000,"s_batido_v8_landing_sonic"
447,8940.024,1786879797089.513,14584907.448,0.000000000,"s_batido_v8_landing_sonic"
448,8959.993,1786879797109.482,14584927.417,0.000000000,"s_batido_v8_landing_sonic"
449,8980.027,1786879797129.516,14584947.451,0.000000000,"s_batido_v8_landing_sonic"
450,9000.022,1786879797149.511,14584967.446,0.000000000,"s_batido_v8_landing_sonic"
451,9020.026,1786879797169.515,14584987.450,0.000000000,"s_batido_v8_landing_sonic"
452,9039.995,1786879797189.484,14585007.419,0.000000000,"s_batido_v8_landing_sonic"
453,9059.994,1786879797209.483,14585027.418,0.000000000,"s_batido_v8_landing_sonic"
454,9080.025,1786879797229.514,14585047.449,0.000000000,"s_batido_v8_landing_sonic"
455,9100.020,1786879797249.509,14585067.444,0.000000000,"s_batido_v8_landing_sonic"
456,9120.024,1786879797269.513,14585087.448,0.000000000,"s_batido_v8_landing_sonic"
457,9140.023,1786879797289.512,14585107.447,0.000000000,"s_batido_v8_landing_sonic"
458,9159.994,1786879797309.483,14585127.418,0.000000000,"s_batido_v8_landing_sonic"
459,9180.025,1786879797329.514,14585147.449,0.000000000,"s_batido_v8_landing_sonic"
460,9200.017,1786879797349.506,14585167.441,0.000000000,"s_batido_v8_landing_sonic"
461,9220.023,1786879797369.512,14585187.447,0.000000000,"s_batido_v8_landing_sonic"
462,9240.022,1786879797389.512,14585207.446,0.000000000,"s_batido_v8_landing_sonic"
463,9260.031,1786879797409.520,14585227.455,0.000000000,"s_batido_v8_landing_sonic"
464,9280.025,1786879797429.514,14585247.449,0.000000000,"s_batido_v8_landing_sonic"
465,9300.020,1786879797449.509,14585267.444,0.000000000,"s_batido_v8_landing_sonic"
466,9320.028,1786879797469.517,14585287.452,0.000000000,"s_batido_v8_landing_sonic"
467,9340.026,1786879797489.515,14585307.450,0.000000000,"s_batido_v8_landing_sonic"
468,9359.994,1786879797509.483,14585327.418,0.000000000,"s_batido_v8_landing_sonic"
469,9380.026,1786879797529.514,14585347.449,0.000000000,"s_batido_v8_landing_sonic"
470,9400.022,1786879797549.511,14585367.446,0.000000000,"s_batido_v8_landing_sonic"
471,9420.002,1786879797569.491,14585387.426,0.000000000,"s_batido_v8_landing_sonic"
472,9440.025,1786879797589.514,14585407.449,0.000000000,"s_batido_v8_landing_sonic"
473,9460.025,1786879797609.514,14585427.449,0.000000000,"s_batido_v8_landing_sonic"
474,9480.028,1786879797629.517,14585447.452,0.000000000,"s_batido_v8_landing_sonic"
475,9500.024,1786879797649.513,14585467.448,0.000000000,"s_batido_v8_landing_sonic"
476,9520.025,1786879797669.514,14585487.449,0.000000000,"s_batido_v8_landing_sonic"
477,9540.022,1786879797689.510,14585507.446,0.000000000,"s_batido_v8_landing_sonic"
478,9559.997,1786879797709.486,14585527.421,0.000000000,"s_batido_v8_landing_sonic"
479,9579.992,1786879797729.481,14585547.416,0.000000000,"s_batido_v8_landing_sonic"
480,9600.020,1786879797749.509,14585567.444,0.000000000,"s_batido_v8_landing_sonic"
481,9620.023,1786879797769.512,14585587.447,0.000000000,"s_batido_v8_landing_sonic"
482,9640.037,1786879797789.526,14585607.461,0.000000000,"s_batido_v8_landing_sonic"
483,9659.993,1786879797809.482,14585627.417,0.000000000,"s_batido_v8_landing_sonic"
484,9680.076,1786879797829.565,14585647.500,0.000000000,"s_batido_v8_landing_sonic"
485,9699.992,1786879797849.481,14585667.416,0.000000000,"s_batido_v8_landing_sonic"
486,9720.003,1786879797869.492,14585687.427,0.000000000,"s_batido_v8_landing_sonic"
487,9740.026,1786879797889.515,14585707.450,0.000000000,"s_batido_v8_landing_sonic"
488,9760.026,1786879797909.515,14585727.450,0.000000000,"s_batido_v8_landing_sonic"
489,9780.025,1786879797929.514,14585747.449,0.000000000,"s_batido_v8_landing_sonic"
490,9800.018,1786879797949.507,14585767.442,0.000000000,"s_batido_v8_landing_sonic"
491,9820.003,1786879797969.492,14585787.427,0.000000000,"s_batido_v8_landing_sonic"
492,9840.025,1786879797989.514,14585807.449,0.000000000,"s_batido_v8_landing_sonic"
493,9859.992,1786879798009.481,14585827.416,0.000000000,"s_batido_v8_landing_sonic"
494,9880.023,1786879798029.512,14585847.447,0.000000000,"s_batido_v8_landing_sonic"
495,9900.021,1786879798049.510,14585867.445,0.000000000,"s_batido_v8_landing_sonic"
496,9920.071,1786879798069.560,14585887.495,0.000000000,"s_batido_v8_landing_sonic"
497,9940.027,1786879798089.516,14585907.451,0.000000000,"s_batido_v8_landing_sonic"
498,9959.996,1786879798109.485,14585927.420,0.000000000,"s_batido_v8_landing_sonic"
499,9980.028,1786879798129.517,14585947.452,0.000000000,"s_batido_v8_landing_sonic"
500,10000.021,1786879798149.510,14585967.445,0.000000000,"s_batido_v8_landing_sonic"
501,10020.025,1786879798169.514,14585987.449,0.000000000,"s_batido_v8_landing_sonic"
502,10040.032,1786879798189.521,14586007.456,0.000000000,"s_batido_v8_landing_sonic"
503,10059.996,1786879798209.485,14586027.420,0.000000000,"s_batido_v8_landing_sonic"
504,10080.025,1786879798229.514,14586047.449,0.000000000,"s_batido_v8_landing_sonic"
505,10100.020,1786879798249.509,14586067.444,0.000000000,"s_batido_v8_landing_sonic"
506,10120.024,1786879798269.513,14586087.448,0.000000000,"s_batido_v8_landing_sonic"
507,10140.036,1786879798289.525,14586107.460,0.000000000,"s_batido_v8_landing_sonic"
508,10160.024,1786879798309.513,14586127.448,0.000000000,"s_batido_v8_landing_sonic"
509,10180.024,1786879798329.513,14586147.448,0.000000000,"s_batido_v8_landing_sonic"
510,10200.019,1786879798349.508,14586167.443,0.000000000,"s_batido_v8_landing_sonic"
511,10220.023,1786879798369.512,14586187.447,0.000000000,"s_batido_v8_landing_sonic"
512,10240.024,1786879798389.513,14586207.448,0.000000000,"s_batido_v8_landing_sonic"
513,10259.992,1786879798409.481,14586227.416,0.000000000,"s_batido_v8_landing_sonic"
514,10280.003,1786879798429.492,14586247.427,0.000000000,"s_batido_v8_landing_sonic"
515,10300.021,1786879798449.510,14586267.445,0.000000000,"s_batido_v8_landing_sonic"
516,10320.006,1786879798469.495,14586287.430,0.000000000,"s_batido_v8_landing_sonic"
517,10340.033,1786879798489.522,14586307.457,0.000000000,"s_batido_v8_landing_sonic"
518,10360.027,1786879798509.516,14586327.451,0.000000000,"s_batido_v8_landing_sonic"
519,10380.030,1786879798529.519,14586347.454,0.000000000,"s_batido_v8_landing_sonic"
520,10399.990,1786879798549.479,14586367.414,0.000000000,"s_batido_v8_landing_sonic"
521,10420.002,1786879798569.491,14586387.425,0.000000000,"s_batido_v8_landing_sonic"
522,10440.027,1786879798589.516,14586407.451,0.000000000,"s_batido_v8_landing_sonic"
523,10460.077,1786879798609.566,14586427.501,0.000000000,"s_batido_v8_landing_sonic"
524,10480.032,1786879798629.521,14586447.456,0.000000000,"s_batido_v8_landing_sonic"
525,10499.990,1786879798649.479,14586467.414,0.000000000,"s_batido_v8_landing_sonic"
526,10520.024,1786879798669.513,14586487.448,0.000000000,"s_batido_v8_landing_sonic"
527,10540.024,1786879798689.513,14586507.448,0.000000000,"s_batido_v8_landing_sonic"
528,10559.995,1786879798709.484,14586527.419,0.000000000,"s_batido_v8_landing_sonic"
529,10580.038,1786879798729.527,14586547.462,0.000000000,"s_batido_v8_landing_sonic"
530,10600.018,1786879798749.507,14586567.442,0.000000000,"s_batido_v8_landing_sonic"
531,10620.055,1786879798769.544,14586587.479,0.000000000,"s_batido_v8_landing_sonic"
532,10640.024,1786879798789.513,14586607.448,0.000000000,"s_batido_v8_landing_sonic"
533,10660.023,1786879798809.512,14586627.447,0.000000000,"s_batido_v8_landing_sonic"
534,10680.023,1786879798829.512,14586647.447,0.000000000,"s_batido_v8_landing_sonic"
535,10699.997,1786879798849.486,14586667.421,0.000000000,"s_batido_v8_landing_sonic"
536,10720.017,1786879798869.506,14586687.441,0.000000000,"s_batido_v8_landing_sonic"
537,10740.028,1786879798889.517,14586707.452,0.000000000,"s_batido_v8_landing_sonic"
538,10760.002,1786879798909.491,14586727.426,0.000000000,"s_batido_v8_landing_sonic"
539,10780.026,1786879798929.515,14586747.450,0.000000000,"s_batido_v8_landing_sonic"
540,10800.020,1786879798949.509,14586767.444,0.000000000,"s_batido_v8_landing_sonic"
541,10820.008,1786879798969.497,14586787.432,0.000000000,"s_batido_v8_landing_sonic"
542,10840.025,1786879798989.513,14586807.448,0.000000000,"s_batido_v8_landing_sonic"
543,10859.992,1786879799009.481,14586827.416,0.000000000,"s_batido_v8_landing_sonic"
544,10880.026,1786879799029.515,14586847.450,0.000000000,"s_batido_v8_landing_sonic"
545,10900.019,1786879799049.509,14586867.443,0.000000000,"s_batido_v8_landing_sonic"
546,10920.025,1786879799069.514,14586887.449,0.000000000,"s_batido_v8_landing_sonic"
547,10940.025,1786879799089.514,14586907.449,0.000000000,"s_batido_v8_landing_sonic"
548,10960.024,1786879799109.513,14586927.448,0.000000000,"s_batido_v8_landing_sonic"
549,10980.024,1786879799129.513,14586947.448,0.000000000,"s_batido_v8_landing_sonic"
550,11000.018,1786879799149.507,14586967.442,0.000000000,"s_batido_v8_landing_sonic"
551,11020.030,1786879799169.519,14586987.454,0.000000000,"s_batido_v8_landing_sonic"
552,11040.000,1786879799189.489,14587007.424,0.000000000,"s_batido_v8_landing_sonic"
553,11059.999,1786879799209.488,14587027.423,0.000000000,"s_batido_v8_landing_sonic"
554,11080.037,1786879799229.526,14587047.461,0.000000000,"s_batido_v8_landing_sonic"
555,11100.028,1786879799249.516,14587067.452,0.000000000,"s_batido_v8_landing_sonic"
556,11120.027,1786879799269.516,14587087.451,0.000000000,"s_batido_v8_landing_sonic"
557,11140.033,1786879799289.521,14587107.457,0.000000000,"s_batido_v8_landing_sonic"
558,11160.026,1786879799309.515,14587127.450,0.000000000,"s_batido_v8_landing_sonic"
559,11180.027,1786879799329.516,14587147.451,0.000000000,"s_batido_v8_landing_sonic"
560,11200.021,1786879799349.510,14587167.445,0.000000000,"s_batido_v8_landing_sonic"
561,11220.015,1786879799369.504,14587187.439,0.000000000,"s_batido_v8_landing_sonic"
562,11240.022,1786879799389.511,14587207.446,0.000000000,"s_batido_v8_landing_sonic"
563,11260.002,1786879799409.491,14587227.425,0.000000000,"s_batido_v8_landing_sonic"
564,11280.033,1786879799429.522,14587247.457,0.000000000,"s_batido_v8_landing_sonic"
565,11299.991,1786879799449.480,14587267.415,0.000000000,"s_batido_v8_landing_sonic"
566,11320.031,1786879799469.520,14587287.455,0.000000000,"s_batido_v8_landing_sonic"
567,11340.039,1786879799489.528,14587307.463,0.000000000,"s_batido_v8_landing_sonic"
568,11360.005,1786879799509.494,14587327.429,0.000000000,"s_batido_v8_landing_sonic"
569,11380.025,1786879799529.514,14587347.449,0.000000000,"s_batido_v8_landing_sonic"
570,11399.991,1786879799549.480,14587367.415,0.000000000,"s_batido_v8_landing_sonic"
571,11420.000,1786879799569.489,14587387.424,0.000000000,"s_batido_v8_landing_sonic"
572,11440.075,1786879799589.563,14587407.499,0.000000000,"s_batido_v8_landing_sonic"
573,11460.021,1786879799609.510,14587427.445,0.000000000,"s_batido_v8_landing_sonic"
574,11480.023,1786879799629.512,14587447.447,0.000000000,"s_batido_v8_landing_sonic"
575,11499.993,1786879799649.482,14587467.417,0.000000000,"s_batido_v8_landing_sonic"
576,11520.028,1786879799669.517,14587487.452,0.000000000,"s_batido_v8_landing_sonic"
577,11540.025,1786879799689.514,14587507.449,0.000000000,"s_batido_v8_landing_sonic"
578,11559.992,1786879799709.481,14587527.416,0.000000000,"s_batido_v8_landing_sonic"
579,11579.989,1786879799729.478,14587547.413,0.000000000,"s_batido_v8_landing_sonic"
580,11599.989,1786879799749.478,14587567.412,0.000000000,"s_batido_v8_landing_sonic"
581,11619.992,1786879799769.481,14587587.416,0.000000000,"s_batido_v8_landing_sonic"
582,11640.001,1786879799789.490,14587607.425,0.000000000,"s_batido_v8_landing_sonic"
583,11659.992,1786879799809.481,14587627.416,0.000000000,"s_batido_v8_landing_sonic"
584,11680.027,1786879799829.515,14587647.450,0.000000000,"s_batido_v8_landing_sonic"
585,11699.993,1786879799849.481,14587667.416,0.000000000,"s_batido_v8_landing_sonic"
586,11720.011,1786879799869.500,14587687.435,0.000000000,"s_batido_v8_landing_sonic"
587,11739.991,1786879799889.480,14587707.415,0.000000000,"s_batido_v8_landing_sonic"
588,11759.989,1786879799909.478,14587727.413,0.000000000,"s_batido_v8_landing_sonic"
589,11780.000,1786879799929.489,14587747.424,0.000000000,"s_batido_v8_landing_sonic"
590,11799.994,1786879799949.483,14587767.418,0.000000000,"s_batido_v8_landing_sonic"
591,11820.003,1786879799969.492,14587787.427,0.000000000,"s_batido_v8_landing_sonic"
592,11839.996,1786879799989.485,14587807.420,0.000000000,"s_batido_v8_landing_sonic"
593,11859.998,1786879800009.487,14587827.422,0.000000000,"s_batido_v8_landing_sonic"
594,11879.991,1786879800029.480,14587847.415,0.000000000,"s_batido_v8_landing_sonic"
595,11899.991,1786879800049.480,14587867.415,0.000000000,"s_batido_v8_landing_sonic"
596,11920.001,1786879800069.490,14587887.425,0.000000000,"s_batido_v8_landing_sonic"
597,11940.030,1786879800089.519,14587907.454,0.000000000,"s_batido_v8_landing_sonic"
598,11959.996,1786879800109.485,14587927.420,0.000000000,"s_batido_v8_landing_sonic"
599,11980.049,1786879800129.538,14587947.473,0.000000000,"s_batido_v8_landing_sonic"
600,12000.020,1786879800149.509,14587967.444,0.000000000,"s_batido_v8_landing_sonic"
601,12020.026,1786879800169.515,14587987.450,0.000000000,"s_batido_v8_landing_sonic"
602,12039.991,1786879800189.480,14588007.415,0.000000000,"s_batido_v8_landing_sonic"
603,12060.021,1786879800209.510,14588027.445,0.000000000,"s_batido_v8_landing_sonic"
604,12079.995,1786879800229.484,14588047.419,0.000000000,"s_batido_v8_landing_sonic"
605,12099.990,1786879800249.479,14588067.414,0.000000000,"s_batido_v8_landing_sonic"
606,12119.990,1786879800269.479,14588087.414,0.000000000,"s_batido_v8_landing_sonic"
607,12140.023,1786879800289.512,14588107.447,0.000000000,"s_batido_v8_landing_sonic"
608,12160.037,1786879800309.526,14588127.461,0.000000000,"s_batido_v8_landing_sonic"
609,12179.990,1786879800329.479,14588147.414,0.000000000,"s_batido_v8_landing_sonic"
610,12200.022,1786879800349.510,14588167.445,0.000000000,"s_batido_v8_landing_sonic"
611,12220.011,1786879800369.500,14588187.435,0.000000000,"s_batido_v8_landing_sonic"
612,12240.027,1786879800389.516,14588207.451,0.000000000,"s_batido_v8_landing_sonic"
613,12260.026,1786879800409.515,14588227.450,0.000000000,"s_batido_v8_landing_sonic"
614,12280.025,1786879800429.514,14588247.449,0.000000000,"s_batido_v8_landing_sonic"
615,12300.025,1786879800449.514,14588267.449,0.000000000,"s_batido_v8_landing_sonic"
616,12319.991,1786879800469.480,14588287.415,0.000000000,"s_batido_v8_landing_sonic"
617,12339.990,1786879800489.479,14588307.414,0.000000000,"s_batido_v8_landing_sonic"
618,12360.026,1786879800509.515,14588327.450,0.000000000,"s_batido_v8_landing_sonic"
619,12379.994,1786879800529.483,14588347.418,0.000000000,"s_batido_v8_landing_sonic"
620,12400.023,1786879800549.512,14588367.447,0.000000000,"s_batido_v8_landing_sonic"
621,12420.024,1786879800569.513,14588387.447,0.000000000,"s_batido_v8_landing_sonic"
622,12439.991,1786879800589.480,14588407.415,0.000000000,"s_batido_v8_landing_sonic"
623,12460.023,1786879800609.512,14588427.447,0.000000000,"s_batido_v8_landing_sonic"
624,12480.023,1786879800629.512,14588447.447,0.000000000,"s_batido_v8_landing_sonic"
625,12499.991,1786879800649.479,14588467.415,0.000000000,"s_batido_v8_landing_sonic"
626,12520.026,1786879800669.515,14588487.450,0.000000000,"s_batido_v8_landing_sonic"
627,12539.993,1786879800689.482,14588507.417,0.000000000,"s_batido_v8_landing_sonic"
628,12560.021,1786879800709.510,14588527.445,0.000000000,"s_batido_v8_landing_sonic"
629,12580.020,1786879800729.509,14588547.444,0.000000000,"s_batido_v8_landing_sonic"
630,12600.027,1786879800749.516,14588567.451,0.000000000,"s_batido_v8_landing_sonic"
631,12619.991,1786879800769.480,14588587.415,0.000000000,"s_batido_v8_landing_sonic"
632,12640.026,1786879800789.515,14588607.450,0.000000000,"s_batido_v8_landing_sonic"
633,12659.992,1786879800809.481,14588627.416,0.000000000,"s_batido_v8_landing_sonic"
634,12680.024,1786879800829.513,14588647.448,0.000000000,"s_batido_v8_landing_sonic"
635,12699.991,1786879800849.480,14588667.415,0.000000000,"s_batido_v8_landing_sonic"
636,12720.010,1786879800869.499,14588687.434,0.000000000,"s_batido_v8_landing_sonic"
637,12740.026,1786879800889.515,14588707.450,0.000000000,"s_batido_v8_landing_sonic"
638,12759.993,1786879800909.482,14588727.417,0.000000000,"s_batido_v8_landing_sonic"
639,12779.989,1786879800929.479,14588747.413,0.000000000,"s_batido_v8_landing_sonic"
640,12799.990,1786879800949.479,14588767.414,0.000000000,"s_batido_v8_landing_sonic"
641,12819.989,1786879800969.478,14588787.413,0.000000000,"s_batido_v8_landing_sonic"
642,12839.989,1786879800989.478,14588807.413,0.000000000,"s_batido_v8_landing_sonic"
643,12859.990,1786879801009.479,14588827.414,0.000000000,"s_batido_v8_landing_sonic"
644,12879.990,1786879801029.479,14588847.414,0.000000000,"s_batido_v8_landing_sonic"
645,12899.990,1786879801049.479,14588867.414,0.000000000,"s_batido_v8_landing_sonic"
646,12919.989,1786879801069.478,14588887.413,0.000000000,"s_batido_v8_landing_sonic"
647,12939.988,1786879801089.477,14588907.412,0.000000000,"s_batido_v8_landing_sonic"
648,12959.991,1786879801109.480,14588927.415,0.000000000,"s_batido_v8_landing_sonic"
649,12979.990,1786879801129.479,14588947.414,0.000000000,"s_batido_v8_landing_sonic"
650,12999.991,1786879801149.480,14588967.415,0.000000000,"s_batido_v8_landing_sonic"
651,13019.989,1786879801169.478,14588987.413,0.000000000,"s_batido_v8_landing_sonic"
652,13039.991,1786879801189.480,14589007.415,0.000000000,"s_batido_v8_landing_sonic"
653,13059.998,1786879801209.487,14589027.422,0.000000000,"s_batido_v8_landing_sonic"
654,13079.989,1786879801229.478,14589047.413,0.000000000,"s_batido_v8_landing_sonic"
655,13099.991,1786879801249.480,14589067.415,0.000000000,"s_batido_v8_landing_sonic"
656,13120.019,1786879801269.508,14589087.443,0.000000000,"s_batido_v8_landing_sonic"
657,13140.017,1786879801289.506,14589107.441,0.000000000,"s_batido_v8_landing_sonic"
658,13159.991,1786879801309.480,14589127.415,0.000000000,"s_batido_v8_landing_sonic"
659,13179.989,1786879801329.479,14589147.413,0.000000000,"s_batido_v8_landing_sonic"
660,13199.990,1786879801349.479,14589167.413,0.000000000,"s_batido_v8_landing_sonic"
661,13219.988,1786879801369.477,14589187.412,0.000000000,"s_batido_v8_landing_sonic"
662,13240.022,1786879801389.511,14589207.446,0.000000000,"s_batido_v8_landing_sonic"
663,13259.993,1786879801409.482,14589227.417,0.000000000,"s_batido_v8_landing_sonic"
664,13280.025,1786879801429.514,14589247.449,0.000000000,"s_batido_v8_landing_sonic"
665,13299.991,1786879801449.480,14589267.415,0.000000000,"s_batido_v8_landing_sonic"
666,13320.023,1786879801469.512,14589287.447,0.000000000,"s_batido_v8_landing_sonic"
667,13340.001,1786879801489.490,14589307.425,0.000000000,"s_batido_v8_landing_sonic"
668,13359.991,1786879801509.480,14589327.415,0.000000000,"s_batido_v8_landing_sonic"
669,13380.022,1786879801529.510,14589347.446,0.000000000,"s_batido_v8_landing_sonic"
670,13399.992,1786879801549.481,14589367.416,0.000000000,"s_batido_v8_landing_sonic"
671,13419.990,1786879801569.479,14589387.414,0.000000000,"s_batido_v8_landing_sonic"
672,13439.988,1786879801589.478,14589407.412,0.000000000,"s_batido_v8_landing_sonic"
673,13459.992,1786879801609.481,14589427.416,0.000000000,"s_batido_v8_landing_sonic"
674,13479.989,1786879801629.478,14589447.413,0.000000000,"s_batido_v8_landing_sonic"
675,13499.990,1786879801649.479,14589467.414,0.000000000,"s_batido_v8_landing_sonic"
676,13520.002,1786879801669.491,14589487.426,0.000000000,"s_batido_v8_landing_sonic"
677,13540.004,1786879801689.493,14589507.428,0.000000000,"s_batido_v8_landing_sonic"
678,13559.995,1786879801709.484,14589527.419,0.000000000,"s_batido_v8_landing_sonic"
679,13580.021,1786879801729.510,14589547.445,0.000000000,"s_batido_v8_landing_sonic"
680,13599.993,1786879801749.482,14589567.417,0.000000000,"s_batido_v8_landing_sonic"
681,13620.033,1786879801769.522,14589587.457,0.000000000,"s_batido_v8_landing_sonic"
682,13640.021,1786879801789.510,14589607.445,0.000000000,"s_batido_v8_landing_sonic"
683,13660.004,1786879801809.493,14589627.428,0.000000000,"s_batido_v8_landing_sonic"
684,13679.988,1786879801829.478,14589647.412,0.000000000,"s_batido_v8_landing_sonic"
685,13700.037,1786879801849.526,14589667.461,0.000000000,"s_batido_v8_landing_sonic"
686,13719.994,1786879801869.483,14589687.418,0.000000000,"s_batido_v8_landing_sonic"
687,13739.998,1786879801889.487,14589707.422,0.000000000,"s_batido_v8_landing_sonic"
688,13759.990,1786879801909.479,14589727.414,0.000000000,"s_batido_v8_landing_sonic"
689,13779.993,1786879801929.482,14589747.417,0.000000000,"s_batido_v8_landing_sonic"
690,13799.990,1786879801949.479,14589767.414,0.000000000,"s_batido_v8_landing_sonic"
691,13820.003,1786879801969.492,14589787.427,0.000000000,"s_batido_v8_landing_sonic"
692,13839.994,1786879801989.483,14589807.418,0.000000000,"s_batido_v8_landing_sonic"
