index,time_ms,time_realtime_ms,time_monotonic_ms,ros_timestamp,base_qw,base_qx,base_qy,base_qz
0,0.000,1786877230627.484,12018445.419,0.000000000,0.999937415,-0.002550219,0.010894178,-0.000047889
1,19.993,1786877230647.478,12018465.413,0.000000000,0.999737918,-0.004529298,0.022377020,0.001695181
2,39.991,1786877230667.476,12018485.411,0.000000000,0.999222457,-0.015870405,0.034985915,0.008868738
3,59.992,1786877230687.476,12018505.411,0.000000000,0.998738647,-0.022919470,0.041977536,0.015286100
4,79.993,1786877230707.477,12018525.412,0.000000000,0.998064101,-0.026292501,0.050697092,0.024627445
5,99.993,1786877230727.477,12018545.412,0.000000000,0.996927440,-0.034518108,0.062493894,0.032228597
6,119.989,1786877230747.473,12018565.408,0.000000000,0.996381402,-0.049271476,0.064721145,0.024649236
7,139.988,1786877230767.473,12018585.408,0.000000000,0.996887922,-0.062116157,0.047869019,0.008041345
8,159.988,1786877230787.472,12018605.407,0.000000000,0.997296691,-0.060520776,0.041485474,0.003936176
9,179.988,1786877230807.473,12018625.408,0.000000000,0.998474360,-0.036368616,0.040160958,0.010648211
10,199.987,1786877230827.471,12018645.406,0.000000000,0.998691440,-0.008664867,0.049002133,0.011794860
11,219.987,1786877230847.472,12018665.407,0.000000000,0.997830868,-0.014025787,0.059362747,0.024757382
12,239.988,1786877230867.472,12018685.407,0.000000000,0.994760394,-0.040600568,0.083241962,0.043291457
13,259.987,1786877230887.472,12018705.407,0.000000000,0.992194414,-0.053810552,0.101457030,0.048591781
14,279.989,1786877230907.473,12018725.408,0.000000000,0.990131378,-0.064204097,0.112895183,0.052653652
15,299.988,1786877230927.472,12018745.407,0.000000000,0.984285295,-0.085614346,0.139420405,0.066442676
16,319.988,1786877230947.473,12018765.408,0.000000000,0.978359163,-0.101726271,0.160474211,0.081934087
17,339.990,1786877230967.474,12018785.409,0.000000000,0.977917016,-0.099595979,0.160105675,0.090139642
18,359.989,1786877230987.473,12018805.408,0.000000000,0.981851518,-0.082557440,0.145620927,0.089142948
19,379.988,1786877231007.472,12018825.407,0.000000000,0.986489534,-0.063304380,0.130764335,0.075707421
20,399.987,1786877231027.472,12018845.407,0.000000000,0.990058720,-0.047967315,0.122277625,0.050309733
21,419.987,1786877231047.471,12018865.406,0.000000000,0.992025197,-0.037951183,0.118491374,0.020138044
22,439.988,1786877231067.472,12018885.407,0.000000000,0.992873669,-0.032788478,0.114198960,-0.009242174
23,459.988,1786877231087.473,12018905.407,0.000000000,0.993062973,-0.030930912,0.109826602,-0.028413044
24,479.989,1786877231107.473,12018925.408,0.000000000,0.993011951,-0.029345252,0.104825392,-0.045582712
25,499.988,1786877231127.472,12018945.407,0.000000000,0.993240774,-0.026984118,0.100997515,-0.050438788
26,519.988,1786877231147.473,12018965.408,0.000000000,0.993999779,-0.024425909,0.097568847,-0.042990554
27,539.990,1786877231167.474,12018985.409,0.000000000,0.994719982,-0.023243645,0.095348418,-0.030009061
28,559.992,1786877231187.477,12019005.412,0.000000000,0.994891405,-0.029095897,0.095016591,-0.017787145
29,579.989,1786877231207.473,12019025.408,0.000000000,0.994973719,-0.033378989,0.093504623,-0.013040374
30,599.989,1786877231227.473,12019045.408,0.000000000,0.994889736,-0.034991998,0.093941823,-0.012037979
31,619.989,1786877231247.473,12019065.408,0.000000000,0.994851470,-0.038000654,0.093200520,-0.011840512
32,639.988,1786877231267.472,12019085.407,0.000000000,0.994844139,-0.040615983,0.091937982,-0.013524182
33,659.988,1786877231287.472,12019105.407,0.000000000,0.994941831,-0.040822573,0.089984871,-0.018083787
34,679.988,1786877231307.472,12019125.407,0.000000000,0.995356381,-0.036167078,0.085354514,-0.025926821
35,699.987,1786877231327.471,12019145.406,0.000000000,0.995894015,-0.029465482,0.079126813,-0.032646630
36,719.988,1786877231347.472,12019165.407,0.000000000,0.996546984,-0.027267069,0.068731904,-0.037769016
37,739.988,1786877231367.473,12019185.408,0.000000000,0.996692479,-0.027193535,0.061552409,-0.045562316
38,759.989,1786877231387.473,12019205.408,0.000000000,0.996922612,-0.027271446,0.054774489,-0.049002916
39,779.990,1786877231407.474,12019225.409,0.000000000,0.997480929,-0.028373178,0.046612784,-0.045320634
40,799.989,1786877231427.473,12019245.408,0.000000000,0.997963309,-0.029903011,0.041562106,-0.038048539
41,819.989,1786877231447.473,12019265.408,0.000000000,0.998104215,-0.032039121,0.042475138,-0.030941116
42,839.989,1786877231467.473,12019285.408,0.000000000,0.997909844,-0.038385458,0.044993129,-0.026039947
43,859.989,1786877231487.473,12019305.408,0.000000000,0.997564018,-0.047767416,0.043275204,-0.026675031
44,879.988,1786877231507.473,12019325.408,0.000000000,0.997418225,-0.051535435,0.043140009,-0.025297042
45,899.989,1786877231527.473,12019345.408,0.000000000,0.997619867,-0.050749354,0.041553915,-0.021270363
46,919.987,1786877231547.471,12019365.406,0.000000000,0.997744143,-0.049806051,0.040658955,-0.019307956
47,939.989,1786877231567.473,12019385.408,0.000000000,0.997833192,-0.048640050,0.039521813,-0.020025948
48,959.989,1786877231587.473,12019405.408,0.000000000,0.998141587,-0.044757567,0.034868285,-0.022234075
49,979.988,1786877231607.473,12019425.408,0.000000000,0.998296320,-0.043515623,0.031320643,-0.023018239
50,999.987,1786877231627.471,12019445.406,0.000000000,0.998252034,-0.041865949,0.029995345,-0.028989019
51,1019.990,1786877231647.474,12019465.409,0.000000000,0.998115420,-0.041006122,0.026186349,-0.037394445
52,1039.990,1786877231667.474,12019485.409,0.000000000,0.998012841,-0.040262546,0.019466257,-0.044388995
53,1059.992,1786877231687.476,12019505.411,0.000000000,0.997942686,-0.039463893,0.013999193,-0.048548598
54,1079.993,1786877231707.477,12019525.412,0.000000000,0.997921824,-0.038664781,0.013133943,-0.049844891
55,1099.992,1786877231727.476,12019545.411,0.000000000,0.997952521,-0.037929587,0.014807328,-0.049324192
56,1119.990,1786877231747.474,12019565.409,0.000000000,0.998037457,-0.037612844,0.016766325,-0.047174338
57,1139.989,1786877231767.473,12019585.408,0.000000000,0.998170555,-0.037326127,0.018054279,-0.044003930
58,1159.990,1786877231787.474,12019605.409,0.000000000,0.998260081,-0.036895081,0.018781001,-0.041985881
59,1179.988,1786877231807.472,12019625.407,0.000000000,0.998334587,-0.036273710,0.018735416,-0.040758066
60,1199.988,1786877231827.473,12019645.407,0.000000000,0.998321354,-0.035773896,0.017006256,-0.042255007
61,1219.991,1786877231847.475,12019665.410,0.000000000,0.998283327,-0.033905089,0.014855640,-0.045389082
62,1239.991,1786877231867.475,12019685.410,0.000000000,0.998408079,-0.033023793,0.016512850,-0.042638447
63,1259.992,1786877231887.476,12019705.411,0.000000000,0.998616099,-0.035828531,0.017760992,-0.034157794
64,1279.992,1786877231907.476,12019725.411,0.000000000,0.998681664,-0.042189274,0.017709682,-0.023268292
65,1299.993,1786877231927.478,12019745.412,0.000000000,0.998444855,-0.051435698,0.017514702,-0.012471250
66,1319.993,1786877231947.478,12019765.412,0.000000000,0.997976005,-0.061214268,0.015107218,-0.008273175
67,1339.992,1786877231967.476,12019785.411,0.000000000,0.998132408,-0.059411630,0.009717131,-0.010370229
68,1360.105,1786877231987.589,12019805.524,0.000000000,0.998416424,-0.054577742,0.008703538,-0.010493414
69,1380.009,1786877232007.494,12019825.429,0.000000000,0.998565793,-0.051519252,0.011390662,-0.009078451
70,1399.996,1786877232027.481,12019845.416,0.000000000,0.998486757,-0.051911704,0.015614561,-0.009251096
71,1419.992,1786877232047.476,12019865.411,0.000000000,0.998263419,-0.054450423,0.019083800,-0.011877052
72,1440.028,1786877232067.512,12019885.447,0.000000000,0.998018563,-0.057068922,0.020111604,-0.017252760
73,1459.994,1786877232087.478,12019905.413,0.000000000,0.997767448,-0.059252352,0.020255893,-0.023214657
74,1479.993,1786877232107.477,12019925.412,0.000000000,0.997625530,-0.059521303,0.020706685,-0.027780630
75,1499.992,1786877232127.476,12019945.411,0.000000000,0.997636080,-0.057965618,0.020379655,-0.030772483
76,1519.993,1786877232147.478,12019965.412,0.000000000,0.997783959,-0.055546138,0.017324962,-0.032275066
77,1539.993,1786877232167.477,12019985.412,0.000000000,0.997957468,-0.053120784,0.014363913,-0.032446172
78,1559.997,1786877232187.481,12020005.416,0.000000000,0.998075068,-0.051663149,0.012296308,-0.032028746
79,1579.997,1786877232207.481,12020025.416,0.000000000,0.998220801,-0.049568746,0.008600499,-0.032003406
80,1599.992,1786877232227.477,12020045.412,0.000000000,0.998301148,-0.047606241,0.005257342,-0.033177909
81,1619.991,1786877232247.475,12020065.410,0.000000000,0.998311222,-0.046376005,0.003287078,-0.034830250
82,1639.989,1786877232267.474,12020085.409,0.000000000,0.998283684,-0.045637280,0.002409392,-0.036620736
83,1659.990,1786877232287.474,12020105.409,0.000000000,0.998248458,-0.045021195,0.002465525,-0.038302213
84,1679.992,1786877232307.476,12020125.411,0.000000000,0.998227537,-0.044259064,0.003826579,-0.039601352
85,1699.992,1786877232327.476,12020145.411,0.000000000,0.998198390,-0.043604571,0.005923165,-0.040786557
86,1719.994,1786877232347.479,12020165.413,0.000000000,0.998163640,-0.042931315,0.008307531,-0.041918829
87,1739.989,1786877232367.474,12020185.409,0.000000000,0.998128891,-0.042250287,0.010348814,-0.042970743
88,1759.988,1786877232387.473,12020205.408,0.000000000,0.998067915,-0.041622471,0.012652643,-0.044360731
89,1779.991,1786877232407.475,12020225.410,0.000000000,0.998025119,-0.043053806,0.013013998,-0.043849993
90,1799.989,1786877232427.473,12020245.408,0.000000000,0.997983754,-0.044333115,0.014129278,-0.043166798
91,1819.990,1786877232447.474,12020265.409,0.000000000,0.997933805,-0.044831250,0.015511685,-0.043332383
92,1839.989,1786877232467.473,12020285.408,0.000000000,0.997896194,-0.044722136,0.016552912,-0.043921907
93,1859.990,1786877232487.474,12020305.409,0.000000000,0.997880697,-0.044382047,0.017139541,-0.044390686
94,1879.994,1786877232507.478,12020325.413,0.000000000,0.997891843,-0.043919556,0.017326143,-0.044527732
95,1899.991,1786877232527.476,12020345.411,0.000000000,0.997913837,-0.043513894,0.016785698,-0.044640023
96,1920.006,1786877232547.490,12020365.425,0.000000000,0.997940004,-0.043282777,0.015801650,-0.044639699
97,1939.992,1786877232567.476,12020385.411,0.000000000,0.997966230,-0.043091424,0.014577851,-0.044653922
98,1959.990,1786877232587.475,12020405.410,0.000000000,0.997983694,-0.042919796,0.013733782,-0.044697002
99,1979.988,1786877232607.473,12020425.408,0.000000000,0.998003662,-0.042703178,0.012822249,-0.044728823
100,1999.989,1786877232627.473,12020445.408,0.000000000,0.998020232,-0.042525921,0.012024954,-0.044749755
101,2019.990,1786877232647.474,12020465.409,0.000000000,0.998032212,-0.042429537,0.011309708,-0.044760685
102,2039.989,1786877232667.474,12020485.409,0.000000000,0.998040497,-0.042409070,0.010790554,-0.044724066
103,2059.989,1786877232687.473,12020505.408,0.000000000,0.998044789,-0.042453106,0.010465024,-0.044663064
104,2079.990,1786877232707.475,12020525.410,0.000000000,0.998043954,-0.042568073,0.010337453,-0.044602424
105,2099.990,1786877232727.475,12020545.410,0.000000000,0.998039544,-0.042782500,0.010423431,-0.044475578
106,2119.991,1786877232747.475,12020565.410,0.000000000,0.998034358,-0.043043111,0.010669594,-0.044282045
107,2139.998,1786877232767.482,12020585.417,0.000000000,0.998029768,-0.043331370,0.010933360,-0.044039600
108,2159.988,1786877232787.473,12020605.408,0.000000000,0.998014927,-0.043721680,0.011100942,-0.043946967
109,2179.990,1786877232807.475,12020625.410,0.000000000,0.997988462,-0.044218328,0.011105794,-0.044050451
110,2199.989,1786877232827.473,12020645.408,0.000000000,0.997974455,-0.044548128,0.011045023,-0.044050824
111,2219.989,1786877232847.474,12020665.409,0.000000000,0.997968435,-0.044873651,0.011003261,-0.043867264
112,2239.989,1786877232867.473,12020685.408,0.000000000,0.997955859,-0.045191184,0.010962339,-0.043837026
113,2259.990,1786877232887.474,12020705.409,0.000000000,0.997924149,-0.045635901,0.010836667,-0.044128135
114,2279.989,1786877232907.473,12020725.408,0.000000000,0.997895658,-0.046031635,0.010649822,-0.044406086
115,2299.992,1786877232927.476,12020745.411,0.000000000,0.997885466,-0.046238981,0.010470937,-0.044462588
116,2319.990,1786877232947.474,12020765.409,0.000000000,0.997876942,-0.046393704,0.010296643,-0.044533458
117,2339.989,1786877232967.473,12020785.408,0.000000000,0.997865796,-0.046533152,0.010146538,-0.044671707
118,2359.987,1786877232987.471,12020805.406,0.000000000,0.997850537,-0.046657968,0.009841865,-0.044950157
119,2379.990,1786877233007.475,12020825.409,0.000000000,0.997824907,-0.046793561,0.009467754,-0.045454867
120,2399.990,1786877233027.474,12020845.409,0.000000000,0.997795522,-0.047059644,0.009045846,-0.045909148
121,2419.991,1786877233047.475,12020865.410,0.000000000,0.997763336,-0.047415398,0.008598262,-0.046326928
122,2439.991,1786877233067.475,12020885.410,0.000000000,0.997745335,-0.047771808,0.008167353,-0.046426401
123,2459.991,1786877233087.475,12020905.410,0.000000000,0.997731566,-0.048360873,0.007501736,-0.046224080
124,2479.991,1786877233107.475,12020925.410,0.000000000,0.997721434,-0.049058218,0.006815998,-0.045812305
125,2499.990,1786877233127.475,12020945.410,0.000000000,0.997711718,-0.049867850,0.006242399,-0.045227442
126,2519.995,1786877233147.479,12020965.414,0.000000000,0.997689128,-0.050673574,0.005873491,-0.044879239
127,2539.995,1786877233167.479,12020985.414,0.000000000,0.997656822,-0.051335160,0.005760376,-0.044860013
128,2559.990,1786877233187.474,12021005.409,0.000000000,0.997625887,-0.051852375,0.005853205,-0.044940140
129,2579.990,1786877233207.474,12021025.409,0.000000000,0.997610688,-0.052300293,0.006029021,-0.044735417
130,2599.994,1786877233227.478,12021045.413,0.000000000,0.997583091,-0.052789018,0.006180470,-0.044756420
131,2619.990,1786877233247.474,12021065.409,0.000000000,0.997536361,-0.053340465,0.006326204,-0.045121219
132,2639.988,1786877233267.472,12021085.407,0.000000000,0.997485757,-0.053913865,0.006558254,-0.045524515
133,2659.989,1786877233287.473,12021105.408,0.000000000,0.997454822,-0.054362457,0.006857358,-0.045624070
134,2679.993,1786877233307.477,12021125.412,0.000000000,0.997417927,-0.055050243,0.007422035,-0.045518372
135,2699.991,1786877233327.475,12021145.410,0.000000000,0.997376919,-0.055742711,0.008128486,-0.045452565
136,2719.990,1786877233347.474,12021165.409,0.000000000,0.997331381,-0.056455769,0.008928979,-0.045422070
137,2739.990,1786877233367.474,12021185.409,0.000000000,0.997271776,-0.057366233,0.009967099,-0.045373760
138,2759.989,1786877233387.474,12021205.408,0.000000000,0.997205257,-0.058391865,0.011060907,-0.045274336
139,2779.989,1786877233407.474,12021225.409,0.000000000,0.997130692,-0.059497111,0.012006938,-0.045235898
140,2799.990,1786877233427.474,12021245.409,0.000000000,0.997040212,-0.060758226,0.012989752,-0.045283180
141,2819.991,1786877233447.476,12021265.411,0.000000000,0.996931851,-0.062215731,0.014013498,-0.045383379
142,2839.992,1786877233467.477,12021285.412,0.000000000,0.996817708,-0.063624121,0.014895944,-0.045656398
143,2859.990,1786877233487.474,12021305.409,0.000000000,0.996715605,-0.064584225,0.015681142,-0.046270929
144,2879.989,1786877233507.473,12021325.408,0.000000000,0.996625483,-0.065239340,0.016306907,-0.047069106
145,2899.990,1786877233527.474,12021345.409,0.000000000,0.996562958,-0.065664254,0.016539346,-0.047716796
146,2919.989,1786877233547.473,12021365.408,0.000000000,0.996480703,-0.066221811,0.016586378,-0.048639204
147,2939.990,1786877233567.474,12021385.409,0.000000000,0.996395886,-0.066816695,0.016611720,-0.049546506
148,2959.990,1786877233587.474,12021405.409,0.000000000,0.996313095,-0.067479849,0.016660349,-0.050289921
149,2979.991,1786877233607.475,12021425.410,0.000000000,0.996261120,-0.067882217,0.016569026,-0.050806042
150,2999.992,1786877233627.476,12021445.411,0.000000000,0.996217012,-0.068234302,0.016370686,-0.051262006
151,3019.990,1786877233647.474,12021465.409,0.000000000,0.996170402,-0.068700269,0.016040867,-0.051648315
152,3039.991,1786877233667.475,12021485.410,0.000000000,0.996114671,-0.069334187,0.015590763,-0.052012473
153,3059.989,1786877233687.473,12021505.408,0.000000000,0.996070385,-0.069919996,0.015265709,-0.052172557
154,3079.989,1786877233707.473,12021525.408,0.000000000,0.996020854,-0.070555128,0.015177930,-0.052288581
155,3099.990,1786877233727.475,12021545.410,0.000000000,0.995954931,-0.071265206,0.015081416,-0.052608293
156,3119.989,1786877233747.473,12021565.408,0.000000000,0.995871723,-0.072215304,0.015040956,-0.052897822
157,3139.994,1786877233767.478,12021585.413,0.000000000,0.995810747,-0.073041573,0.015012264,-0.052919988
158,3159.991,1786877233787.476,12021605.411,0.000000000,0.995741069,-0.074260458,0.014900966,-0.052564800
159,3179.991,1786877233807.475,12021625.410,0.000000000,0.995674253,-0.075713515,0.014989573,-0.051725809
160,3199.989,1786877233827.474,12021645.409,0.000000000,0.995603561,-0.077337690,0.015323972,-0.050573315
161,3219.989,1786877233847.473,12021665.408,0.000000000,0.995495975,-0.079331517,0.015598625,-0.049506988
162,3239.992,1786877233867.476,12021685.411,0.000000000,0.995393217,-0.081003986,0.015599842,-0.048859898
163,3259.993,1786877233887.478,12021705.413,0.000000000,0.995280683,-0.082436278,0.015403898,-0.048819669
164,3279.990,1786877233907.475,12021725.410,0.000000000,0.995095551,-0.084513918,0.015123727,-0.049128067
165,3299.997,1786877233927.481,12021745.417,0.000000000,0.994902551,-0.087017722,0.014419380,-0.048876967
166,3319.990,1786877233947.474,12021765.409,0.000000000,0.994696915,-0.089455903,0.013712644,-0.048863832
167,3339.988,1786877233967.473,12021785.407,0.000000000,0.994498372,-0.091098301,0.013140219,-0.050014690
168,3359.989,1786877233987.473,12021805.408,0.000000000,0.994372010,-0.091817148,0.012718867,-0.051304296
169,3379.988,1786877234007.473,12021825.408,0.000000000,0.994094551,-0.094024651,0.011799727,-0.052878525
170,3399.989,1786877234027.473,12021845.408,0.000000000,0.993691325,-0.097481295,0.009567319,-0.054620594
171,3419.989,1786877234047.473,12021865.408,0.000000000,0.993367255,-0.100365050,0.006568107,-0.055724453
172,3439.990,1786877234067.475,12021885.410,0.000000000,0.993146241,-0.102885477,0.003918778,-0.055315126
173,3459.989,1786877234087.473,12021905.408,0.000000000,0.992839098,-0.106555097,-0.000091322,-0.054005045
174,3479.988,1786877234107.473,12021925.408,0.000000000,0.992489159,-0.110195883,-0.004788910,-0.052907545
175,3499.988,1786877234127.473,12021945.408,0.000000000,0.992115200,-0.112451315,-0.008802664,-0.054632239
176,3519.988,1786877234147.473,12021965.407,0.000000000,0.991559803,-0.114066318,-0.012725757,-0.060299605
177,3539.988,1786877234167.472,12021985.407,0.000000000,0.990941644,-0.116444670,-0.017854700,-0.064470865
178,3559.989,1786877234187.473,12022005.408,0.000000000,0.990293622,-0.119321689,-0.024115395,-0.067077056
179,3579.989,1786877234207.473,12022025.408,0.000000000,0.989600718,-0.121730939,-0.031183871,-0.069997035
180,3599.989,1786877234227.474,12022045.409,0.000000000,0.989082992,-0.122432344,-0.037147842,-0.073110551
181,3619.990,1786877234247.474,12022065.409,0.000000000,0.988423765,-0.121432088,-0.045763232,-0.078603096
182,3639.989,1786877234267.473,12022085.408,0.000000000,0.987846792,-0.118786760,-0.054623116,-0.084052049
183,3659.989,1786877234287.473,12022105.408,0.000000000,0.987293780,-0.115240939,-0.062456131,-0.089832015
184,3679.988,1786877234307.472,12022125.407,0.000000000,0.986751616,-0.111151218,-0.068681382,-0.096174657
185,3699.989,1786877234327.474,12022145.409,0.000000000,0.986330032,-0.105537668,-0.073996909,-0.102661252
186,3719.989,1786877234347.474,12022165.409,0.000000000,0.986158550,-0.102012157,-0.078461938,-0.104539633
187,3739.989,1786877234367.473,12022185.408,0.000000000,0.986148536,-0.099416219,-0.081159234,-0.105074614
188,3759.989,1786877234387.474,12022205.409,0.000000000,0.985948265,-0.096137911,-0.083950594,-0.107776575
189,3779.998,1786877234407.482,12022225.417,0.000000000,0.985651076,-0.092814282,-0.086997367,-0.110945553
190,3799.989,1786877234427.473,12022245.408,0.000000000,0.985423267,-0.089672282,-0.089804359,-0.113291889
191,3819.988,1786877234447.472,12022265.407,0.000000000,0.985392749,-0.087123759,-0.091839589,-0.113912337
192,3839.988,1786877234467.473,12022285.407,0.000000000,0.985502005,-0.083316691,-0.094610907,-0.113547027
193,3859.989,1786877234487.473,12022305.408,0.000000000,0.985660553,-0.079373263,-0.097469889,-0.112573318
194,3879.989,1786877234507.473,12022325.408,0.000000000,0.985910594,-0.075132914,-0.100352295,-0.110746510
195,3899.989,1786877234527.473,12022345.408,0.000000000,0.986162841,-0.070298664,-0.103333697,-0.108917937
196,3919.988,1786877234547.472,12022365.407,0.000000000,0.986289322,-0.066125214,-0.106214955,-0.107606620
197,3939.988,1786877234567.473,12022385.408,0.000000000,0.986286163,-0.063708611,-0.109198548,-0.106096789
198,3959.989,1786877234587.474,12022405.408,0.000000000,0.986141324,-0.061965872,-0.112311319,-0.105222069
199,3979.988,1786877234607.472,12022425.407,0.000000000,0.985879242,-0.061384972,-0.115363903,-0.104714610
200,3999.988,1786877234627.473,12022445.408,0.000000000,0.985349178,-0.061850928,-0.119122334,-0.105220266
201,4019.988,1786877234647.472,12022465.407,0.000000000,0.984631479,-0.062807091,-0.123598963,-0.106204785
202,4039.990,1786877234667.474,12022485.409,0.000000000,0.984006345,-0.063495725,-0.127619177,-0.106832124
203,4059.989,1786877234687.473,12022505.408,0.000000000,0.982904196,-0.063468181,-0.134651095,-0.108352110
204,4079.991,1786877234707.475,12022525.410,0.000000000,0.981559217,-0.062860452,-0.143500343,-0.109533943
205,4099.990,1786877234727.474,12022545.409,0.000000000,0.979651332,-0.061379757,-0.155114681,-0.111602992
206,4119.988,1786877234747.472,12022565.407,0.000000000,0.976619244,-0.057615194,-0.169733673,-0.118683711
207,4139.994,1786877234767.478,12022585.413,0.000000000,0.972152889,-0.051597439,-0.187671065,-0.130521968
208,4159.988,1786877234787.473,12022605.408,0.000000000,0.967072904,-0.042819265,-0.205492198,-0.143907771
209,4179.989,1786877234807.473,12022625.408,0.000000000,0.961530089,-0.037190489,-0.220608220,-0.159401372
210,4199.988,1786877234827.473,12022645.408,0.000000000,0.956740975,-0.043383826,-0.227723390,-0.175802767
211,4219.989,1786877234847.473,12022665.408,0.000000000,0.951373458,-0.049710177,-0.234553084,-0.193396643
212,4239.988,1786877234867.472,12022685.407,0.000000000,0.945030272,-0.054603256,-0.244255766,-0.210417166
213,4259.988,1786877234887.473,12022705.408,0.000000000,0.938273251,-0.058664259,-0.254273653,-0.227038935
214,4279.988,1786877234907.472,12022725.407,0.000000000,0.933011591,-0.060630403,-0.261700779,-0.239428535
215,4299.989,1786877234927.473,12022745.408,0.000000000,0.926195562,-0.062625542,-0.271142155,-0.254404694
216,4319.989,1786877234947.474,12022765.409,0.000000000,0.921468437,-0.063350223,-0.277871579,-0.263950944
217,4339.988,1786877234967.472,12022785.407,0.000000000,0.918603778,-0.065432176,-0.283615649,-0.267297328
218,4359.989,1786877234987.473,12022805.408,0.000000000,0.915537596,-0.068945229,-0.288895190,-0.271250844
219,4379.989,1786877235007.473,12022825.408,0.000000000,0.912202656,-0.070507340,-0.292786658,-0.277832627
220,4399.988,1786877235027.473,12022845.408,0.000000000,0.908042192,-0.078404397,-0.303276867,-0.278092265
221,4419.988,1786877235047.473,12022865.408,0.000000000,0.902166188,-0.100103721,-0.313195825,-0.279255748
222,4439.988,1786877235067.473,12022885.407,0.000000000,0.893125713,-0.124773778,-0.326366305,-0.283271879
223,4459.987,1786877235087.471,12022905.406,0.000000000,0.880443692,-0.149719447,-0.346925825,-0.286435723
224,4479.988,1786877235107.472,12022925.407,0.000000000,0.864529490,-0.177606896,-0.372400343,-0.286988735
225,4499.989,1786877235127.473,12022945.408,0.000000000,0.851319909,-0.201895803,-0.390797168,-0.285954624
226,4519.992,1786877235147.476,12022965.411,0.000000000,0.834808707,-0.234288201,-0.406618088,-0.287863195
227,4539.990,1786877235167.474,12022985.409,0.000000000,0.818480968,-0.260084271,-0.423844188,-0.287751973
228,4559.992,1786877235187.476,12023005.411,0.000000000,0.806451201,-0.281803936,-0.436059773,-0.282975048
229,4579.992,1786877235207.476,12023025.411,0.000000000,0.796595573,-0.298220485,-0.446818829,-0.277223706
230,4599.990,1786877235227.474,12023045.409,0.000000000,0.786216140,-0.313700974,-0.457438976,-0.272406757
231,4619.990,1786877235247.474,12023065.409,0.000000000,0.775685847,-0.332742155,-0.464570016,-0.267897040
232,4639.992,1786877235267.476,12023085.411,0.000000000,0.766679108,-0.347432733,-0.470479846,-0.264844060
233,4659.988,1786877235287.473,12023105.407,0.000000000,0.762161076,-0.352690548,-0.475245893,-0.262414157
234,4679.988,1786877235307.473,12023125.408,0.000000000,0.762146473,-0.358460695,-0.475155979,-0.254686981
235,4699.988,1786877235327.473,12023145.408,0.000000000,0.764998496,-0.369647294,-0.468328476,-0.242500812
236,4719.993,1786877235347.477,12023165.412,0.000000000,0.771946728,-0.383431911,-0.451905608,-0.229911983
237,4739.990,1786877235367.474,12023185.409,0.000000000,0.779253483,-0.395200789,-0.434238344,-0.219128609
238,4759.989,1786877235387.473,12023205.408,0.000000000,0.790319026,-0.412751138,-0.404550344,-0.203399435
239,4779.989,1786877235407.474,12023225.408,0.000000000,0.801043808,-0.431753665,-0.369828761,-0.187468201
240,4799.990,1786877235427.474,12023245.409,0.000000000,0.809523344,-0.452548951,-0.333300799,-0.169652641
241,4819.992,1786877235447.476,12023265.411,0.000000000,0.817120314,-0.475610912,-0.291529506,-0.145324379
242,4839.988,1786877235467.473,12023285.408,0.000000000,0.824741960,-0.495565146,-0.247202888,-0.114484020
243,4859.988,1786877235487.472,12023305.407,0.000000000,0.831589103,-0.506114483,-0.212900877,-0.083552234
244,4879.988,1786877235507.472,12023325.407,0.000000000,0.823371708,-0.529858410,-0.196808457,-0.050749023
245,4899.987,1786877235527.471,12023345.406,0.000000000,0.803053439,-0.567157149,-0.182045713,-0.017242532
246,4919.987,1786877235547.471,12023365.406,0.000000000,0.778360486,-0.606506526,-0.161538839,0.014491356
247,4939.987,1786877235567.471,12023385.406,0.000000000,0.754637063,-0.639903367,-0.140116289,0.037603632
248,4959.988,1786877235587.473,12023405.408,0.000000000,0.740131795,-0.658906996,-0.125330359,0.048361052
249,4979.988,1786877235607.472,12023425.407,0.000000000,0.724469960,-0.678592443,-0.106451638,0.057650581
250,4999.989,1786877235627.473,12023445.408,0.000000000,0.712276280,-0.693602979,-0.086222142,0.064367004
251,5019.989,1786877235647.473,12023465.408,0.000000000,0.701753199,-0.706124604,-0.062350698,0.071013138
252,5039.989,1786877235667.474,12023485.409,0.000000000,0.691744745,-0.716904342,-0.031630695,0.080850989
253,5059.989,1786877235687.473,12023505.408,0.000000000,0.686123312,-0.721704185,0.005327583,0.091375731
254,5079.989,1786877235707.473,12023525.408,0.000000000,0.682667673,-0.723546207,0.034774788,0.096106358
255,5099.988,1786877235727.473,12023545.408,0.000000000,0.681834638,-0.724085152,0.044368573,0.093987636
256,5119.988,1786877235747.472,12023565.407,0.000000000,0.688423634,-0.717045009,0.062823012,0.089289866
257,5139.989,1786877235767.473,12023585.408,0.000000000,0.692882180,-0.711663783,0.077460721,0.086306430
258,5159.988,1786877235787.473,12023605.408,0.000000000,0.695488155,-0.709611177,0.075744271,0.083732106
259,5179.989,1786877235807.473,12023625.408,0.000000000,0.694084883,-0.712513268,0.063933626,0.080519848
260,5199.988,1786877235827.473,12023645.408,0.000000000,0.690201104,-0.717926204,0.054605193,0.072268650
261,5219.989,1786877235847.473,12023665.408,0.000000000,0.689538836,-0.719804704,0.049407832,0.063057832
262,5239.989,1786877235867.473,12023685.408,0.000000000,0.692800343,-0.718007267,0.040675644,0.053279664
263,5259.989,1786877235887.473,12023705.408,0.000000000,0.692831039,-0.719085395,0.021950565,0.049188491
264,5279.989,1786877235907.474,12023725.408,0.000000000,0.684121907,-0.727855682,-0.007692863,0.046304975
265,5299.989,1786877235927.473,12023745.408,0.000000000,1.000000000,0.000000000,0.000000000,0.000000000
266,5319.989,1786877235947.473,12023765.408,0.000000000,0.992326796,-0.010133116,0.106169507,0.062553197
267,5339.988,1786877235967.473,12023785.408,0.000000000,0.984593689,-0.028612737,0.149238989,0.086511798
268,5359.991,1786877235987.475,12023805.410,0.000000000,0.984641433,-0.025610399,0.159783378,0.065533653
269,5379.990,1786877236007.474,12023825.409,0.000000000,0.987000704,-0.009833983,0.156994030,0.032950629
270,5399.989,1786877236027.474,12023845.408,0.000000000,0.988027573,0.004131064,0.154165640,-0.004170290
271,5419.990,1786877236047.475,12023865.410,0.000000000,0.985692859,0.014131838,0.161012813,-0.047799218
272,5439.989,1786877236067.473,12023885.408,0.000000000,0.979723096,0.013650789,0.177069664,-0.092750669
273,5459.989,1786877236087.474,12023905.408,0.000000000,0.974610627,0.010600542,0.185628772,-0.124754839
274,5479.989,1786877236107.473,12023925.408,0.000000000,0.966675937,0.006834893,0.190901801,-0.170433059
275,5499.990,1786877236127.474,12023945.409,0.000000000,0.956335485,0.000060038,0.195943728,-0.216860458
276,5519.988,1786877236147.473,12023965.407,0.000000000,0.942612171,-0.004326591,0.205445707,-0.263164699
277,5539.988,1786877236167.472,12023985.407,0.000000000,0.924281955,-0.001450863,0.208362460,-0.319821596
278,5559.988,1786877236187.473,12024005.408,0.000000000,0.900791228,0.004391247,0.181287408,-0.394576728
279,5579.989,1786877236207.474,12024025.409,0.000000000,0.872832298,0.006631045,0.163825437,-0.459653109
280,5599.989,1786877236227.473,12024045.408,0.000000000,0.844648957,0.006734540,0.151963621,-0.513254166
281,5619.989,1786877236247.473,12024065.408,0.000000000,0.814224601,0.016641239,0.133472696,-0.564753413
282,5639.991,1786877236267.476,12024085.411,0.000000000,0.780324459,0.033878613,0.114238061,-0.613918304
283,5659.988,1786877236287.473,12024105.408,0.000000000,0.741331637,0.046340536,0.101654269,-0.661775172
284,5679.989,1786877236307.473,12024125.408,0.000000000,0.691813827,0.047136616,0.094070405,-0.714368641
285,5699.989,1786877236327.473,12024145.408,0.000000000,0.655536711,0.044048931,0.095918208,-0.747750640
286,5719.992,1786877236347.476,12024165.411,0.000000000,0.618535399,0.047727581,0.106240071,-0.777077258
287,5739.991,1786877236367.475,12024185.410,0.000000000,0.585634112,0.059058882,0.117038794,-0.799904168
288,5759.992,1786877236387.476,12024205.411,0.000000000,0.556137145,0.059723243,0.124796070,-0.819494069
289,5779.991,1786877236407.475,12024225.410,0.000000000,0.537213683,0.064752832,0.137626350,-0.829618931
290,5799.989,1786877236427.473,12024245.408,0.000000000,0.522285759,0.072520144,0.143134058,-0.837538660
291,5819.989,1786877236447.473,12024265.408,0.000000000,0.499716789,0.076069206,0.130839974,-0.852864265
292,5839.990,1786877236467.474,12024285.409,0.000000000,0.468618482,0.076619871,0.113196641,-0.872761488
293,5859.988,1786877236487.472,12024305.407,0.000000000,0.445358396,0.073675573,0.107555538,-0.885810137
294,5879.988,1786877236507.472,12024325.407,0.000000000,0.425940931,0.062961482,0.103497840,-0.896603823
295,5899.990,1786877236527.474,12024345.409,0.000000000,0.404582143,0.038971540,0.105181523,-0.907596469
296,5920.004,1786877236547.489,12024365.423,0.000000000,0.388019681,0.018432725,0.108412400,-0.915067077
297,5939.992,1786877236567.477,12024385.412,0.000000000,0.381610155,0.008784829,0.111926168,-0.917479753
298,5959.989,1786877236587.473,12024405.408,0.000000000,0.378407449,-0.000821609,0.115824178,-0.918363690
299,5980.049,1786877236607.533,12024425.469,0.000000000,0.379895300,-0.008759894,0.118658453,-0.917345643
300,5999.991,1786877236627.475,12024445.410,0.000000000,0.388727933,-0.008580955,0.122924969,-0.913075268
301,6019.995,1786877236647.479,12024465.414,0.000000000,0.403124869,-0.003964449,0.131708324,-0.905608952
302,6039.991,1786877236667.476,12024485.411,0.000000000,0.408861518,-0.002774374,0.141422406,-0.901567698
303,6059.988,1786877236687.473,12024505.408,0.000000000,0.405119926,-0.004385904,0.148044974,-0.902186930
304,6079.988,1786877236707.472,12024525.407,0.000000000,0.397957236,-0.004563303,0.152194649,-0.904680073
305,6099.989,1786877236727.473,12024545.408,0.000000000,0.393679887,-0.000229464,0.155466780,-0.906005621
306,6119.987,1786877236747.471,12024565.407,0.000000000,0.394526392,0.011066646,0.154268757,-0.905774593
307,6139.988,1786877236767.472,12024585.407,0.000000000,0.398585707,0.022749580,0.148027211,-0.904820323
308,6159.992,1786877236787.476,12024605.411,0.000000000,0.404033542,0.032806031,0.142828539,-0.902928948
309,6180.351,1786877236807.835,12024625.770,0.000000000,0.410867572,0.032828987,0.146587551,-0.899234235
310,6199.995,1786877236827.479,12024645.414,0.000000000,0.424354643,0.027014524,0.151070088,-0.892396331
311,6219.995,1786877236847.479,12024665.414,0.000000000,0.444187969,0.020215550,0.152076587,-0.882701039
312,6239.993,1786877236867.477,12024685.412,0.000000000,0.472701013,0.018594671,0.153544903,-0.867543638
313,6259.988,1786877236887.473,12024705.408,0.000000000,0.501031399,0.023489559,0.158055216,-0.850549459
314,6279.991,1786877236907.476,12024725.411,0.000000000,0.519921839,0.027453475,0.157119125,-0.839190781
315,6299.993,1786877236927.477,12024745.412,0.000000000,0.531217277,0.026805690,0.153615743,-0.832761586
316,6319.989,1786877236947.474,12024765.408,0.000000000,0.541669786,0.022316642,0.151138291,-0.826591194
317,6339.989,1786877236967.474,12024785.408,0.000000000,0.552997530,0.019502835,0.149338305,-0.819458008
318,6359.994,1786877236987.479,12024805.413,0.000000000,0.563927531,0.021454737,0.146191478,-0.812498331
319,6379.993,1786877237007.477,12024825.412,0.000000000,0.572121441,0.024687769,0.141279787,-0.807531774
320,6399.992,1786877237027.477,12024845.412,0.000000000,0.583715618,0.031291232,0.131307304,-0.800659299
321,6419.991,1786877237047.475,12024865.410,0.000000000,0.599831343,0.035413593,0.121375799,-0.790073514
322,6439.990,1786877237067.475,12024885.410,0.000000000,0.616136730,0.035696611,0.120442122,-0.777557075
323,6459.989,1786877237087.474,12024905.409,0.000000000,0.620617807,0.045102075,0.118825242,-0.773744047
324,6479.991,1786877237107.475,12024925.410,0.000000000,0.621236384,0.059153810,0.117786802,-0.772458673
325,6499.995,1786877237127.479,12024945.415,0.000000000,0.623875260,0.066131391,0.118713751,-0.769618928
326,6519.989,1786877237147.473,12024965.408,0.000000000,0.630465925,0.072614558,0.121510282,-0.763200581
327,6540.026,1786877237167.510,12024985.445,0.000000000,0.644614935,0.076979466,0.118412256,-0.751348317
328,6560.033,1786877237187.517,12025005.452,0.000000000,0.659307599,0.079477102,0.114560880,-0.738831997
329,6579.990,1786877237207.474,12025025.409,0.000000000,0.672877908,0.075357467,0.111011736,-0.727484047
330,6599.989,1786877237227.474,12025045.409,0.000000000,0.690271735,0.071451649,0.112701014,-0.711138546
331,6619.989,1786877237247.474,12025065.409,0.000000000,0.699288964,0.071302325,0.116923846,-0.701597989
332,6639.989,1786877237267.473,12025085.408,0.000000000,0.704991519,0.074096516,0.117799312,-0.695427895
333,6659.988,1786877237287.472,12025105.407,0.000000000,0.708489835,0.078304425,0.114896700,-0.691888213
334,6679.990,1786877237307.474,12025125.409,0.000000000,0.716181517,0.081619382,0.110402770,-0.684275925
335,6699.995,1786877237327.479,12025145.414,0.000000000,0.730018854,0.085351698,0.103118017,-0.670189679
336,6719.988,1786877237347.472,12025165.407,0.000000000,0.747262418,0.095118538,0.089818873,-0.651524305
337,6739.994,1786877237367.479,12025185.413,0.000000000,0.752348721,0.106872149,0.092264116,-0.643457115
338,6759.992,1786877237387.476,12025205.411,0.000000000,0.750267327,0.116767205,0.097699434,-0.643365502
339,6780.022,1786877237407.507,12025225.441,0.000000000,0.751143217,0.111317359,0.091057189,-0.644283235
340,6800.016,1786877237427.500,12025245.435,0.000000000,0.756478429,0.105888844,0.088978931,-0.639226615
341,6819.998,1786877237447.482,12025265.418,0.000000000,0.762183189,0.108217716,0.085194595,-0.632540584
342,6840.021,1786877237467.505,12025285.440,0.000000000,0.767866075,0.119477712,0.081320353,-0.624094367
343,6860.074,1786877237487.558,12025305.493,0.000000000,0.774582565,0.125548348,0.078379273,-0.614911556
344,6880.084,1786877237507.568,12025325.503,0.000000000,0.781251311,0.126375839,0.076325528,-0.606506288
345,6900.006,1786877237527.490,12025345.425,0.000000000,0.788414717,0.128537461,0.073987678,-0.596997678
346,6919.997,1786877237547.481,12025365.416,0.000000000,0.788659573,0.134975657,0.071986705,-0.595496058
347,6940.038,1786877237567.522,12025385.457,0.000000000,0.786542058,0.141792879,0.066847101,-0.597308815
348,6960.024,1786877237587.508,12025405.443,0.000000000,0.785787463,0.145810887,0.060255751,-0.598035574
349,6979.991,1786877237607.475,12025425.410,0.000000000,0.785295427,0.150612280,0.046839308,-0.598692834
350,7000.032,1786877237627.517,12025445.452,0.000000000,0.783811510,0.156206623,0.040508162,-0.599664986
351,7019.990,1786877237647.474,12025465.409,0.000000000,0.779750049,0.153280169,0.049705543,-0.604999542
352,7040.031,1786877237667.515,12025485.450,0.000000000,0.780343294,0.135566488,0.053260721,-0.608152390
353,7060.023,1786877237687.507,12025505.442,0.000000000,0.779926479,0.126448438,0.059456725,-0.610074103
354,7080.027,1786877237707.511,12025525.446,0.000000000,0.778514326,0.124364458,0.066338360,-0.611594796
355,7100.023,1786877237727.507,12025545.442,0.000000000,0.780750275,0.131610215,0.068896569,-0.606927514
356,7119.988,1786877237747.473,12025565.408,0.000000000,0.782256961,0.138232812,0.064698324,-0.603970051
357,7140.024,1786877237767.508,12025585.443,0.000000000,0.782764018,0.141942188,0.062647790,-0.602667570
358,7159.998,1786877237787.482,12025605.417,0.000000000,0.785065651,0.145832151,0.062911995,-0.598704457
359,7179.989,1786877237807.473,12025625.408,0.000000000,0.781773865,0.153775483,0.068008505,-0.600464463
360,7200.021,1786877237827.505,12025645.440,0.000000000,0.775464118,0.162959769,0.073015273,-0.605614007
361,7219.990,1786877237847.474,12025665.409,0.000000000,0.771423280,0.168670669,0.076366372,-0.608789325
362,7240.026,1786877237867.511,12025685.446,0.000000000,0.766683817,0.175007418,0.074303225,-0.613227010
363,7260.022,1786877237887.506,12025705.441,0.000000000,0.759918511,0.181623682,0.076010026,-0.619482994
364,7280.021,1786877237907.505,12025725.440,0.000000000,0.751367271,0.180729032,0.096925609,-0.627207816
365,7300.021,1786877237927.506,12025745.441,0.000000000,0.743507326,0.179660037,0.119416937,-0.632976055
366,7320.024,1786877237947.508,12025765.443,0.000000000,0.738418221,0.183660656,0.132411882,-0.635196328
367,7340.061,1786877237967.545,12025785.480,0.000000000,0.740863204,0.187002227,0.128936157,-0.632081807
368,7360.032,1786877237987.516,12025805.451,0.000000000,0.746335864,0.191726521,0.122363433,-0.625500500
369,7379.994,1786877238007.478,12025825.413,0.000000000,0.747367501,0.196837664,0.121177800,-0.622906625
370,7400.024,1786877238027.508,12025845.443,0.000000000,0.746371806,0.206685245,0.120626710,-0.621014893
371,7419.990,1786877238047.475,12025865.410,0.000000000,0.743653774,0.215486944,0.121940047,-0.621027410
372,7439.990,1786877238067.474,12025885.409,0.000000000,0.737340033,0.226320922,0.128792822,-0.623314500
373,7459.988,1786877238087.472,12025905.407,0.000000000,0.729740918,0.237119123,0.136747912,-0.626540303
374,7479.989,1786877238107.473,12025925.408,0.000000000,0.726540804,0.243424818,0.144775137,-0.626037538
375,7499.993,1786877238127.477,12025945.412,0.000000000,0.723646939,0.248728946,0.154493287,-0.624980688
376,7519.990,1786877238147.475,12025965.410,0.000000000,0.716427803,0.256719798,0.158428088,-0.629068077
377,7539.990,1786877238167.475,12025985.409,0.000000000,0.710009098,0.265041918,0.160074323,-0.632468283
378,7559.990,1786877238187.474,12026005.409,0.000000000,0.707688391,0.272974074,0.163881883,-0.630717874
379,7579.989,1786877238207.473,12026025.408,0.000000000,0.706254900,0.280784428,0.166943774,-0.628087521
380,7600.002,1786877238227.486,12026045.421,0.000000000,0.701077998,0.290885210,0.168211803,-0.628951669
381,7620.024,1786877238247.508,12026065.443,0.000000000,0.695549130,0.303139895,0.174036369,-0.627717257
382,7640.125,1786877238267.609,12026085.544,0.000000000,0.682974935,0.316841871,0.198384359,-0.627534926
383,7660.021,1786877238287.505,12026105.440,0.000000000,0.662627041,0.334372342,0.228756219,-0.629913628
384,7680.022,1786877238307.506,12026125.441,0.000000000,0.642349184,0.354582876,0.255342305,-0.629649758
385,7700.022,1786877238327.506,12026145.441,0.000000000,0.622457385,0.373282820,0.281273186,-0.627767563
386,7719.991,1786877238347.476,12026165.411,0.000000000,0.600949466,0.392675966,0.310196877,-0.623252094
387,7739.996,1786877238367.480,12026185.415,0.000000000,0.577152252,0.413042873,0.339513719,-0.617269218
388,7759.990,1786877238387.474,12026205.409,0.000000000,0.556861460,0.435919285,0.368390709,-0.603463352
389,7780.024,1786877238407.508,12026225.443,0.000000000,0.541828930,0.446818560,0.390385062,-0.595293283
390,7800.024,1786877238427.509,12026245.444,0.000000000,0.547014832,0.458699465,0.394927651,-0.578274786
391,7819.999,1786877238447.484,12026265.419,0.000000000,0.552273571,0.467932254,0.400712162,-0.561661005
392,7840.024,1786877238467.508,12026285.443,0.000000000,0.549700737,0.474039853,0.418107182,-0.546170056
393,7860.019,1786877238487.503,12026305.438,0.000000000,0.549651861,0.471255153,0.429054618,-0.540105164
394,7880.037,1786877238507.521,12026325.456,0.000000000,0.547428608,0.468381643,0.445186138,-0.531742334
395,7900.022,1786877238527.507,12026345.442,0.000000000,0.546279132,0.464703500,0.455988139,-0.526976824
396,7919.992,1786877238547.476,12026365.411,0.000000000,0.542935371,0.463399202,0.465486795,-0.523263216
397,7939.992,1786877238567.476,12026385.411,0.000000000,0.535573184,0.468601406,0.474619895,-0.517986536
398,7959.989,1786877238587.473,12026405.408,0.000000000,0.529396057,0.477467299,0.478421003,-0.512716413
399,7979.990,1786877238607.474,12026425.409,0.000000000,0.524850249,0.485694677,0.475408316,-0.512464464
400,7999.990,1786877238627.474,12026445.409,0.000000000,0.519681990,0.492984563,0.470576733,-0.515222669
401,8020.003,1786877238647.487,12026465.422,0.000000000,0.513945341,0.499340713,0.462976575,-0.521700799
402,8040.027,1786877238667.511,12026485.446,0.000000000,0.510797083,0.501230299,0.455941617,-0.529123604
403,8060.027,1786877238687.511,12026505.446,0.000000000,0.509991944,0.502153218,0.448886812,-0.535024345
404,8080.054,1786877238707.538,12026525.473,0.000000000,0.509565413,0.502043605,0.441880405,-0.541328967
405,8100.023,1786877238727.508,12026545.443,0.000000000,0.508921742,0.501763642,0.436190248,-0.546781480
406,8119.999,1786877238747.483,12026565.418,0.000000000,0.508358121,0.501493335,0.433100730,-0.550000191
407,8140.024,1786877238767.508,12026585.443,0.000000000,0.508043706,0.501256526,0.429708630,-0.553158224
408,8160.008,1786877238787.492,12026605.428,0.000000000,0.508501291,0.501575232,0.427096456,-0.554470301
409,8179.996,1786877238807.480,12026625.415,0.000000000,0.510212541,0.501923919,0.425379544,-0.553902268
410,8199.991,1786877238827.475,12026645.410,0.000000000,0.511878788,0.501842380,0.425511360,-0.552335441
411,8219.991,1786877238847.475,12026665.410,0.000000000,0.513426602,0.500880599,0.426254660,-0.551197529
412,8239.991,1786877238867.476,12026685.410,0.000000000,0.515341103,0.499898881,0.426802129,-0.549876928
413,8259.990,1786877238887.474,12026705.409,0.000000000,0.516793132,0.499109268,0.427871913,-0.548398077
414,8279.990,1786877238907.474,12026725.409,0.000000000,0.517151356,0.498721182,0.428866625,-0.547635853
415,8299.991,1786877238927.476,12026745.411,0.000000000,0.516819000,0.498462230,0.429260433,-0.547876835
416,8319.989,1786877238947.473,12026765.408,0.000000000,0.516943753,0.498206824,0.428681284,-0.548444569
417,8339.989,1786877238967.473,12026785.408,0.000000000,0.516703784,0.498122424,0.427839220,-0.549404085
418,8359.988,1786877238987.472,12026805.407,0.000000000,0.516130984,0.497977406,0.426757336,-0.550913334
419,8379.989,1786877239007.474,12026825.409,0.000000000,0.515623629,0.498514086,0.424888968,-0.552345276
420,8399.989,1786877239027.474,12026845.409,0.000000000,0.514829576,0.498918742,0.423877716,-0.553496420
421,8419.989,1786877239047.473,12026865.408,0.000000000,0.514582694,0.499521464,0.422060162,-0.554570258
422,8439.990,1786877239067.474,12026885.409,0.000000000,0.513384342,0.500035822,0.421042651,-0.555989027
423,8459.987,1786877239087.472,12026905.407,0.000000000,0.511837184,0.500981390,0.419684261,-0.557588935
424,8479.988,1786877239107.473,12026925.407,0.000000000,0.510758162,0.502090335,0.418604732,-0.558391869
425,8499.988,1786877239127.472,12026945.407,0.000000000,0.510214150,0.502844930,0.417221069,-0.559245110
426,8519.988,1786877239147.473,12026965.408,0.000000000,0.509454727,0.504067123,0.415908277,-0.559814692
427,8539.989,1786877239167.473,12026985.408,0.000000000,0.508619905,0.505756378,0.414955676,-0.559757173
428,8559.989,1786877239187.474,12027005.409,0.000000000,0.507928073,0.507464588,0.414187044,-0.559408486
429,8579.988,1786877239207.472,12027025.407,0.000000000,0.507706642,0.508477032,0.413507909,-0.559192538
430,8599.988,1786877239227.473,12027045.408,0.000000000,0.507616460,0.509364128,0.412409633,-0.559278131
431,8619.991,1786877239247.475,12027065.410,0.000000000,0.507198334,0.510044038,0.411103696,-0.559998810
432,8639.989,1786877239267.473,12027085.408,0.000000000,0.506584525,0.510729253,0.410057843,-0.560696304
433,8659.989,1786877239287.473,12027105.408,0.000000000,0.505817533,0.511799037,0.409616143,-0.560736120
434,8679.989,1786877239307.473,12027125.408,0.000000000,0.504998624,0.513228059,0.409374356,-0.560344517
435,8699.988,1786877239327.473,12027145.408,0.000000000,0.504267514,0.514739692,0.409152687,-0.559777975
436,8719.988,1786877239347.472,12027165.407,0.000000000,0.503467858,0.516457736,0.409033984,-0.559001505
437,8739.990,1786877239367.474,12027185.409,0.000000000,0.502324820,0.518343747,0.409193784,-0.558166623
438,8759.989,1786877239387.474,12027205.409,0.000000000,0.500857472,0.520034909,0.409813404,-0.557457149
439,8779.988,1786877239407.472,12027225.407,0.000000000,0.499418080,0.521525860,0.410242081,-0.557040215
440,8799.988,1786877239427.472,12027245.407,0.000000000,0.498051405,0.523096442,0.410480291,-0.556615472
441,8819.988,1786877239447.473,12027265.408,0.000000000,0.497113049,0.524381101,0.410323411,-0.556361198
442,8839.988,1786877239467.472,12027285.407,0.000000000,0.495675176,0.525961518,0.411262721,-0.555458009
443,8859.988,1786877239487.473,12027305.407,0.000000000,0.493447781,0.527679384,0.413106531,-0.554442704
444,8879.989,1786877239507.473,12027325.408,0.000000000,0.491191506,0.529430449,0.414335936,-0.553859234
445,8899.989,1786877239527.473,12027345.408,0.000000000,0.488369465,0.531311691,0.416179627,-0.553170562
446,8919.988,1786877239547.472,12027365.407,0.000000000,0.485796958,0.533760250,0.417363107,-0.552185953
447,8939.989,1786877239567.473,12027385.408,0.000000000,0.482079238,0.536553741,0.419810504,-0.550880015
448,8959.995,1786877239587.479,12027405.414,0.000000000,0.999861658,0.006031741,0.013850373,0.006960990
449,8979.994,1786877239607.479,12027425.414,0.000000000,0.998700619,0.023263287,0.009260980,-0.044386737
450,8999.995,1786877239627.479,12027445.414,0.000000000,0.988484919,0.043383509,0.019674499,-0.143625692
451,9019.993,1786877239647.477,12027465.412,0.000000000,0.974411964,0.050852153,0.026617242,-0.217317536
452,9040.004,1786877239667.488,12027485.423,0.000000000,0.963784575,0.037563130,0.016256809,-0.263522327
453,9060.000,1786877239687.484,12027505.419,0.000000000,0.956200004,0.027164143,0.000322738,-0.291450858
454,9079.996,1786877239707.480,12027525.415,0.000000000,0.946703136,0.010574060,0.000358620,-0.321933657
455,9100.001,1786877239727.486,12027545.421,0.000000000,0.937595367,-0.018851737,-0.009415289,-0.347089201
456,9119.997,1786877239747.481,12027565.416,0.000000000,0.936217308,-0.041629601,-0.018866958,-0.348436683
457,9139.991,1786877239767.476,12027585.410,0.000000000,0.939541101,-0.056290176,-0.017485620,-0.337325066
458,9159.989,1786877239787.473,12027605.408,0.000000000,0.941745758,-0.050795015,-0.006238725,-0.332409114
459,9179.992,1786877239807.477,12027625.412,0.000000000,0.933227122,-0.034395237,0.005557978,-0.357593715
460,9199.988,1786877239827.472,12027645.407,0.000000000,0.914773464,-0.023267359,-0.006217124,-0.403248698
461,9219.990,1786877239847.474,12027665.409,0.000000000,0.902358413,-0.029392758,-0.005356527,-0.429949641
462,9239.992,1786877239867.476,12027685.411,0.000000000,0.899597347,-0.047432516,-0.000383108,-0.434136659
463,9259.992,1786877239887.476,12027705.411,0.000000000,0.897215307,-0.066400304,-0.008640669,-0.436487138
464,9279.998,1786877239907.482,12027725.417,0.000000000,0.893609226,-0.075353585,-0.017735085,-0.442119777
465,9299.990,1786877239927.474,12027745.409,0.000000000,0.885988116,-0.081185915,-0.026732346,-0.455762357
466,9319.990,1786877239947.474,12027765.409,0.000000000,0.874767840,-0.083469577,-0.033339251,-0.476132900
467,9339.989,1786877239967.473,12027785.408,0.000000000,0.858978331,-0.081285566,-0.045225881,-0.503491342
468,9359.987,1786877239987.472,12027805.407,0.000000000,0.841761172,-0.072843380,-0.070461705,-0.530251920
469,9379.989,1786877240007.474,12027825.408,0.000000000,0.824509442,-0.065478876,-0.091028348,-0.554626524
470,9399.988,1786877240027.473,12027845.407,0.000000000,0.814855397,-0.070014238,-0.096383207,-0.567290902
471,9419.992,1786877240047.476,12027865.411,0.000000000,0.811844707,-0.081085131,-0.090329975,-0.571116328
472,9439.988,1786877240067.473,12027885.408,0.000000000,0.809215069,-0.089026213,-0.079296082,-0.575289011
473,9459.991,1786877240087.475,12027905.410,0.000000000,0.803945422,-0.092093229,-0.068781450,-0.583489239
474,9479.992,1786877240107.477,12027925.412,0.000000000,0.797242045,-0.091628887,-0.060709480,-0.593568563
475,9499.993,1786877240127.478,12027945.413,0.000000000,0.791364431,-0.088528633,-0.054715168,-0.602421165
476,9519.991,1786877240147.476,12027965.411,0.000000000,0.786995173,-0.084873565,-0.052132223,-0.608865559
477,9539.990,1786877240167.474,12027985.409,0.000000000,0.784802914,-0.082270838,-0.051952235,-0.612059474
478,9559.988,1786877240187.473,12028005.408,0.000000000,0.783891797,-0.079826504,-0.052678749,-0.613487005
479,9579.991,1786877240207.475,12028025.410,0.000000000,0.785225749,-0.078577325,-0.053642426,-0.611856639
480,9599.990,1786877240227.474,12028045.409,0.000000000,0.788066447,-0.076689616,-0.053876024,-0.608413815
481,9619.991,1786877240247.475,12028065.410,0.000000000,0.791340351,-0.074054055,-0.052624919,-0.604588330
482,9639.993,1786877240267.477,12028085.412,0.000000000,0.793848157,-0.071856789,-0.051167935,-0.601683974
483,9659.990,1786877240287.474,12028105.409,0.000000000,0.795393109,-0.071811594,-0.049951766,-0.599748015
484,9679.993,1786877240307.477,12028125.412,0.000000000,0.795966625,-0.074358389,-0.048561659,-0.598790228
485,9699.995,1786877240327.479,12028145.414,0.000000000,0.795746088,-0.078875177,-0.046902169,-0.598637640
486,9719.992,1786877240347.476,12028165.411,0.000000000,0.794660985,-0.084977411,-0.045422260,-0.599357605
487,9739.995,1786877240367.479,12028185.414,0.000000000,0.792629361,-0.092347264,-0.045191586,-0.600972891
488,9759.989,1786877240387.473,12028205.408,0.000000000,0.789100707,-0.097316660,-0.050080072,-0.604434848
489,9779.989,1786877240407.473,12028225.408,0.000000000,0.785176933,-0.107179485,-0.064647518,-0.606490254
490,9799.989,1786877240427.474,12028245.408,0.000000000,0.788065135,-0.118708640,-0.077622488,-0.599029481
491,9819.988,1786877240447.473,12028265.408,0.000000000,0.796746433,-0.121590249,-0.086190246,-0.585646808
492,9839.989,1786877240467.473,12028285.408,0.000000000,0.804084361,-0.113147177,-0.097969271,-0.575367749
493,9859.990,1786877240487.474,12028305.409,0.000000000,0.805161536,-0.103742048,-0.113180272,-0.572837472
494,9879.990,1786877240507.474,12028325.409,0.000000000,0.809216261,-0.116629317,-0.119608805,-0.563258708
495,9899.991,1786877240527.475,12028345.410,0.000000000,0.811809003,-0.135236084,-0.113443859,-0.556603849
496,9919.990,1786877240547.475,12028365.410,0.000000000,0.806153059,-0.138181850,-0.111311659,-0.564475656
497,9939.991,1786877240567.475,12028385.410,0.000000000,0.801028192,-0.138111383,-0.108545907,-0.572273374
498,9959.990,1786877240587.474,12028405.409,0.000000000,0.799972117,-0.146549985,-0.100906394,-0.573049366
499,9979.991,1786877240607.475,12028425.410,0.000000000,0.793382764,-0.154747203,-0.095817901,-0.580875278
500,9999.989,1786877240627.474,12028445.408,0.000000000,0.782583952,-0.152371690,-0.099898130,-0.595286131
501,10019.990,1786877240647.474,12028465.409,0.000000000,0.768525302,-0.157676458,-0.112511687,-0.609793484
502,10039.989,1786877240667.473,12028485.408,0.000000000,0.763248026,-0.167354524,-0.117947251,-0.612807751
503,10059.990,1786877240687.474,12028505.409,0.000000000,0.768500447,-0.166328385,-0.119169921,-0.606251180
504,10079.991,1786877240707.475,12028525.410,0.000000000,0.778349161,-0.157271147,-0.121866383,-0.595472038
505,10099.989,1786877240727.473,12028545.408,0.000000000,0.782574236,-0.149852842,-0.127456501,-0.590657711
506,10119.990,1786877240747.474,12028565.409,0.000000000,0.782893419,-0.162234247,-0.133429140,-0.585623264
507,10139.989,1786877240767.474,12028585.409,0.000000000,0.783669591,-0.177933291,-0.126080394,-0.581640303
508,10159.988,1786877240787.473,12028605.408,0.000000000,0.782793105,-0.184516951,-0.120030746,-0.582049072
509,10179.994,1786877240807.478,12028625.413,0.000000000,0.782513380,-0.188568905,-0.118295401,-0.581481576
510,10199.989,1786877240827.474,12028645.408,0.000000000,0.783083439,-0.195175514,-0.118333049,-0.578518927
511,10219.990,1786877240847.474,12028665.409,0.000000000,0.784999311,-0.200534463,-0.115993053,-0.574549973
512,10239.989,1786877240867.473,12028685.408,0.000000000,0.782618463,-0.209785610,-0.114683978,-0.574757218
513,10259.988,1786877240887.472,12028705.407,0.000000000,0.770614088,-0.215790942,-0.124258459,-0.586641312
514,10279.990,1786877240907.474,12028725.409,0.000000000,0.749284208,-0.240259320,-0.144353598,-0.600008845
515,10299.989,1786877240927.473,12028745.408,0.000000000,0.732945979,-0.252074093,-0.161221385,-0.610947192
516,10319.990,1786877240947.474,12028765.409,0.000000000,0.738119304,-0.250183105,-0.163483545,-0.604864836
517,10339.988,1786877240967.472,12028785.407,0.000000000,0.753880858,-0.251900703,-0.156552240,-0.586260259
518,10359.988,1786877240987.472,12028805.407,0.000000000,0.758511841,-0.250366360,-0.162665278,-0.579237819
519,10379.989,1786877241007.474,12028825.408,0.000000000,0.755303860,-0.256247163,-0.168930516,-0.579064727
520,10399.988,1786877241027.472,12028845.407,0.000000000,0.755716801,-0.278707206,-0.166110694,-0.568877518
521,10419.989,1786877241047.473,12028865.408,0.000000000,0.763006687,-0.305550516,-0.152340919,-0.548864186
522,10439.989,1786877241067.473,12028885.408,0.000000000,0.763549149,-0.322416216,-0.141472593,-0.541318715
523,10459.988,1786877241087.473,12028905.407,0.000000000,0.760866702,-0.327295899,-0.142288774,-0.541953087
524,10479.994,1786877241107.478,12028925.413,0.000000000,0.760515988,-0.333115131,-0.139885306,-0.539520025
525,10499.989,1786877241127.473,12028945.408,0.000000000,0.764501989,-0.341492772,-0.128300488,-0.531468093
526,10519.990,1786877241147.474,12028965.409,0.000000000,0.762211740,-0.354515165,-0.126929402,-0.526536942
527,10539.989,1786877241167.473,12028985.408,0.000000000,0.741716862,-0.387360275,-0.142821193,-0.528592646
528,10559.990,1786877241187.474,12029005.409,0.000000000,0.717098117,-0.411221176,-0.161569402,-0.539038777
529,10579.990,1786877241207.474,12029025.409,0.000000000,0.707173586,-0.418812633,-0.173800990,-0.542489350
530,10599.989,1786877241227.474,12029045.408,0.000000000,0.711619020,-0.432039857,-0.173316360,-0.526214182
531,10619.989,1786877241247.474,12029065.408,0.000000000,0.715421677,-0.445978582,-0.176396891,-0.508093536
532,10639.988,1786877241267.473,12029085.407,0.000000000,0.710999906,-0.466103494,-0.178741753,-0.495255530
533,10659.989,1786877241287.473,12029105.408,0.000000000,0.701539934,-0.488731265,-0.177920148,-0.487163126
534,10679.989,1786877241307.474,12029125.409,0.000000000,0.691637218,-0.503742576,-0.176450044,-0.486566335
535,10699.988,1786877241327.473,12029145.407,0.000000000,0.670358896,-0.528204978,-0.185001209,-0.487229943
536,10719.989,1786877241347.474,12029165.409,0.000000000,0.637799263,-0.555476010,-0.209754065,-0.490572870
537,10739.991,1786877241367.475,12029185.410,0.000000000,0.612259984,-0.575814843,-0.228006169,-0.491516232
538,10759.990,1786877241387.475,12029205.409,0.000000000,0.613814354,-0.565717399,-0.226876467,-0.501719832
539,10779.991,1786877241407.475,12029225.410,0.000000000,0.625894845,-0.561197519,-0.233292550,-0.488761276
540,10799.990,1786877241427.474,12029245.409,0.000000000,0.624327302,-0.583204687,-0.248402610,-0.456490815
541,10819.991,1786877241447.475,12029265.410,0.000000000,0.617013514,-0.596545041,-0.255733609,-0.445004165
542,10839.991,1786877241467.476,12029285.411,0.000000000,0.612978399,-0.590098739,-0.268841356,-0.451403707
543,10859.990,1786877241487.475,12029305.409,0.000000000,0.607470751,-0.579142570,-0.281681418,-0.465003997
544,10879.991,1786877241507.475,12029325.410,0.000000000,0.599533856,-0.575644910,-0.286970407,-0.476277322
545,10899.991,1786877241527.475,12029345.410,0.000000000,0.602972806,-0.570900261,-0.287367314,-0.477406204
546,10919.993,1786877241547.478,12029365.413,0.000000000,0.618186414,-0.560110450,-0.282435179,-0.473658323
547,10939.991,1786877241567.475,12029385.410,0.000000000,0.628750086,-0.561776459,-0.274648458,-0.462221593
548,10959.990,1786877241587.474,12029405.409,0.000000000,0.633807361,-0.566986620,-0.269026637,-0.452149361
549,10979.993,1786877241607.478,12029425.413,0.000000000,0.648743510,-0.563839972,-0.260972142,-0.439442724
550,10999.990,1786877241627.474,12029445.409,0.000000000,0.665672481,-0.559968770,-0.254609793,-0.422479540
551,11019.993,1786877241647.477,12029465.412,0.000000000,0.680745125,-0.555028856,-0.250651568,-0.407066137
552,11039.990,1786877241667.475,12029485.410,0.000000000,0.690812886,-0.551267147,-0.247500718,-0.397020787
553,11059.993,1786877241687.478,12029505.413,0.000000000,0.699045777,-0.551962852,-0.237539455,-0.387617111
554,11079.995,1786877241707.479,12029525.414,0.000000000,1.000000000,0.000000000,0.000000000,0.000000000
555,11099.993,1786877241727.477,12029545.412,0.000000000,0.996640980,0.005524835,0.025626106,-0.077586040
556,11119.991,1786877241747.475,12029565.410,0.000000000,0.988006115,0.014430694,0.024740091,-0.151735231
557,11139.991,1786877241767.475,12029585.410,0.000000000,0.984114647,0.029428333,0.022540925,-0.173621133
558,11159.993,1786877241787.478,12029605.413,0.000000000,0.977241218,0.041069739,0.013473850,-0.207680777
559,11179.993,1786877241807.478,12029625.412,0.000000000,0.966175854,0.029609893,-0.017492451,-0.255580574
560,11199.991,1786877241827.475,12029645.410,0.000000000,0.954217672,0.014408611,-0.056615643,-0.293352425
561,11219.992,1786877241847.476,12029665.411,0.000000000,0.948696196,0.006705263,-0.084410243,-0.304639906
562,11239.994,1786877241867.478,12029685.413,0.000000000,0.945549548,0.000409686,-0.109653920,-0.306450546
563,11259.991,1786877241887.475,12029705.410,0.000000000,0.943697691,-0.013520239,-0.127467781,-0.304965317
564,11279.993,1786877241907.478,12029725.413,0.000000000,0.937265754,-0.014373381,-0.125445575,-0.324945748
565,11299.992,1786877241927.476,12029745.411,0.000000000,0.926130772,-0.016216157,-0.112657078,-0.359620988
566,11319.994,1786877241947.478,12029765.413,0.000000000,0.917245150,-0.031528261,-0.097443059,-0.384931415
567,11339.992,1786877241967.476,12029785.411,0.000000000,0.912471294,-0.050842833,-0.088510580,-0.396203250
568,11359.989,1786877241987.474,12029805.409,0.000000000,0.910208523,-0.066567495,-0.085662983,-0.399688691
569,11379.990,1786877242007.475,12029825.410,0.000000000,0.909605324,-0.078340814,-0.082759388,-0.399539381
570,11399.994,1786877242027.478,12029845.413,0.000000000,0.909320056,-0.101878934,-0.076483183,-0.396116138
571,11419.994,1786877242047.479,12029865.414,0.000000000,0.903409481,-0.113292538,-0.078439184,-0.406033695
572,11439.998,1786877242067.482,12029885.418,0.000000000,0.885653555,-0.112433992,-0.094807215,-0.440440625
573,11459.998,1786877242087.482,12029905.417,0.000000000,0.877296746,-0.111859791,-0.106442131,-0.454431355
574,11479.994,1786877242107.478,12029925.413,0.000000000,0.880819798,-0.108971402,-0.111442268,-0.447059721
575,11499.992,1786877242127.476,12029945.411,0.000000000,0.889170766,-0.105982579,-0.106154762,-0.432289511
576,11519.994,1786877242147.478,12029965.413,0.000000000,0.895451188,-0.099082835,-0.094586477,-0.423560172
577,11539.993,1786877242167.477,12029985.412,0.000000000,0.891178071,-0.088188946,-0.086874142,-0.436436981
578,11559.994,1786877242187.478,12030005.413,0.000000000,0.877697289,-0.071937360,-0.083202712,-0.466422319
579,11579.993,1786877242207.477,12030025.412,0.000000000,0.866793275,-0.077397920,-0.097732939,-0.482832581
580,11599.995,1786877242227.479,12030045.414,0.000000000,0.865211606,-0.088305362,-0.100067876,-0.483319193
581,11619.995,1786877242247.479,12030065.414,0.000000000,0.865842164,-0.091607094,-0.098930895,-0.481807202
582,11639.997,1786877242267.482,12030085.417,0.000000000,0.866734266,-0.092730723,-0.099614576,-0.479843378
583,11660.000,1786877242287.484,12030105.419,0.000000000,0.868594885,-0.092287697,-0.097561300,-0.476977706
584,11679.993,1786877242307.478,12030125.412,0.000000000,0.871240735,-0.092571467,-0.092623718,-0.473065495
585,11699.992,1786877242327.476,12030145.411,0.000000000,0.873144269,-0.094971746,-0.087932520,-0.469965249
586,11719.991,1786877242347.476,12030165.411,0.000000000,0.873179674,-0.097610265,-0.085285872,-0.469846606
587,11739.995,1786877242367.479,12030185.414,0.000000000,0.870324075,-0.099731296,-0.085323878,-0.474667758
588,11760.003,1786877242387.488,12030205.423,0.000000000,0.865630567,-0.101013355,-0.087476090,-0.482522488
589,11779.995,1786877242407.479,12030225.414,0.000000000,0.861450255,-0.102673739,-0.089142822,-0.489300638
590,11799.991,1786877242427.476,12030245.411,0.000000000,0.859938323,-0.104430623,-0.090247169,-0.491381496
591,11819.992,1786877242447.476,12030265.411,0.000000000,0.861334860,-0.106426038,-0.095313497,-0.487535715
592,11839.997,1786877242467.481,12030285.416,0.000000000,0.864423096,-0.111489564,-0.098826073,-0.480183482
593,11860.029,1786877242487.513,12030305.448,0.000000000,0.869844556,-0.114031479,-0.100332968,-0.469361812
594,11879.996,1786877242507.480,12030325.415,0.000000000,0.875284016,-0.108411133,-0.101439461,-0.460255325
595,11899.992,1786877242527.476,12030345.411,0.000000000,0.878375053,-0.098726235,-0.103351824,-0.456101716
596,11919.996,1786877242547.480,12030365.416,0.000000000,0.878130198,-0.092123091,-0.109893166,-0.456425488
597,11939.990,1786877242567.474,12030385.409,0.000000000,0.880014122,-0.107545711,-0.112496860,-0.448724359
598,11960.028,1786877242587.512,12030405.447,0.000000000,0.880486369,-0.127506077,-0.106086500,-0.444107622
599,11979.995,1786877242607.479,12030425.414,0.000000000,0.876403034,-0.135681733,-0.103452966,-0.450339496
600,11999.990,1786877242627.475,12030445.410,0.000000000,0.873053551,-0.136514425,-0.103141055,-0.456621587
601,12019.991,1786877242647.476,12030465.411,0.000000000,0.870935977,-0.141787767,-0.103954613,-0.458868355
602,12039.990,1786877242667.474,12030485.409,0.000000000,0.868591785,-0.148805916,-0.099955261,-0.461967558
603,12059.990,1786877242687.474,12030505.409,0.000000000,0.863708496,-0.159700125,-0.098390415,-0.467785001
604,12079.992,1786877242707.476,12030525.411,0.000000000,0.857582390,-0.165944070,-0.106382765,-0.475076526
605,12099.989,1786877242727.474,12030545.409,0.000000000,0.851518154,-0.165938884,-0.115709037,-0.483727783
606,12119.993,1786877242747.477,12030565.412,0.000000000,0.851626873,-0.162270769,-0.117268853,-0.484404624
607,12140.029,1786877242767.513,12030585.449,0.000000000,0.856600583,-0.157470092,-0.114897318,-0.477741778
608,12160.079,1786877242787.563,12030605.498,0.000000000,0.862465262,-0.151585296,-0.112599522,-0.469570965
609,12180.003,1786877242807.488,12030625.423,0.000000000,0.866557062,-0.143500894,-0.110961527,-0.464945018
610,12199.991,1786877242827.475,12030645.410,0.000000000,0.867283881,-0.134555846,-0.111503005,-0.466133535
611,12219.989,1786877242847.474,12030665.409,0.000000000,0.867222607,-0.141537443,-0.118252546,-0.462502390
612,12239.989,1786877242867.474,12030685.409,0.000000000,0.866666555,-0.155274168,-0.115456641,-0.459835619
613,12259.990,1786877242887.474,12030705.409,0.000000000,0.864221811,-0.161241606,-0.113213725,-0.462930262
614,12279.990,1786877242907.474,12030725.409,0.000000000,0.862917066,-0.161583215,-0.114936851,-0.464816689
615,12299.990,1786877242927.475,12030745.410,0.000000000,0.864423037,-0.164480448,-0.115548939,-0.460833430
616,12319.993,1786877242947.477,12030765.412,0.000000000,0.867402136,-0.172831506,-0.112275504,-0.452920526
617,12339.991,1786877242967.475,12030785.410,0.000000000,0.864240050,-0.186673686,-0.115750447,-0.452596813
618,12359.991,1786877242987.475,12030805.410,0.000000000,0.851166010,-0.197690442,-0.133471176,-0.467568606
619,12379.993,1786877243007.477,12030825.412,0.000000000,0.838514030,-0.198009700,-0.149889082,-0.484994501
620,12399.993,1786877243027.477,12030845.412,0.000000000,0.835827410,-0.194112793,-0.156764880,-0.489016920
621,12419.991,1786877243047.475,12030865.410,0.000000000,0.843555033,-0.190343603,-0.155442744,-0.477516204
622,12439.991,1786877243067.475,12030885.410,0.000000000,0.851479471,-0.184851244,-0.158995226,-0.464255542
623,12459.992,1786877243087.476,12030905.411,0.000000000,0.856575489,-0.184184194,-0.164175540,-0.453211844
624,12479.989,1786877243107.473,12030925.408,0.000000000,0.861520827,-0.190905333,-0.168023929,-0.439437062
625,12499.990,1786877243127.474,12030945.409,0.000000000,0.863884330,-0.211173788,-0.168091640,-0.425270140
626,12519.994,1786877243147.479,12030965.414,0.000000000,0.864738107,-0.221347332,-0.159082279,-0.421813011
627,12539.991,1786877243167.475,12030985.410,0.000000000,0.865948081,-0.227773488,-0.154462487,-0.417605668
628,12559.995,1786877243187.479,12031005.415,0.000000000,0.866531074,-0.243268415,-0.151179284,-0.408765495
629,12579.996,1786877243207.480,12031025.415,0.000000000,0.867661059,-0.250492990,-0.147220358,-0.403415114
630,12599.992,1786877243227.476,12031045.411,0.000000000,0.869441867,-0.260603875,-0.141481236,-0.395144880
631,12619.992,1786877243247.476,12031065.411,0.000000000,0.861273587,-0.280356050,-0.151927114,-0.395634204
632,12639.991,1786877243267.475,12031085.410,0.000000000,0.837609470,-0.307816774,-0.182708934,-0.412645966
633,12659.993,1786877243287.478,12031105.413,0.000000000,0.814613163,-0.320992976,-0.212780282,-0.433697432
634,12679.996,1786877243307.480,12031125.415,0.000000000,0.812798202,-0.324669510,-0.227030769,-0.427089959
635,12699.995,1786877243327.480,12031145.415,0.000000000,0.816299736,-0.332971811,-0.230656698,-0.411803424
636,12719.994,1786877243347.479,12031165.413,0.000000000,0.813818574,-0.338520110,-0.236160398,-0.409061939
637,12739.993,1786877243367.477,12031185.412,0.000000000,0.811154485,-0.344091773,-0.242006466,-0.406278342
638,12759.996,1786877243387.480,12031205.415,0.000000000,0.808794379,-0.358207256,-0.243239835,-0.397961766
639,12779.992,1786877243407.476,12031225.411,0.000000000,0.804492414,-0.387115330,-0.247399673,-0.376466513
640,12799.992,1786877243427.476,12031245.411,0.000000000,0.796747923,-0.422472507,-0.244982019,-0.355940431
641,12819.993,1786877243447.477,12031265.412,0.000000000,0.789685965,-0.442451745,-0.235819489,-0.353584021
642,12839.991,1786877243467.475,12031285.410,0.000000000,0.779040456,-0.452206463,-0.233103245,-0.366426259
643,12859.993,1786877243487.478,12031305.413,0.000000000,0.766709030,-0.456772327,-0.238809928,-0.382735014
644,12879.996,1786877243507.480,12031325.415,0.000000000,0.743017614,-0.478881150,-0.253774464,-0.392678261
645,12899.995,1786877243527.479,12031345.414,0.000000000,0.719443023,-0.506191671,-0.265525192,-0.394548029
646,12919.995,1786877243547.480,12031365.415,0.000000000,0.710894942,-0.522727907,-0.268988073,-0.386043161
647,12939.990,1786877243567.474,12031385.409,0.000000000,0.703224480,-0.542741895,-0.278850555,-0.364895850
648,12959.994,1786877243587.479,12031405.414,0.000000000,0.691375375,-0.564857244,-0.295143634,-0.340333134
649,12979.996,1786877243607.480,12031425.415,0.000000000,0.683398545,-0.576513886,-0.305997312,-0.327053159
650,12999.993,1786877243627.477,12031445.412,0.000000000,0.669846237,-0.586146533,-0.315582216,-0.328855753
651,13019.994,1786877243647.478,12031465.413,0.000000000,0.656804562,-0.587828577,-0.334840298,-0.333087593
652,13039.993,1786877243667.478,12031485.412,0.000000000,0.652532160,-0.579948962,-0.348810941,-0.340869367
653,13059.993,1786877243687.478,12031505.413,0.000000000,0.652991533,-0.568296731,-0.357104510,-0.350880712
654,13079.990,1786877243707.474,12031525.409,0.000000000,0.654885650,-0.552693009,-0.367346853,-0.361540437
655,13099.990,1786877243727.474,12031545.409,0.000000000,0.657925427,-0.543469965,-0.370500416,-0.366747797
656,13119.992,1786877243747.476,12031565.411,0.000000000,0.658947885,-0.548436105,-0.364837110,-0.363179535
657,13139.994,1786877243767.478,12031585.413,0.000000000,0.664004564,-0.558773458,-0.353594154,-0.349057734
658,13159.995,1786877243787.479,12031605.414,0.000000000,0.674913883,-0.563042581,-0.342528492,-0.331886292
659,13179.990,1786877243807.474,12031625.409,0.000000000,0.691151381,-0.558828294,-0.325908095,-0.322187304
660,13199.994,1786877243827.479,12031645.414,0.000000000,0.702143133,-0.557784796,-0.311845899,-0.314043492
661,13219.995,1786877243847.479,12031665.414,0.000000000,0.710541666,-0.557722926,-0.302569956,-0.304182708
662,13239.990,1786877243867.475,12031685.410,0.000000000,0.725251019,-0.555578887,-0.289556742,-0.285481960
663,13259.991,1786877243887.475,12031705.410,0.000000000,0.744229078,-0.548160791,-0.275408924,-0.264183074
664,13279.990,1786877243907.474,12031725.409,0.000000000,0.765345573,-0.534950495,-0.259782851,-0.246144161
665,13299.991,1786877243927.476,12031745.411,0.000000000,0.784223020,-0.521923184,-0.241367444,-0.233092830
666,13319.995,1786877243947.479,12031765.414,0.000000000,0.999289215,0.011493004,0.028876798,-0.021334434
667,13339.993,1786877243967.477,12031785.412,0.000000000,0.997850299,0.029598389,0.025185764,-0.052767005
668,13359.992,1786877243987.477,12031805.412,0.000000000,0.996577799,0.034892142,0.009573609,-0.074320816
669,13379.991,1786877244007.475,12031825.410,0.000000000,0.995491803,0.014884487,-0.010299356,-0.093104228
670,13399.990,1786877244027.475,12031845.410,0.000000000,0.991201937,0.004730593,-0.027749935,-0.129330218
671,13419.991,1786877244047.475,12031865.410,0.000000000,0.985094488,0.013205548,-0.042723220,-0.166099995
672,13439.994,1786877244067.479,12031885.414,0.000000000,0.981962681,0.014050969,-0.068062253,-0.175839037
673,13459.992,1786877244087.477,12031905.412,0.000000000,0.980632007,0.006681150,-0.091645449,-0.172966227
674,13479.993,1786877244107.478,12031925.413,0.000000000,0.977583945,-0.012843849,-0.120088406,-0.172462702
675,13499.995,1786877244127.479,12031945.414,0.000000000,0.973963380,-0.028447762,-0.131792128,-0.182255149
676,13519.993,1786877244147.477,12031965.412,0.000000000,0.970212877,-0.035203706,-0.126382351,-0.203654468
677,13539.990,1786877244167.474,12031985.409,0.000000000,0.967270136,-0.039264657,-0.118080527,-0.221141905
678,13559.994,1786877244187.479,12032005.414,0.000000000,0.966327965,-0.045673098,-0.112941459,-0.226646140
679,13579.994,1786877244207.478,12032025.413,0.000000000,0.965607762,-0.054463141,-0.108942568,-0.229710668
680,13599.991,1786877244227.475,12032045.410,0.000000000,0.964066923,-0.062376030,-0.098403804,-0.238748550
681,13619.990,1786877244247.474,12032065.409,0.000000000,0.957679987,-0.058820855,-0.089189209,-0.267272145
682,13639.991,1786877244267.475,12032085.410,0.000000000,0.944132566,-0.052121792,-0.078436963,-0.315823704
683,13659.990,1786877244287.474,12032105.409,0.000000000,0.933284163,-0.046418916,-0.068544559,-0.349467665
684,13679.990,1786877244307.474,12032125.409,0.000000000,0.928785980,-0.041808572,-0.061392125,-0.363097280
685,13699.993,1786877244327.478,12032145.412,0.000000000,0.925998688,-0.033329096,-0.053554136,-0.372219712
686,13719.991,1786877244347.475,12032165.410,0.000000000,0.923666060,-0.021718428,-0.049893428,-0.379315138
687,13739.992,1786877244367.476,12032185.411,0.000000000,0.918687999,-0.010054689,-0.051168755,-0.391526520
688,13759.990,1786877244387.475,12032205.410,0.000000000,0.911198378,-0.002545570,-0.056404375,-0.408080339
689,13779.989,1786877244407.474,12032225.409,0.000000000,0.902755797,0.001451267,-0.059436783,-0.426024765
690,13799.990,1786877244427.474,12032245.409,0.000000000,0.894391775,0.002397011,-0.062332805,-0.442913383
691,13819.990,1786877244447.474,12032265.409,0.000000000,0.888271928,0.003176585,-0.063684255,-0.454870582
692,13839.992,1786877244467.476,12032285.411,0.000000000,0.884593427,0.006551730,-0.062695168,-0.462083161
693,13859.991,1786877244487.475,12032305.410,0.000000000,0.882627666,0.007092206,-0.061629400,-0.465961248
694,13879.989,1786877244507.473,12032325.408,0.000000000,0.881555259,0.004418119,-0.060487069,-0.468168855
695,13899.989,1786877244527.473,12032345.408,0.000000000,0.880691648,0.000687257,-0.059720997,-0.469909698
696,13919.989,1786877244547.473,12032365.408,0.000000000,0.879916668,-0.002304872,-0.059025787,-0.471441746
697,13939.989,1786877244567.473,12032385.408,0.000000000,0.878634393,-0.006480108,-0.058457166,-0.473859042
698,13959.989,1786877244587.473,12032405.408,0.000000000,0.877430201,-0.009789634,-0.058585018,-0.476012766
699,13979.990,1786877244607.474,12032425.409,0.000000000,0.876730859,-0.011601037,-0.058496397,-0.477269948
700,13999.988,1786877244627.473,12032445.407,0.000000000,0.876683414,-0.012236873,-0.058112267,-0.477388173
701,14019.988,1786877244647.472,12032465.407,0.000000000,0.877166986,-0.012407912,-0.057695065,-0.476545274
702,14039.989,1786877244667.473,12032485.408,0.000000000,0.878066659,-0.012521849,-0.057428259,-0.474914849
703,14059.990,1786877244687.474,12032505.409,0.000000000,0.879425406,-0.012317122,-0.056832325,-0.472471565
704,14079.990,1786877244707.474,12032525.409,0.000000000,0.880732000,-0.012406137,-0.055029728,-0.470243484
705,14099.989,1786877244727.473,12032545.408,0.000000000,0.881883323,-0.012656460,-0.052621968,-0.468350917
706,14119.987,1786877244747.471,12032565.407,0.000000000,0.882765710,-0.012880988,-0.049902342,-0.466978133
707,14139.989,1786877244767.474,12032585.408,0.000000000,0.883280635,-0.013371831,-0.047338210,-0.466257036
708,14159.989,1786877244787.473,12032605.408,0.000000000,0.883466244,-0.013770458,-0.045487043,-0.466078043
709,14179.992,1786877244807.477,12032625.412,0.000000000,0.883583546,-0.014326752,-0.043192483,-0.466057181
710,14199.992,1786877244827.476,12032645.411,0.000000000,0.883667827,-0.014848762,-0.041149545,-0.466065854
711,14220.001,1786877244847.485,12032665.420,0.000000000,0.883720279,-0.015253620,-0.039221108,-0.466119587
712,14239.999,1786877244867.484,12032685.418,0.000000000,0.883700013,-0.015549310,-0.037555471,-0.466285467
713,14259.999,1786877244887.483,12032705.418,0.000000000,0.883639038,-0.015789643,-0.036098085,-0.466507941
714,14279.998,1786877244907.482,12032725.417,0.000000000,0.883575916,-0.015987765,-0.034682207,-0.466728091
715,14300.192,1786877244927.676,12032745.611,0.000000000,0.883543193,-0.016186090,-0.033250611,-0.466887355
716,14320.259,1786877244947.743,12032765.678,0.000000000,0.883512080,-0.016357489,-0.031771448,-0.467043310
717,14340.027,1786877244967.511,12032785.447,0.000000000,0.883472919,-0.016496668,-0.030254792,-0.467213124
718,14359.990,1786877244987.475,12032805.410,0.000000000,0.883439898,-0.016582698,-0.029106250,-0.467345476
719,14379.989,1786877245007.473,12032825.408,0.000000000,0.883391440,-0.016665366,-0.027552994,-0.467528254
720,14399.989,1786877245027.474,12032845.408,0.000000000,0.883337021,-0.016694935,-0.025967682,-0.467720747
721,14419.989,1786877245047.473,12032865.408,0.000000000,0.883273005,-0.016652321,-0.024346044,-0.467930287
722,14439.990,1786877245067.474,12032885.409,0.000000000,0.883198500,-0.016528608,-0.022681138,-0.468158901
723,14459.990,1786877245087.474,12032905.409,0.000000000,0.883123815,-0.016332047,-0.020964393,-0.468386710
