index,time_ms,time_realtime_ms,time_monotonic_ms,ros_timestamp,playing_0
0,0.000,1786879976529.433,14764347.367,0.000000000,0.000000000
1,19.988,1786879976549.420,14764367.355,0.000000000,0.000000000
2,39.989,1786879976569.422,14764387.357,0.000000000,0.000000000
3,59.989,1786879976589.421,14764407.356,0.000000000,0.000000000
4,79.985,1786879976609.418,14764427.353,0.000000000,0.000000000
5,99.987,1786879976629.419,14764447.354,0.000000000,0.000000000
6,119.985,1786879976649.418,14764467.353,0.000000000,0.000000000
7,139.987,1786879976669.419,14764487.355,0.000000000,0.000000000
8,159.988,1786879976689.420,14764507.355,0.000000000,0.000000000
9,179.992,1786879976709.425,14764527.360,0.000000000,0.000000000
10,199.992,1786879976729.424,14764547.359,0.000000000,0.000000000
11,219.989,1786879976749.422,14764567.357,0.000000000,0.000000000
12,239.990,1786879976769.423,14764587.358,0.000000000,0.000000000
13,259.987,1786879976789.420,14764607.355,0.000000000,0.000000000
14,279.990,1786879976809.422,14764627.357,0.000000000,0.000000000
15,299.988,1786879976829.420,14764647.355,0.000000000,0.000000000
16,319.988,1786879976849.420,14764667.355,0.000000000,0.000000000
17,339.986,1786879976869.418,14764687.353,0.000000000,0.000000000
18,359.985,1786879976889.418,14764707.353,0.000000000,0.000000000
19,379.986,1786879976909.419,14764727.354,0.000000000,0.000000000
20,399.989,1786879976929.422,14764747.357,0.000000000,0.000000000
21,419.991,1786879976949.423,14764767.358,0.000000000,0.000000000
22,439.992,1786879976969.424,14764787.359,0.000000000,0.000000000
23,459.990,1786879976989.423,14764807.358,0.000000000,0.000000000
24,479.989,1786879977009.421,14764827.356,0.000000000,0.000000000
25,499.992,1786879977029.424,14764847.359,0.000000000,0.000000000
26,519.994,1786879977049.426,14764867.361,0.000000000,0.000000000
27,539.994,1786879977069.426,14764887.361,0.000000000,0.000000000
28,559.994,1786879977089.427,14764907.362,0.000000000,0.000000000
29,579.997,1786879977109.430,14764927.365,0.000000000,0.000000000
30,599.989,1786879977129.422,14764947.357,0.000000000,0.000000000
31,619.986,1786879977149.419,14764967.354,0.000000000,0.000000000
32,639.991,1786879977169.423,14764987.358,0.000000000,0.000000000
33,659.991,1786879977189.423,14765007.358,0.000000000,0.000000000
34,679.992,1786879977209.425,14765027.360,0.000000000,0.000000000
35,699.993,1786879977229.426,14765047.360,0.000000000,0.000000000
36,719.986,1786879977249.418,14765067.353,0.000000000,0.000000000
37,739.988,1786879977269.421,14765087.356,0.000000000,0.000000000
38,759.988,1786879977289.420,14765107.355,0.000000000,0.000000000
39,779.989,1786879977309.421,14765127.356,0.000000000,0.000000000
40,799.988,1786879977329.420,14765147.356,0.000000000,0.000000000
41,819.986,1786879977349.418,14765167.353,0.000000000,0.000000000
42,839.986,1786879977369.419,14765187.354,0.000000000,0.000000000
43,859.986,1786879977389.418,14765207.354,0.000000000,0.000000000
44,879.986,1786879977409.418,14765227.353,0.000000000,0.000000000
45,899.990,1786879977429.423,14765247.358,0.000000000,0.000000000
46,919.988,1786879977449.420,14765267.355,0.000000000,0.000000000
47,939.988,1786879977469.420,14765287.355,0.000000000,0.000000000
48,959.991,1786879977489.424,14765307.359,0.000000000,0.000000000
49,979.991,1786879977509.424,14765327.358,0.000000000,0.000000000
50,999.991,1786879977529.423,14765347.358,0.000000000,0.000000000
51,1019.989,1786879977549.421,14765367.357,0.000000000,0.000000000
52,1039.989,1786879977569.421,14765387.356,0.000000000,0.000000000
53,1059.989,1786879977589.421,14765407.356,0.000000000,0.000000000
54,1079.987,1786879977609.419,14765427.354,0.000000000,0.000000000
55,1099.987,1786879977629.419,14765447.354,0.000000000,0.000000000
56,1119.986,1786879977649.418,14765467.353,0.000000000,0.000000000
57,1139.989,1786879977669.421,14765487.356,0.000000000,0.000000000
58,1159.991,1786879977689.423,14765507.358,0.000000000,0.000000000
59,1179.994,1786879977709.426,14765527.361,0.000000000,0.000000000
60,1199.992,1786879977729.424,14765547.359,0.000000000,0.000000000
61,1219.991,1786879977749.424,14765567.358,0.000000000,0.000000000
62,1239.991,1786879977769.423,14765587.358,0.000000000,0.000000000
63,1259.990,1786879977789.422,14765607.357,0.000000000,0.000000000
64,1279.989,1786879977809.422,14765627.357,0.000000000,0.000000000
65,1299.989,1786879977829.422,14765647.357,0.000000000,0.000000000
66,1319.987,1786879977849.420,14765667.355,0.000000000,1.000000000
67,1339.988,1786879977869.420,14765687.356,0.000000000,1.000000000
68,1359.987,1786879977889.419,14765707.354,0.000000000,1.000000000
69,1379.987,1786879977909.419,14765727.354,0.000000000,1.000000000
70,1399.988,1786879977929.421,14765747.356,0.000000000,1.000000000
71,1419.986,1786879977949.419,14765767.354,0.000000000,1.000000000
72,1439.992,1786879977969.424,14765787.359,0.000000000,1.000000000
73,1459.989,1786879977989.421,14765807.356,0.000000000,1.000000000
74,1479.987,1786879978009.419,14765827.354,0.000000000,1.000000000
75,1499.986,1786879978029.419,14765847.354,0.000000000,1.000000000
76,1519.989,1786879978049.422,14765867.357,0.000000000,1.000000000
77,1539.990,1786879978069.422,14765887.357,0.000000000,1.000000000
78,1559.992,1786879978089.425,14765907.360,0.000000000,1.000000000
79,1579.993,1786879978109.426,14765927.361,0.000000000,1.000000000
80,1599.991,1786879978129.424,14765947.359,0.000000000,1.000000000
81,1619.991,1786879978149.424,14765967.358,0.000000000,1.000000000
82,1639.990,1786879978169.422,14765987.357,0.000000000,1.000000000
83,1659.988,1786879978189.421,14766007.356,0.000000000,1.000000000
84,1679.988,1786879978209.420,14766027.355,0.000000000,1.000000000
85,1699.986,1786879978229.419,14766047.354,0.000000000,1.000000000
86,1719.984,1786879978249.416,14766067.351,0.000000000,1.000000000
87,1739.986,1786879978269.418,14766087.353,0.000000000,1.000000000
88,1759.985,1786879978289.417,14766107.352,0.000000000,1.000000000
89,1779.986,1786879978309.418,14766127.353,0.000000000,1.000000000
90,1799.987,1786879978329.419,14766147.354,0.000000000,1.000000000
91,1819.983,1786879978349.416,14766167.351,0.000000000,1.000000000
92,1839.985,1786879978369.418,14766187.353,0.000000000,1.000000000
93,1859.985,1786879978389.417,14766207.352,0.000000000,1.000000000
94,1879.986,1786879978409.419,14766227.354,0.000000000,1.000000000
95,1899.987,1786879978429.420,14766247.355,0.000000000,1.000000000
96,1919.986,1786879978449.418,14766267.353,0.000000000,1.000000000
97,1939.986,1786879978469.419,14766287.354,0.000000000,1.000000000
98,1959.990,1786879978489.423,14766307.357,0.000000000,1.000000000
99,1979.988,1786879978509.421,14766327.356,0.000000000,1.000000000
100,1999.989,1786879978529.421,14766347.356,0.000000000,1.000000000
101,2019.987,1786879978549.419,14766367.354,0.000000000,1.000000000
102,2039.988,1786879978569.420,14766387.355,0.000000000,1.000000000
103,2059.988,1786879978589.420,14766407.356,0.000000000,1.000000000
104,2079.987,1786879978609.419,14766427.354,0.000000000,1.000000000
105,2099.986,1786879978629.418,14766447.353,0.000000000,1.000000000
106,2119.983,1786879978649.416,14766467.351,0.000000000,1.000000000
107,2139.984,1786879978669.416,14766487.351,0.000000000,1.000000000
108,2159.984,1786879978689.416,14766507.351,0.000000000,1.000000000
109,2179.984,1786879978709.416,14766527.351,0.000000000,1.000000000
110,2199.987,1786879978729.419,14766547.354,0.000000000,1.000000000
111,2219.983,1786879978749.415,14766567.350,0.000000000,1.000000000
112,2239.984,1786879978769.416,14766587.351,0.000000000,1.000000000
113,2259.987,1786879978789.420,14766607.355,0.000000000,1.000000000
114,2279.986,1786879978809.418,14766627.353,0.000000000,1.000000000
115,2299.986,1786879978829.419,14766647.354,0.000000000,1.000000000
116,2319.986,1786879978849.419,14766667.354,0.000000000,1.000000000
117,2339.985,1786879978869.417,14766687.352,0.000000000,1.000000000
118,2359.988,1786879978889.420,14766707.355,0.000000000,1.000000000
119,2379.989,1786879978909.421,14766727.356,0.000000000,1.000000000
120,2399.988,1786879978929.420,14766747.355,0.000000000,1.000000000
121,2419.985,1786879978949.417,14766767.352,0.000000000,1.000000000
122,2439.988,1786879978969.420,14766787.355,0.000000000,1.000000000
123,2459.986,1786879978989.419,14766807.354,0.000000000,1.000000000
124,2479.988,1786879979009.420,14766827.355,0.000000000,1.000000000
125,2499.985,1786879979029.418,14766847.353,0.000000000,1.000000000
126,2519.985,1786879979049.417,14766867.352,0.000000000,1.000000000
127,2539.986,1786879979069.418,14766887.353,0.000000000,1.000000000
128,2559.984,1786879979089.416,14766907.351,0.000000000,1.000000000
129,2579.986,1786879979109.418,14766927.353,0.000000000,1.000000000
130,2599.986,1786879979129.418,14766947.353,0.000000000,1.000000000
131,2619.985,1786879979149.418,14766967.353,0.000000000,1.000000000
132,2639.987,1786879979169.420,14766987.355,0.000000000,1.000000000
133,2659.986,1786879979189.419,14767007.354,0.000000000,1.000000000
134,2679.989,1786879979209.421,14767027.356,0.000000000,1.000000000
135,2699.990,1786879979229.422,14767047.357,0.000000000,1.000000000
136,2719.986,1786879979249.418,14767067.353,0.000000000,1.000000000
137,2739.987,1786879979269.420,14767087.355,0.000000000,1.000000000
138,2759.988,1786879979289.420,14767107.355,0.000000000,1.000000000
139,2779.985,1786879979309.417,14767127.352,0.000000000,1.000000000
140,2799.987,1786879979329.419,14767147.354,0.000000000,1.000000000
141,2819.985,1786879979349.418,14767167.353,0.000000000,1.000000000
142,2839.985,1786879979369.418,14767187.353,0.000000000,1.000000000
143,2859.986,1786879979389.418,14767207.353,0.000000000,1.000000000
144,2879.986,1786879979409.418,14767227.353,0.000000000,1.000000000
145,2899.989,1786879979429.422,14767247.357,0.000000000,1.000000000
146,2919.986,1786879979449.418,14767267.353,0.000000000,1.000000000
147,2939.988,1786879979469.420,14767287.355,0.000000000,1.000000000
148,2959.986,1786879979489.418,14767307.353,0.000000000,1.000000000
149,2979.991,1786879979509.423,14767327.358,0.000000000,1.000000000
150,2999.988,1786879979529.420,14767347.355,0.000000000,1.000000000
151,3019.983,1786879979549.416,14767367.351,0.000000000,1.000000000
152,3039.986,1786879979569.418,14767387.353,0.000000000,1.000000000
153,3059.986,1786879979589.418,14767407.353,0.000000000,1.000000000
154,3079.984,1786879979609.417,14767427.352,0.000000000,1.000000000
155,3099.984,1786879979629.416,14767447.351,0.000000000,1.000000000
156,3119.983,1786879979649.415,14767467.350,0.000000000,1.000000000
157,3139.987,1786879979669.419,14767487.354,0.000000000,1.000000000
158,3159.984,1786879979689.417,14767507.352,0.000000000,1.000000000
159,3179.984,1786879979709.417,14767527.352,0.000000000,1.000000000
160,3199.983,1786879979729.415,14767547.350,0.000000000,1.000000000
161,3219.986,1786879979749.418,14767567.353,0.000000000,1.000000000
162,3239.987,1786879979769.419,14767587.354,0.000000000,1.000000000
163,3259.990,1786879979789.422,14767607.357,0.000000000,1.000000000
164,3279.987,1786879979809.419,14767627.354,0.000000000,1.000000000
165,3299.986,1786879979829.419,14767647.354,0.000000000,1.000000000
166,3319.987,1786879979849.419,14767667.354,0.000000000,1.000000000
167,3339.987,1786879979869.420,14767687.355,0.000000000,1.000000000
168,3359.986,1786879979889.418,14767707.353,0.000000000,1.000000000
169,3379.986,1786879979909.419,14767727.354,0.000000000,1.000000000
170,3399.984,1786879979929.416,14767747.351,0.000000000,1.000000000
171,3419.984,1786879979949.416,14767767.351,0.000000000,1.000000000
172,3439.983,1786879979969.415,14767787.350,0.000000000,1.000000000
173,3459.984,1786879979989.417,14767807.352,0.000000000,1.000000000
174,3479.985,1786879980009.418,14767827.353,0.000000000,1.000000000
175,3499.986,1786879980029.419,14767847.354,0.000000000,1.000000000
176,3519.984,1786879980049.417,14767867.352,0.000000000,1.000000000
177,3539.988,1786879980069.420,14767887.355,0.000000000,1.000000000
178,3559.987,1786879980089.419,14767907.354,0.000000000,1.000000000
179,3579.988,1786879980109.421,14767927.356,0.000000000,1.000000000
180,3599.990,1786879980129.423,14767947.358,0.000000000,1.000000000
181,3619.986,1786879980149.419,14767967.354,0.000000000,1.000000000
182,3639.989,1786879980169.422,14767987.357,0.000000000,1.000000000
183,3659.987,1786879980189.420,14768007.355,0.000000000,1.000000000
184,3679.988,1786879980209.421,14768027.356,0.000000000,1.000000000
185,3699.987,1786879980229.420,14768047.355,0.000000000,1.000000000
186,3719.985,1786879980249.418,14768067.353,0.000000000,1.000000000
187,3739.987,1786879980269.420,14768087.355,0.000000000,1.000000000
188,3759.988,1786879980289.420,14768107.355,0.000000000,1.000000000
189,3779.986,1786879980309.419,14768127.354,0.000000000,1.000000000
190,3799.987,1786879980329.419,14768147.354,0.000000000,1.000000000
191,3819.986,1786879980349.418,14768167.353,0.000000000,1.000000000
192,3839.986,1786879980369.419,14768187.354,0.000000000,1.000000000
193,3859.985,1786879980389.417,14768207.352,0.000000000,1.000000000
194,3879.985,1786879980409.417,14768227.352,0.000000000,1.000000000
195,3899.985,1786879980429.418,14768247.353,0.000000000,1.000000000
196,3919.984,1786879980449.416,14768267.351,0.000000000,1.000000000
197,3939.986,1786879980469.418,14768287.353,0.000000000,1.000000000
198,3959.985,1786879980489.418,14768307.353,0.000000000,1.000000000
199,3979.989,1786879980509.421,14768327.357,0.000000000,1.000000000
200,3999.987,1786879980529.420,14768347.355,0.000000000,1.000000000
201,4019.986,1786879980549.418,14768367.353,0.000000000,1.000000000
202,4039.988,1786879980569.420,14768387.355,0.000000000,1.000000000
203,4059.985,1786879980589.418,14768407.353,0.000000000,1.000000000
204,4079.997,1786879980609.430,14768427.365,0.000000000,1.000000000
205,4099.989,1786879980629.421,14768447.356,0.000000000,1.000000000
206,4119.986,1786879980649.418,14768467.353,0.000000000,1.000000000
207,4139.989,1786879980669.421,14768487.356,0.000000000,1.000000000
208,4159.988,1786879980689.420,14768507.355,0.000000000,1.000000000
209,4179.988,1786879980709.420,14768527.355,0.000000000,1.000000000
210,4199.987,1786879980729.419,14768547.355,0.000000000,1.000000000
211,4219.985,1786879980749.417,14768567.352,0.000000000,1.000000000
212,4239.986,1786879980769.419,14768587.354,0.000000000,1.000000000
213,4259.987,1786879980789.419,14768607.354,0.000000000,1.000000000
214,4279.988,1786879980809.420,14768627.355,0.000000000,1.000000000
215,4299.986,1786879980829.419,14768647.354,0.000000000,1.000000000
216,4319.988,1786879980849.420,14768667.355,0.000000000,1.000000000
217,4339.995,1786879980869.427,14768687.362,0.000000000,1.000000000
218,4359.992,1786879980889.424,14768707.359,0.000000000,1.000000000
219,4379.989,1786879980909.422,14768727.357,0.000000000,1.000000000
220,4399.992,1786879980929.425,14768747.360,0.000000000,1.000000000
221,4419.995,1786879980949.427,14768767.362,0.000000000,1.000000000
222,4439.992,1786879980969.424,14768787.359,0.000000000,1.000000000
223,4459.990,1786879980989.422,14768807.357,0.000000000,1.000000000
224,4479.992,1786879981009.425,14768827.360,0.000000000,1.000000000
225,4499.992,1786879981029.425,14768847.359,0.000000000,1.000000000
226,4519.997,1786879981049.429,14768867.364,0.000000000,1.000000000
227,4539.991,1786879981069.424,14768887.359,0.000000000,1.000000000
228,4559.990,1786879981089.423,14768907.358,0.000000000,1.000000000
229,4579.989,1786879981109.421,14768927.356,0.000000000,1.000000000
230,4599.988,1786879981129.420,14768947.355,0.000000000,1.000000000
231,4619.989,1786879981149.421,14768967.356,0.000000000,1.000000000
232,4639.991,1786879981169.423,14768987.358,0.000000000,1.000000000
233,4659.989,1786879981189.422,14769007.357,0.000000000,1.000000000
234,4679.993,1786879981209.425,14769027.360,0.000000000,1.000000000
235,4699.991,1786879981229.424,14769047.358,0.000000000,1.000000000
236,4719.989,1786879981249.422,14769067.357,0.000000000,1.000000000
237,4739.989,1786879981269.422,14769087.357,0.000000000,1.000000000
238,4759.989,1786879981289.421,14769107.356,0.000000000,1.000000000
239,4779.988,1786879981309.420,14769127.355,0.000000000,1.000000000
240,4799.990,1786879981329.423,14769147.358,0.000000000,1.000000000
241,4819.988,1786879981349.421,14769167.356,0.000000000,1.000000000
242,4839.988,1786879981369.420,14769187.355,0.000000000,1.000000000
243,4859.987,1786879981389.419,14769207.354,0.000000000,1.000000000
244,4879.988,1786879981409.420,14769227.355,0.000000000,1.000000000
245,4899.989,1786879981429.421,14769247.356,0.000000000,1.000000000
246,4919.989,1786879981449.422,14769267.357,0.000000000,1.000000000
247,4939.990,1786879981469.423,14769287.358,0.000000000,1.000000000
248,4959.987,1786879981489.419,14769307.354,0.000000000,1.000000000
249,4979.986,1786879981509.418,14769327.353,0.000000000,1.000000000
250,4999.986,1786879981529.419,14769347.354,0.000000000,1.000000000
251,5019.985,1786879981549.417,14769367.352,0.000000000,1.000000000
252,5039.986,1786879981569.418,14769387.353,0.000000000,1.000000000
253,5059.986,1786879981589.418,14769407.353,0.000000000,1.000000000
254,5079.992,1786879981609.424,14769427.359,0.000000000,1.000000000
255,5099.993,1786879981629.425,14769447.360,0.000000000,1.000000000
256,5119.989,1786879981649.421,14769467.356,0.000000000,1.000000000
257,5139.989,1786879981669.421,14769487.356,0.000000000,1.000000000
258,5159.990,1786879981689.423,14769507.358,0.000000000,1.000000000
259,5179.987,1786879981709.420,14769527.355,0.000000000,1.000000000
260,5199.987,1786879981729.420,14769547.355,0.000000000,1.000000000
261,5219.989,1786879981749.421,14769567.356,0.000000000,1.000000000
262,5239.988,1786879981769.420,14769587.355,0.000000000,1.000000000
263,5259.987,1786879981789.420,14769607.355,0.000000000,1.000000000
264,5279.987,1786879981809.419,14769627.354,0.000000000,1.000000000
265,5299.989,1786879981829.421,14769647.356,0.000000000,1.000000000
266,5319.989,1786879981849.422,14769667.357,0.000000000,1.000000000
267,5339.988,1786879981869.420,14769687.355,0.000000000,1.000000000
268,5359.995,1786879981889.428,14769707.363,0.000000000,1.000000000
269,5379.990,1786879981909.422,14769727.357,0.000000000,1.000000000
270,5399.988,1786879981929.420,14769747.355,0.000000000,1.000000000
271,5419.989,1786879981949.422,14769767.357,0.000000000,1.000000000
272,5439.990,1786879981969.422,14769787.357,0.000000000,1.000000000
273,5459.985,1786879981989.417,14769807.352,0.000000000,1.000000000
274,5479.988,1786879982009.420,14769827.355,0.000000000,1.000000000
275,5499.990,1786879982029.422,14769847.357,0.000000000,1.000000000
276,5519.993,1786879982049.425,14769867.360,0.000000000,1.000000000
277,5539.988,1786879982069.420,14769887.355,0.000000000,1.000000000
278,5559.985,1786879982089.417,14769907.352,0.000000000,1.000000000
279,5579.986,1786879982109.418,14769927.353,0.000000000,1.000000000
280,5599.990,1786879982129.423,14769947.357,0.000000000,1.000000000
281,5619.989,1786879982149.421,14769967.356,0.000000000,1.000000000
282,5639.991,1786879982169.423,14769987.358,0.000000000,1.000000000
283,5659.990,1786879982189.423,14770007.357,0.000000000,1.000000000
284,5679.990,1786879982209.422,14770027.357,0.000000000,1.000000000
285,5699.988,1786879982229.420,14770047.355,0.000000000,1.000000000
286,5719.988,1786879982249.420,14770067.355,0.000000000,1.000000000
287,5739.989,1786879982269.421,14770087.356,0.000000000,1.000000000
288,5759.987,1786879982289.419,14770107.354,0.000000000,1.000000000
289,5779.988,1786879982309.420,14770127.355,0.000000000,1.000000000
290,5799.988,1786879982329.420,14770147.355,0.000000000,1.000000000
291,5819.990,1786879982349.422,14770167.357,0.000000000,1.000000000
292,5839.988,1786879982369.420,14770187.355,0.000000000,1.000000000
293,5859.988,1786879982389.420,14770207.355,0.000000000,1.000000000
294,5879.988,1786879982409.421,14770227.356,0.000000000,1.000000000
295,5899.989,1786879982429.421,14770247.356,0.000000000,1.000000000
296,5919.984,1786879982449.417,14770267.352,0.000000000,1.000000000
297,5939.988,1786879982469.420,14770287.355,0.000000000,1.000000000
298,5959.987,1786879982489.420,14770307.355,0.000000000,1.000000000
299,5979.986,1786879982509.418,14770327.353,0.000000000,1.000000000
300,5999.987,1786879982529.420,14770347.355,0.000000000,1.000000000
301,6019.987,1786879982549.420,14770367.355,0.000000000,1.000000000
302,6039.986,1786879982569.419,14770387.354,0.000000000,1.000000000
303,6059.987,1786879982589.420,14770407.355,0.000000000,1.000000000
304,6079.986,1786879982609.418,14770427.353,0.000000000,1.000000000
305,6099.986,1786879982629.419,14770447.354,0.000000000,1.000000000
306,6119.988,1786879982649.421,14770467.356,0.000000000,1.000000000
307,6139.987,1786879982669.419,14770487.354,0.000000000,1.000000000
308,6159.987,1786879982689.419,14770507.354,0.000000000,1.000000000
309,6179.987,1786879982709.420,14770527.355,0.000000000,1.000000000
310,6199.989,1786879982729.422,14770547.357,0.000000000,1.000000000
311,6219.989,1786879982749.421,14770567.356,0.000000000,1.000000000
312,6239.989,1786879982769.421,14770587.356,0.000000000,1.000000000
313,6259.989,1786879982789.421,14770607.357,0.000000000,1.000000000
314,6279.990,1786879982809.423,14770627.358,0.000000000,1.000000000
315,6299.988,1786879982829.420,14770647.355,0.000000000,1.000000000
316,6319.992,1786879982849.425,14770667.360,0.000000000,1.000000000
317,6339.989,1786879982869.421,14770687.356,0.000000000,1.000000000
318,6359.996,1786879982889.428,14770707.363,0.000000000,1.000000000
319,6379.991,1786879982909.424,14770727.359,0.000000000,1.000000000
320,6399.988,1786879982929.420,14770747.355,0.000000000,1.000000000
321,6419.987,1786879982949.420,14770767.355,0.000000000,1.000000000
322,6439.988,1786879982969.420,14770787.355,0.000000000,1.000000000
323,6459.989,1786879982989.421,14770807.356,0.000000000,1.000000000
324,6479.992,1786879983009.425,14770827.360,0.000000000,1.000000000
325,6499.989,1786879983029.421,14770847.356,0.000000000,1.000000000
326,6519.994,1786879983049.426,14770867.361,0.000000000,1.000000000
327,6539.988,1786879983069.420,14770887.355,0.000000000,1.000000000
328,6559.987,1786879983089.419,14770907.354,0.000000000,1.000000000
329,6579.987,1786879983109.419,14770927.354,0.000000000,1.000000000
330,6599.986,1786879983129.418,14770947.353,0.000000000,1.000000000
331,6619.987,1786879983149.419,14770967.354,0.000000000,1.000000000
332,6639.985,1786879983169.417,14770987.352,0.000000000,1.000000000
333,6659.989,1786879983189.421,14771007.356,0.000000000,1.000000000
334,6679.990,1786879983209.422,14771027.357,0.000000000,1.000000000
335,6699.987,1786879983229.419,14771047.354,0.000000000,1.000000000
336,6719.988,1786879983249.421,14771067.356,0.000000000,1.000000000
337,6739.988,1786879983269.420,14771087.355,0.000000000,1.000000000
338,6759.986,1786879983289.418,14771107.353,0.000000000,1.000000000
339,6779.986,1786879983309.419,14771127.354,0.000000000,1.000000000
340,6799.988,1786879983329.421,14771147.356,0.000000000,1.000000000
341,6819.987,1786879983349.420,14771167.355,0.000000000,1.000000000
342,6839.988,1786879983369.421,14771187.356,0.000000000,1.000000000
343,6859.984,1786879983389.416,14771207.351,0.000000000,1.000000000
344,6879.987,1786879983409.420,14771227.355,0.000000000,1.000000000
345,6899.988,1786879983429.420,14771247.355,0.000000000,1.000000000
346,6919.988,1786879983449.420,14771267.355,0.000000000,1.000000000
347,6939.986,1786879983469.418,14771287.353,0.000000000,1.000000000
348,6959.985,1786879983489.417,14771307.352,0.000000000,1.000000000
349,6979.986,1786879983509.419,14771327.354,0.000000000,1.000000000
350,6999.984,1786879983529.416,14771347.351,0.000000000,1.000000000
351,7019.986,1786879983549.418,14771367.353,0.000000000,1.000000000
352,7039.990,1786879983569.422,14771387.357,0.000000000,1.000000000
353,7059.987,1786879983589.420,14771407.355,0.000000000,1.000000000
354,7079.997,1786879983609.429,14771427.364,0.000000000,1.000000000
355,7099.991,1786879983629.423,14771447.358,0.000000000,1.000000000
356,7119.989,1786879983649.422,14771467.357,0.000000000,1.000000000
357,7139.989,1786879983669.421,14771487.356,0.000000000,1.000000000
358,7159.989,1786879983689.421,14771507.356,0.000000000,1.000000000
359,7179.989,1786879983709.421,14771527.357,0.000000000,1.000000000
360,7199.987,1786879983729.419,14771547.354,0.000000000,1.000000000
361,7219.987,1786879983749.420,14771567.355,0.000000000,1.000000000
362,7239.983,1786879983769.416,14771587.351,0.000000000,1.000000000
363,7259.984,1786879983789.416,14771607.351,0.000000000,1.000000000
364,7279.983,1786879983809.415,14771627.350,0.000000000,1.000000000
365,7299.986,1786879983829.418,14771647.353,0.000000000,1.000000000
366,7319.986,1786879983849.419,14771667.354,0.000000000,1.000000000
367,7339.985,1786879983869.417,14771687.352,0.000000000,1.000000000
368,7359.995,1786879983889.427,14771707.362,0.000000000,1.000000000
369,7379.984,1786879983909.416,14771727.351,0.000000000,1.000000000
370,7399.982,1786879983929.415,14771747.350,0.000000000,1.000000000
371,7419.987,1786879983949.419,14771767.354,0.000000000,1.000000000
372,7439.985,1786879983969.417,14771787.352,0.000000000,1.000000000
373,7459.985,1786879983989.417,14771807.352,0.000000000,1.000000000
374,7479.983,1786879984009.416,14771827.351,0.000000000,1.000000000
375,7499.982,1786879984029.414,14771847.349,0.000000000,1.000000000
376,7519.987,1786879984049.420,14771867.355,0.000000000,1.000000000
377,7539.984,1786879984069.417,14771887.351,0.000000000,1.000000000
378,7559.986,1786879984089.418,14771907.353,0.000000000,1.000000000
379,7579.984,1786879984109.417,14771927.352,0.000000000,1.000000000
380,7599.990,1786879984129.422,14771947.357,0.000000000,1.000000000
381,7619.986,1786879984149.419,14771967.354,0.000000000,1.000000000
382,7639.986,1786879984169.419,14771987.354,0.000000000,1.000000000
383,7659.987,1786879984189.419,14772007.354,0.000000000,1.000000000
384,7679.989,1786879984209.421,14772027.356,0.000000000,1.000000000
385,7699.989,1786879984229.421,14772047.357,0.000000000,1.000000000
386,7719.989,1786879984249.421,14772067.356,0.000000000,1.000000000
387,7739.989,1786879984269.422,14772087.357,0.000000000,1.000000000
388,7759.987,1786879984289.419,14772107.354,0.000000000,1.000000000
389,7779.989,1786879984309.422,14772127.357,0.000000000,1.000000000
390,7799.987,1786879984329.419,14772147.354,0.000000000,1.000000000
391,7819.987,1786879984349.419,14772167.354,0.000000000,1.000000000
392,7839.989,1786879984369.421,14772187.356,0.000000000,1.000000000
393,7859.987,1786879984389.419,14772207.354,0.000000000,1.000000000
394,7879.985,1786879984409.418,14772227.353,0.000000000,1.000000000
395,7899.988,1786879984429.421,14772247.356,0.000000000,1.000000000
396,7919.988,1786879984449.420,14772267.355,0.000000000,1.000000000
397,7939.988,1786879984469.420,14772287.355,0.000000000,1.000000000
398,7959.985,1786879984489.418,14772307.353,0.000000000,1.000000000
399,7979.986,1786879984509.419,14772327.354,0.000000000,1.000000000
400,7999.991,1786879984529.423,14772347.358,0.000000000,1.000000000
401,8019.990,1786879984549.423,14772367.358,0.000000000,1.000000000
402,8039.986,1786879984569.418,14772387.353,0.000000000,1.000000000
403,8059.986,1786879984589.418,14772407.353,0.000000000,1.000000000
404,8079.998,1786879984609.430,14772427.365,0.000000000,1.000000000
405,8099.991,1786879984629.424,14772447.359,0.000000000,1.000000000
406,8119.989,1786879984649.421,14772467.356,0.000000000,1.000000000
407,8139.986,1786879984669.418,14772487.353,0.000000000,1.000000000
408,8159.987,1786879984689.419,14772507.355,0.000000000,1.000000000
409,8179.988,1786879984709.420,14772527.355,0.000000000,1.000000000
410,8199.993,1786879984729.426,14772547.361,0.000000000,1.000000000
411,8219.988,1786879984749.421,14772567.356,0.000000000,1.000000000
412,8239.986,1786879984769.419,14772587.354,0.000000000,1.000000000
413,8259.984,1786879984789.416,14772607.351,0.000000000,1.000000000
414,8279.986,1786879984809.418,14772627.353,0.000000000,1.000000000
415,8299.988,1786879984829.420,14772647.355,0.000000000,1.000000000
416,8319.988,1786879984849.421,14772667.356,0.000000000,1.000000000
417,8339.987,1786879984869.419,14772687.354,0.000000000,1.000000000
418,8359.997,1786879984889.429,14772707.364,0.000000000,1.000000000
419,8379.989,1786879984909.421,14772727.356,0.000000000,1.000000000
420,8399.992,1786879984929.425,14772747.360,0.000000000,1.000000000
421,8419.989,1786879984949.421,14772767.356,0.000000000,1.000000000
422,8439.988,1786879984969.420,14772787.355,0.000000000,1.000000000
423,8459.989,1786879984989.421,14772807.357,0.000000000,1.000000000
424,8479.990,1786879985009.422,14772827.357,0.000000000,1.000000000
425,8499.989,1786879985029.421,14772847.357,0.000000000,1.000000000
426,8519.993,1786879985049.426,14772867.361,0.000000000,1.000000000
427,8539.988,1786879985069.421,14772887.356,0.000000000,1.000000000
428,8559.988,1786879985089.420,14772907.355,0.000000000,1.000000000
429,8579.988,1786879985109.420,14772927.355,0.000000000,1.000000000
430,8599.986,1786879985129.419,14772947.354,0.000000000,1.000000000
431,8619.985,1786879985149.417,14772967.352,0.000000000,1.000000000
432,8639.985,1786879985169.418,14772987.353,0.000000000,1.000000000
433,8659.984,1786879985189.416,14773007.351,0.000000000,1.000000000
434,8679.986,1786879985209.418,14773027.353,0.000000000,1.000000000
435,8699.989,1786879985229.422,14773047.357,0.000000000,1.000000000
436,8719.990,1786879985249.423,14773067.358,0.000000000,1.000000000
437,8739.986,1786879985269.418,14773087.353,0.000000000,1.000000000
438,8759.986,1786879985289.419,14773107.354,0.000000000,1.000000000
439,8779.987,1786879985309.419,14773127.354,0.000000000,1.000000000
440,8799.987,1786879985329.419,14773147.354,0.000000000,1.000000000
441,8819.987,1786879985349.420,14773167.355,0.000000000,1.000000000
442,8839.984,1786879985369.416,14773187.351,0.000000000,1.000000000
443,8859.985,1786879985389.417,14773207.352,0.000000000,1.000000000
444,8879.984,1786879985409.416,14773227.351,0.000000000,1.000000000
445,8899.984,1786879985429.416,14773247.351,0.000000000,1.000000000
446,8919.983,1786879985449.415,14773267.350,0.000000000,1.000000000
447,8939.983,1786879985469.415,14773287.350,0.000000000,1.000000000
448,8959.982,1786879985489.415,14773307.350,0.000000000,1.000000000
449,8979.983,1786879985509.415,14773327.350,0.000000000,1.000000000
450,8999.984,1786879985529.416,14773347.351,0.000000000,1.000000000
451,9019.984,1786879985549.416,14773367.351,0.000000000,1.000000000
452,9039.982,1786879985569.415,14773387.349,0.000000000,1.000000000
453,9059.982,1786879985589.415,14773407.350,0.000000000,1.000000000
454,9079.986,1786879985609.418,14773427.353,0.000000000,1.000000000
455,9099.986,1786879985629.418,14773447.353,0.000000000,1.000000000
456,9119.988,1786879985649.420,14773467.355,0.000000000,1.000000000
457,9139.990,1786879985669.422,14773487.357,0.000000000,1.000000000
458,9159.990,1786879985689.423,14773507.358,0.000000000,1.000000000
459,9179.989,1786879985709.421,14773527.356,0.000000000,1.000000000
460,9199.988,1786879985729.420,14773547.355,0.000000000,1.000000000
461,9219.987,1786879985749.420,14773567.355,0.000000000,1.000000000
462,9239.988,1786879985769.421,14773587.356,0.000000000,1.000000000
463,9259.983,1786879985789.416,14773607.351,0.000000000,1.000000000
464,9279.983,1786879985809.415,14773627.350,0.000000000,1.000000000
465,9299.983,1786879985829.415,14773647.350,0.000000000,1.000000000
466,9319.984,1786879985849.417,14773667.352,0.000000000,1.000000000
467,9339.986,1786879985869.418,14773687.353,0.000000000,1.000000000
468,9359.986,1786879985889.419,14773707.354,0.000000000,1.000000000
469,9379.994,1786879985909.426,14773727.361,0.000000000,1.000000000
470,9399.988,1786879985929.420,14773747.356,0.000000000,1.000000000
471,9419.985,1786879985949.417,14773767.352,0.000000000,1.000000000
472,9439.987,1786879985969.420,14773787.355,0.000000000,1.000000000
473,9459.986,1786879985989.418,14773807.353,0.000000000,1.000000000
474,9479.989,1786879986009.421,14773827.356,0.000000000,1.000000000
475,9499.987,1786879986029.419,14773847.354,0.000000000,1.000000000
476,9519.985,1786879986049.417,14773867.352,0.000000000,1.000000000
477,9539.983,1786879986069.416,14773887.351,0.000000000,1.000000000
478,9559.983,1786879986089.415,14773907.350,0.000000000,1.000000000
479,9579.983,1786879986109.416,14773927.351,0.000000000,1.000000000
480,9599.983,1786879986129.416,14773947.351,0.000000000,1.000000000
481,9619.983,1786879986149.416,14773967.351,0.000000000,1.000000000
482,9639.983,1786879986169.416,14773987.351,0.000000000,1.000000000
483,9659.982,1786879986189.415,14774007.350,0.000000000,1.000000000
484,9679.986,1786879986209.418,14774027.353,0.000000000,1.000000000
485,9699.987,1786879986229.419,14774047.354,0.000000000,1.000000000
486,9719.988,1786879986249.420,14774067.356,0.000000000,1.000000000
487,9739.985,1786879986269.417,14774087.352,0.000000000,1.000000000
488,9759.984,1786879986289.417,14774107.352,0.000000000,1.000000000
489,9779.984,1786879986309.416,14774127.351,0.000000000,1.000000000
490,9799.983,1786879986329.415,14774147.350,0.000000000,1.000000000
491,9819.986,1786879986349.418,14774167.353,0.000000000,1.000000000
492,9839.984,1786879986369.417,14774187.352,0.000000000,1.000000000
493,9859.983,1786879986389.416,14774207.351,0.000000000,1.000000000
494,9879.980,1786879986409.413,14774227.348,0.000000000,1.000000000
495,9899.980,1786879986429.413,14774247.348,0.000000000,1.000000000
496,9919.980,1786879986449.412,14774267.347,0.000000000,1.000000000
497,9939.981,1786879986469.414,14774287.349,0.000000000,1.000000000
498,9959.980,1786879986489.413,14774307.348,0.000000000,1.000000000
499,9979.983,1786879986509.416,14774327.351,0.000000000,1.000000000
500,9999.983,1786879986529.415,14774347.350,0.000000000,1.000000000
501,10019.982,1786879986549.414,14774367.349,0.000000000,1.000000000
502,10039.982,1786879986569.415,14774387.350,0.000000000,1.000000000
503,10059.988,1786879986589.420,14774407.356,0.000000000,1.000000000
504,10079.994,1786879986609.426,14774427.361,0.000000000,1.000000000
505,10099.992,1786879986629.424,14774447.359,0.000000000,1.000000000
506,10119.991,1786879986649.423,14774467.358,0.000000000,1.000000000
507,10139.987,1786879986669.419,14774487.354,0.000000000,1.000000000
508,10159.991,1786879986689.424,14774507.359,0.000000000,1.000000000
509,10179.990,1786879986709.422,14774527.357,0.000000000,1.000000000
510,10199.989,1786879986729.422,14774547.357,0.000000000,1.000000000
511,10219.987,1786879986749.419,14774567.354,0.000000000,1.000000000
512,10239.989,1786879986769.421,14774587.356,0.000000000,1.000000000
513,10259.988,1786879986789.420,14774607.355,0.000000000,1.000000000
514,10279.987,1786879986809.419,14774627.354,0.000000000,1.000000000
515,10299.990,1786879986829.422,14774647.357,0.000000000,1.000000000
516,10319.987,1786879986849.420,14774667.355,0.000000000,1.000000000
517,10339.987,1786879986869.419,14774687.354,0.000000000,1.000000000
518,10359.988,1786879986889.420,14774707.356,0.000000000,1.000000000
519,10379.995,1786879986909.428,14774727.363,0.000000000,1.000000000
520,10399.993,1786879986929.425,14774747.360,0.000000000,1.000000000
521,10419.994,1786879986949.426,14774767.361,0.000000000,1.000000000
522,10439.990,1786879986969.422,14774787.357,0.000000000,1.000000000
523,10459.991,1786879986989.423,14774807.358,0.000000000,1.000000000
524,10479.988,1786879987009.421,14774827.356,0.000000000,1.000000000
525,10499.990,1786879987029.423,14774847.357,0.000000000,1.000000000
526,10519.990,1786879987049.422,14774867.357,0.000000000,1.000000000
527,10539.990,1786879987069.422,14774887.357,0.000000000,1.000000000
528,10559.997,1786879987089.429,14774907.364,0.000000000,1.000000000
529,10579.989,1786879987109.422,14774927.357,0.000000000,1.000000000
530,10599.990,1786879987129.422,14774947.357,0.000000000,1.000000000
531,10619.989,1786879987149.421,14774967.356,0.000000000,1.000000000
532,10639.989,1786879987169.421,14774987.356,0.000000000,1.000000000
533,10659.990,1786879987189.422,14775007.357,0.000000000,0.000000000
534,10679.989,1786879987209.421,14775027.357,0.000000000,0.000000000
535,10699.990,1786879987229.423,14775047.358,0.000000000,0.000000000
536,10719.989,1786879987249.422,14775067.357,0.000000000,0.000000000
537,10739.989,1786879987269.422,14775087.357,0.000000000,0.000000000
538,10759.987,1786879987289.420,14775107.355,0.000000000,0.000000000
539,10779.990,1786879987309.423,14775127.358,0.000000000,0.000000000
540,10799.989,1786879987329.421,14775147.356,0.000000000,0.000000000
541,10819.990,1786879987349.423,14775167.358,0.000000000,0.000000000
542,10839.990,1786879987369.422,14775187.357,0.000000000,0.000000000
543,10859.990,1786879987389.422,14775207.357,0.000000000,0.000000000
544,10879.987,1786879987409.420,14775227.355,0.000000000,0.000000000
545,10899.987,1786879987429.420,14775247.355,0.000000000,0.000000000
546,10919.986,1786879987449.418,14775267.353,0.000000000,0.000000000
547,10939.986,1786879987469.419,14775287.354,0.000000000,0.000000000
548,10959.987,1786879987489.419,14775307.354,0.000000000,0.000000000
549,10979.985,1786879987509.417,14775327.352,0.000000000,0.000000000
550,10999.984,1786879987529.417,14775347.352,0.000000000,0.000000000
551,11019.983,1786879987549.416,14775367.351,0.000000000,0.000000000
552,11039.983,1786879987569.415,14775387.350,0.000000000,0.000000000
553,11059.986,1786879987589.418,14775407.353,0.000000000,0.000000000
554,11079.988,1786879987609.421,14775427.356,0.000000000,0.000000000
555,11099.990,1786879987629.422,14775447.357,0.000000000,0.000000000
556,11119.987,1786879987649.420,14775467.355,0.000000000,0.000000000
557,11139.984,1786879987669.417,14775487.352,0.000000000,0.000000000
558,11159.992,1786879987689.425,14775507.360,0.000000000,0.000000000
559,11179.990,1786879987709.422,14775527.357,0.000000000,0.000000000
560,11199.991,1786879987729.424,14775547.359,0.000000000,0.000000000
561,11219.990,1786879987749.423,14775567.358,0.000000000,0.000000000
562,11239.991,1786879987769.423,14775587.358,0.000000000,0.000000000
563,11259.991,1786879987789.423,14775607.358,0.000000000,0.000000000
564,11279.986,1786879987809.419,14775627.354,0.000000000,0.000000000
565,11299.987,1786879987829.420,14775647.355,0.000000000,0.000000000
566,11319.993,1786879987849.425,14775667.360,0.000000000,0.000000000
567,11339.988,1786879987869.420,14775687.355,0.000000000,0.000000000
568,11359.988,1786879987889.421,14775707.356,0.000000000,0.000000000
569,11379.998,1786879987909.430,14775727.366,0.000000000,0.000000000
570,11399.992,1786879987929.425,14775747.360,0.000000000,0.000000000
571,11419.990,1786879987949.423,14775767.358,0.000000000,0.000000000
572,11439.991,1786879987969.423,14775787.358,0.000000000,0.000000000
573,11459.990,1786879987989.423,14775807.358,0.000000000,0.000000000
574,11479.989,1786879988009.421,14775827.356,0.000000000,0.000000000
575,11499.989,1786879988029.421,14775847.356,0.000000000,0.000000000
576,11519.994,1786879988049.426,14775867.361,0.000000000,0.000000000
577,11539.990,1786879988069.423,14775887.358,0.000000000,0.000000000
578,11559.990,1786879988089.423,14775907.357,0.000000000,0.000000000
579,11579.989,1786879988109.421,14775927.356,0.000000000,0.000000000
580,11599.989,1786879988129.421,14775947.356,0.000000000,0.000000000
581,11619.990,1786879988149.422,14775967.357,0.000000000,0.000000000
582,11639.990,1786879988169.422,14775987.357,0.000000000,0.000000000
583,11659.989,1786879988189.421,14776007.356,0.000000000,0.000000000
584,11679.985,1786879988209.417,14776027.352,0.000000000,0.000000000
585,11699.985,1786879988229.417,14776047.352,0.000000000,0.000000000
586,11719.983,1786879988249.415,14776067.350,0.000000000,0.000000000
587,11739.984,1786879988269.416,14776087.351,0.000000000,0.000000000
588,11759.984,1786879988289.416,14776107.351,0.000000000,0.000000000
589,11779.983,1786879988309.415,14776127.350,0.000000000,0.000000000
590,11799.984,1786879988329.416,14776147.351,0.000000000,0.000000000
591,11819.982,1786879988349.415,14776167.350,0.000000000,0.000000000
592,11839.981,1786879988369.413,14776187.348,0.000000000,0.000000000
593,11859.986,1786879988389.418,14776207.353,0.000000000,0.000000000
594,11879.984,1786879988409.417,14776227.352,0.000000000,0.000000000
595,11899.983,1786879988429.416,14776247.351,0.000000000,0.000000000
596,11919.985,1786879988449.418,14776267.353,0.000000000,0.000000000
597,11939.988,1786879988469.420,14776287.355,0.000000000,0.000000000
598,11959.989,1786879988489.421,14776307.356,0.000000000,0.000000000
599,11979.984,1786879988509.417,14776327.352,0.000000000,0.000000000
600,11999.986,1786879988529.418,14776347.353,0.000000000,0.000000000
601,12019.982,1786879988549.415,14776367.350,0.000000000,0.000000000
602,12039.984,1786879988569.416,14776387.351,0.000000000,0.000000000
603,12059.984,1786879988589.417,14776407.352,0.000000000,0.000000000
604,12079.984,1786879988609.416,14776427.351,0.000000000,0.000000000
605,12099.985,1786879988629.417,14776447.352,0.000000000,0.000000000
606,12119.982,1786879988649.414,14776467.349,0.000000000,0.000000000
607,12139.981,1786879988669.414,14776487.349,0.000000000,0.000000000
608,12159.981,1786879988689.413,14776507.348,0.000000000,0.000000000
609,12179.981,1786879988709.413,14776527.348,0.000000000,0.000000000
610,12199.981,1786879988729.414,14776547.349,0.000000000,0.000000000
611,12219.982,1786879988749.414,14776567.349,0.000000000,0.000000000
612,12239.984,1786879988769.417,14776587.352,0.000000000,0.000000000
613,12259.985,1786879988789.417,14776607.352,0.000000000,0.000000000
614,12279.983,1786879988809.415,14776627.350,0.000000000,0.000000000
615,12299.984,1786879988829.416,14776647.351,0.000000000,0.000000000
616,12319.984,1786879988849.417,14776667.352,0.000000000,0.000000000
617,12339.986,1786879988869.418,14776687.353,0.000000000,0.000000000
618,12359.989,1786879988889.421,14776707.356,0.000000000,0.000000000
619,12379.988,1786879988909.421,14776727.356,0.000000000,0.000000000
620,12399.991,1786879988929.424,14776747.358,0.000000000,0.000000000
621,12419.989,1786879988949.422,14776767.357,0.000000000,0.000000000
622,12439.989,1786879988969.421,14776787.356,0.000000000,0.000000000
623,12459.988,1786879988989.420,14776807.356,0.000000000,0.000000000
624,12479.992,1786879989009.425,14776827.360,0.000000000,0.000000000
625,12499.991,1786879989029.424,14776847.358,0.000000000,0.000000000
626,12519.990,1786879989049.423,14776867.358,0.000000000,0.000000000
627,12539.991,1786879989069.423,14776887.358,0.000000000,0.000000000
628,12559.991,1786879989089.423,14776907.358,0.000000000,0.000000000
629,12579.989,1786879989109.422,14776927.357,0.000000000,0.000000000
630,12599.989,1786879989129.421,14776947.356,0.000000000,0.000000000
631,12619.990,1786879989149.423,14776967.358,0.000000000,0.000000000
632,12639.989,1786879989169.422,14776987.357,0.000000000,0.000000000
633,12659.991,1786879989189.424,14777007.359,0.000000000,0.000000000
634,12679.986,1786879989209.419,14777027.354,0.000000000,0.000000000
635,12699.985,1786879989229.418,14777047.353,0.000000000,0.000000000
636,12719.985,1786879989249.417,14777067.352,0.000000000,0.000000000
637,12739.984,1786879989269.416,14777087.351,0.000000000,0.000000000
638,12759.984,1786879989289.416,14777107.351,0.000000000,0.000000000
639,12779.983,1786879989309.416,14777127.351,0.000000000,0.000000000
640,12799.986,1786879989329.418,14777147.353,0.000000000,0.000000000
641,12819.989,1786879989349.421,14777167.356,0.000000000,0.000000000
642,12839.988,1786879989369.421,14777187.356,0.000000000,0.000000000
643,12859.989,1786879989389.421,14777207.356,0.000000000,0.000000000
644,12879.988,1786879989409.421,14777227.356,0.000000000,0.000000000
645,12899.990,1786879989429.422,14777247.357,0.000000000,0.000000000
646,12919.991,1786879989449.423,14777267.358,0.000000000,0.000000000
647,12939.990,1786879989469.423,14777287.358,0.000000000,0.000000000
648,12959.991,1786879989489.424,14777307.358,0.000000000,0.000000000
649,12979.989,1786879989509.422,14777327.357,0.000000000,0.000000000
650,12999.993,1786879989529.426,14777347.361,0.000000000,0.000000000
651,13019.991,1786879989549.423,14777367.358,0.000000000,0.000000000
652,13039.990,1786879989569.422,14777387.357,0.000000000,0.000000000
653,13059.988,1786879989589.421,14777407.356,0.000000000,0.000000000
654,13079.990,1786879989609.422,14777427.357,0.000000000,0.000000000
655,13099.989,1786879989629.422,14777447.357,0.000000000,0.000000000
656,13119.989,1786879989649.421,14777467.357,0.000000000,0.000000000
657,13139.989,1786879989669.422,14777487.357,0.000000000,0.000000000
658,13159.987,1786879989689.419,14777507.354,0.000000000,0.000000000
659,13179.988,1786879989709.420,14777527.355,0.000000000,0.000000000
660,13199.990,1786879989729.422,14777547.357,0.000000000,0.000000000
661,13219.992,1786879989749.425,14777567.360,0.000000000,0.000000000
662,13239.991,1786879989769.423,14777587.358,0.000000000,0.000000000
663,13259.990,1786879989789.423,14777607.358,0.000000000,0.000000000
664,13279.988,1786879989809.420,14777627.355,0.000000000,0.000000000
665,13299.989,1786879989829.422,14777647.357,0.000000000,0.000000000
666,13319.995,1786879989849.427,14777667.362,0.000000000,0.000000000
667,13339.989,1786879989869.421,14777687.356,0.000000000,0.000000000
668,13359.991,1786879989889.423,14777707.358,0.000000000,0.000000000
669,13379.995,1786879989909.427,14777727.362,0.000000000,0.000000000
670,13400.028,1786879989929.460,14777747.395,0.000000000,0.000000000
671,13420.025,1786879989949.458,14777767.393,0.000000000,0.000000000
672,13440.013,1786879989969.446,14777787.381,0.000000000,0.000000000
673,13460.014,1786879989989.447,14777807.382,0.000000000,0.000000000
674,13480.017,1786879990009.449,14777827.384,0.000000000,0.000000000
675,13500.027,1786879990029.460,14777847.395,0.000000000,0.000000000
