index,time_ms,time_realtime_ms,time_monotonic_ms,ros_timestamp,right_hand_q_0,right_hand_q_1,right_hand_q_2,right_hand_q_3,right_hand_q_4,right_hand_q_5,right_hand_q_6
0,0.000,1786884122206.493,18910024.428,0.000000000,0.000869863,-0.027626224,-0.034270898,0.044739801,0.041594069,0.044711526,0.041585181
1,19.975,1786884122226.468,18910044.403,0.000000000,0.000871959,-0.025301617,-0.036076076,0.046669945,0.043444563,0.046479061,0.043411423
2,39.982,1786884122246.475,18910064.410,0.000000000,0.000869353,-0.024904754,-0.040216506,0.050944746,0.047650237,0.050492574,0.047578081
3,59.981,1786884122266.474,18910084.409,0.000000000,0.000856847,-0.024619425,-0.053906422,0.065212965,0.061657488,0.064015508,0.061473869
4,79.974,1786884122286.467,18910104.402,0.000000000,0.000846386,-0.024542358,-0.068070605,0.080298349,0.076093584,0.078552693,0.075827032
5,99.976,1786884122306.469,18910124.404,0.000000000,0.000835290,-0.024484470,-0.084800348,0.098741680,0.093184389,0.096664399,0.092864975
6,119.973,1786884122326.467,18910144.402,0.000000000,0.000825535,-0.024433300,-0.110176511,0.127463877,0.119168922,0.125200942,0.118812054
7,139.977,1786884122346.470,18910164.405,0.000000000,0.000824641,-0.024437416,-0.123954959,0.142707631,0.133153439,0.140270263,0.132762760
8,159.973,1786884122366.466,18910184.401,0.000000000,0.000829314,-0.024510959,-0.153359056,0.172814712,0.162341610,0.169623971,0.161818847
9,179.976,1786884122386.469,18910204.404,0.000000000,0.000832046,-0.024584893,-0.176740319,0.194431528,0.184940502,0.190633208,0.184318081
10,199.974,1786884122406.468,18910224.402,0.000000000,0.000833173,-0.024612343,-0.209065005,0.222187027,0.215775192,0.217793524,0.215067774
11,219.978,1786884122426.471,18910244.406,0.000000000,0.000831626,-0.024622682,-0.225622043,0.235279232,0.231364682,0.230716661,0.230642840
12,239.972,1786884122446.466,18910264.400,0.000000000,0.000825632,-0.024659211,-0.259415120,0.260424435,0.262825042,0.255714148,0.262115389
13,259.979,1786884122466.472,18910284.407,0.000000000,0.000822593,-0.024667958,-0.276553333,0.273248732,0.278774768,0.268515378,0.278080165
14,279.979,1786884122486.472,18910304.407,0.000000000,0.000818422,-0.024643978,-0.311054230,0.300561339,0.311228067,0.295754164,0.310552865
15,299.972,1786884122506.465,18910324.400,0.000000000,0.000813935,-0.024635851,-0.337091297,0.322075248,0.335929245,0.317524493,0.335314542
16,319.973,1786884122526.466,18910344.401,0.000000000,0.000808265,-0.024656916,-0.363316268,0.343847901,0.360785812,0.340037346,0.360308439
17,339.970,1786884122546.463,18910364.398,0.000000000,0.000802322,-0.024682386,-0.398475200,0.373808861,0.394198298,0.371464074,0.393973619
18,359.981,1786884122566.474,18910384.409,0.000000000,0.000800454,-0.024691764,-0.416097581,0.389339834,0.411028624,0.387810528,0.410938889
19,379.971,1786884122586.464,18910404.399,0.000000000,0.000797853,-0.024720598,-0.451413572,0.421341866,0.444876790,0.421435803,0.445050716
20,399.976,1786884122606.469,18910424.404,0.000000000,0.000796506,-0.024736632,-0.469095379,0.437771946,0.461876363,0.438620418,0.462174982
21,419.998,1786884122626.491,18910444.426,0.000000000,0.000793281,-0.024760684,-0.504451096,0.471828580,0.496046633,0.473655045,0.496529758
22,439.979,1786884122646.472,18910464.407,0.000000000,0.000790559,-0.024761014,-0.530902207,0.498627782,0.521844029,0.500736117,0.522412598
23,459.971,1786884122666.464,18910484.399,0.000000000,0.000786621,-0.024722919,-0.565967262,0.536633074,0.556539953,0.538429201,0.557142019
24,479.973,1786884122686.466,18910504.401,0.000000000,0.000785457,-0.024692560,-0.583396494,0.556534469,0.574008644,0.558085740,0.574613214
25,499.979,1786884122706.473,18910524.407,0.000000000,0.000784049,-0.024608990,-0.618080914,0.597265005,0.609113097,0.598460793,0.609726131
26,519.974,1786884122726.467,18910544.402,0.000000000,0.000783455,-0.024539417,-0.644008815,0.627880514,0.635505617,0.629014313,0.636135340
27,539.979,1786884122746.472,18910564.407,0.000000000,0.000783025,-0.024456356,-0.669886112,0.658299208,0.661939561,0.659467518,0.662585080
28,560.008,1786884122766.501,18910584.436,0.000000000,0.000782237,-0.024337096,-0.704347432,0.698440552,0.697235048,0.699581325,0.697882354
29,579.979,1786884122786.472,18910604.407,0.000000000,0.000782195,-0.024277858,-0.721575499,0.718304932,0.714895666,0.719353497,0.715531111
30,599.974,1786884122806.467,18910624.402,0.000000000,0.000783817,-0.024171818,-0.756037414,0.757690012,0.750210226,0.758434176,0.750798047
31,619.979,1786884122826.472,18910644.407,0.000000000,0.000785393,-0.024130115,-0.773272812,0.777228117,0.767842174,0.777791023,0.768398404
32,639.972,1786884122846.465,18910664.400,0.000000000,0.000789769,-0.024068298,-0.807765782,0.815942109,0.803004384,0.816068590,0.803479850
33,659.971,1786884122866.464,18910684.399,0.000000000,0.000792183,-0.024039209,-0.825015366,0.835165679,0.820542336,0.835038602,0.820968688
34,679.975,1786884122886.468,18910704.403,0.000000000,0.000796214,-0.023994464,-0.859559834,0.873094976,0.855522990,0.872385979,0.855830431
35,699.973,1786884122906.466,18910724.401,0.000000000,0.000797290,-0.023970550,-0.885523617,0.900892138,0.881655753,0.899851620,0.881883144
36,719.973,1786884122926.467,18910744.401,0.000000000,0.000796362,-0.023944875,-0.911535501,0.928166866,0.907717824,0.926878512,0.907886207
37,739.973,1786884122946.466,18910764.401,0.000000000,0.000794003,-0.023901384,-0.946280539,0.963873565,0.942410707,0.962421834,0.942533195
38,759.976,1786884122966.469,18910784.405,0.000000000,0.000792492,-0.023873506,-0.963675797,0.981517613,0.959756911,0.980077267,0.959869385
39,780.017,1786884122986.510,18910804.445,0.000000000,0.000788894,-0.023806654,-0.998507321,1.016564131,0.994487464,1.015312076,0.994609058
40,799.980,1786884123006.473,18910824.408,0.000000000,0.000787594,-0.023769885,-1.015936017,1.034071326,1.011876345,1.032898426,1.012008905
41,819.975,1786884123026.468,18910844.403,0.000000000,0.000786917,-0.023689320,-1.050791740,1.069182038,1.046699047,1.068171382,1.046853185
42,839.989,1786884123046.482,18910864.417,0.000000000,0.000787356,-0.023625320,-1.076915383,1.095680594,1.072842956,1.094728589,1.073007703
43,859.979,1786884123066.472,18910884.407,0.000000000,0.000788601,-0.023536801,-1.111682653,1.131284237,1.107690096,1.130293369,1.107862353
44,879.971,1786884123086.464,18910904.399,0.000000000,0.000789557,-0.023493225,-1.129029036,1.149187207,1.125095963,1.148146152,1.125267982
45,899.973,1786884123106.467,18910924.401,0.000000000,0.000791981,-0.023433397,-1.163672686,1.184702158,1.159807086,1.183651090,1.159972668
46,919.970,1786884123126.463,18910944.398,0.000000000,0.000793783,-0.023406861,-1.189632297,1.210858822,1.185729504,1.209873915,1.185886621
47,939.976,1786884123146.469,18910964.404,0.000000000,0.000795283,-0.023386804,-1.215602279,1.236622930,1.211590528,1.235672355,1.211736202
48,959.974,1786884123166.467,18910984.402,0.000000000,0.000796615,-0.023364468,-1.250267386,1.270405769,1.246018529,1.269464016,1.246143579
49,979.977,1786884123186.470,18911004.405,0.000000000,0.000796760,-0.023351906,-1.267609954,1.287102699,1.263215065,1.286168456,1.263331056
50,999.975,1786884123206.468,18911024.403,0.000000000,0.000796005,-0.023317220,-1.302302837,1.320315957,1.297596693,1.319441915,1.297709227
51,1019.987,1786884123226.480,18911044.415,0.000000000,0.000795603,-0.023295082,-1.319645762,1.336901188,1.314787507,1.336084604,1.314903021
52,1039.985,1786884123246.478,18911064.413,0.000000000,0.000795532,-0.023234854,-1.354286075,1.369664192,1.349163651,1.369038582,1.349291205
53,1059.980,1786884123266.473,18911084.408,0.000000000,0.000796320,-0.023182161,-1.380213141,1.393183231,1.374936461,1.392732739,1.375074148
54,1080.013,1786884123286.506,18911104.441,0.000000000,0.000797942,-0.023111308,-1.414719105,1.422130585,1.409279585,1.421944737,1.409435272
55,1099.982,1786884123306.475,18911124.410,0.000000000,0.000799176,-0.023076000,-1.431952238,1.435337424,1.426445723,1.435270309,1.426611900
56,1119.974,1786884123326.467,18911144.402,0.000000000,0.000802092,-0.023004387,-1.466405034,1.458942056,1.460790873,1.459043622,1.460974932
57,1139.983,1786884123346.476,18911164.411,0.000000000,0.000804364,-0.022947367,-1.492249489,1.474146366,1.486578107,1.474281669,1.486771822
58,1159.976,1786884123366.469,18911184.404,0.000000000,0.000807311,-0.022872752,-1.526684880,1.491042137,1.520988584,1.491115808,1.521190882
59,1179.975,1786884123386.469,18911204.403,0.000000000,0.000809493,-0.022823825,-1.551946163,1.501102328,1.546402335,1.501073241,1.546598554
60,1199.980,1786884123406.473,18911224.408,0.000000000,0.000811228,-0.022779353,-1.575990081,1.508976340,1.570739031,1.508822560,1.570917964
61,1220.005,1786884123426.498,18911244.433,0.000000000,0.000812786,-0.022724953,-1.605356336,1.516374707,1.600649476,1.516053081,1.600796103
62,1239.982,1786884123446.475,18911264.411,0.000000000,0.000813102,-0.022698047,-1.618673563,1.518896580,1.614282012,1.518503666,1.614413261
63,1260.012,1786884123466.505,18911284.440,0.000000000,0.000812697,-0.022643978,-1.642324328,1.521999121,1.638611913,1.521536946,1.638710737
64,1279.982,1786884123486.475,18911304.410,0.000000000,0.000812204,-0.022616968,-1.652614594,1.522726297,1.649252653,1.522278309,1.649331927
65,1299.994,1786884123506.487,18911324.422,0.000000000,0.000811444,-0.022556439,-1.670106769,1.523176789,1.667434692,1.522768617,1.667477131
66,1319.978,1786884123526.471,18911344.406,0.000000000,0.000811375,-0.022505371,-1.680596113,1.523301244,1.678410888,1.522899389,1.678434968
67,1340.008,1786884123546.501,18911364.436,0.000000000,0.000812645,-0.022434140,-1.691327453,1.523443103,1.689731598,1.523043513,1.689745426
68,1359.980,1786884123566.473,18911384.408,0.000000000,0.000813797,-0.022397976,-1.695420623,1.523513913,1.694089532,1.523113728,1.694104075
69,1379.975,1786884123586.468,18911404.403,0.000000000,0.000816612,-0.022325408,-1.701347351,1.523653507,1.700480700,1.523252726,1.700505733
70,1399.974,1786884123606.468,18911424.402,0.000000000,0.000819320,-0.022277337,-1.704025745,1.523745537,1.703455210,1.523346066,1.703491449
71,1419.975,1786884123626.468,18911444.403,0.000000000,0.000824055,-0.022229485,-1.705612421,1.523845434,1.705383420,1.523446321,1.705427647
72,1439.971,1786884123646.465,18911464.400,0.000000000,0.000827576,-0.022196328,-1.705875158,1.523915887,1.705732346,1.523514986,1.705775976
73,1459.974,1786884123666.468,18911484.402,0.000000000,0.000830157,-0.022167953,-1.705994248,1.523982763,1.705865622,1.523579597,1.705908656
74,1479.972,1786884123686.466,18911504.400,0.000000000,0.000831224,-0.022132469,-1.706125259,1.524072647,1.706000447,1.523669124,1.706043005
75,1499.981,1786884123706.474,18911524.409,0.000000000,0.000830753,-0.022114366,-1.706189513,1.524118543,1.706065655,1.523717165,1.706108093
76,1519.978,1786884123726.470,18911544.406,0.000000000,0.000828293,-0.022070922,-1.706319213,1.524220586,1.706196547,1.523827553,1.706238747
77,1539.981,1786884123746.474,18911564.409,0.000000000,0.000826977,-0.022044212,-1.706384540,1.524277925,1.706262231,1.523889899,1.706304193
78,1559.978,1786884123766.471,18911584.406,0.000000000,0.000826041,-0.021980820,-1.706514597,1.524404526,1.706392527,1.524022579,1.706434608
79,1579.979,1786884123786.472,18911604.407,0.000000000,0.000826478,-0.021926975,-1.706611991,1.524507761,1.706489801,1.524126887,1.706532240
80,1599.977,1786884123806.470,18911624.405,0.000000000,0.000828657,-0.021850126,-1.706741691,1.524652123,1.706618905,1.524269223,1.706662178
81,1619.982,1786884123826.475,18911644.410,0.000000000,0.000830036,-0.021809557,-1.706806064,1.524725914,1.706683040,1.524340987,1.706726670
82,1639.975,1786884123846.469,18911664.403,0.000000000,0.000832782,-0.021728499,-1.706932783,1.524868250,1.706809640,1.524480224,1.706853867
83,1659.972,1786884123866.466,18911684.400,0.000000000,0.000835058,-0.021682331,-1.707026124,1.524955630,1.706903815,1.524569273,1.706947446
84,1679.988,1786884123886.480,18911704.416,0.000000000,0.000838420,-0.021640662,-1.707149982,1.525051832,1.707029343,1.524667978,1.707071900
85,1699.983,1786884123906.476,18911724.411,0.000000000,0.000840805,-0.021614194,-1.707243323,1.525121093,1.707123995,1.524736524,1.707166076
86,1719.979,1786884123926.473,18911744.407,0.000000000,0.000842511,-0.021591028,-1.707337141,1.525188446,1.707219005,1.524802446,1.707260728
87,1739.976,1786884123946.469,18911764.404,0.000000000,0.000843900,-0.021562876,-1.707462192,1.525274873,1.707345724,1.524887443,1.707386971
88,1759.977,1786884123966.470,18911784.405,0.000000000,0.000844029,-0.021548437,-1.707524776,1.525318027,1.707409263,1.524931908,1.707450151
89,1779.972,1786884123986.465,18911804.400,0.000000000,0.000843532,-0.021516614,-1.707650185,1.525408149,1.707536221,1.525026679,1.707576394
90,1799.981,1786884124006.474,18911824.409,0.000000000,0.000843152,-0.021497890,-1.707712650,1.525455832,1.707599401,1.525077581,1.707639217
91,1819.974,1786884124026.467,18911844.402,0.000000000,0.000843365,-0.021450311,-1.707836390,1.525561094,1.707723975,1.525187016,1.707763553
92,1839.989,1786884124046.483,18911864.417,0.000000000,0.000844271,-0.021410730,-1.707928419,1.525643826,1.707816362,1.525271416,1.707856059
93,1859.979,1786884124066.472,18911884.407,0.000000000,0.000845970,-0.021356244,-1.708050966,1.525756359,1.707939267,1.525385499,1.707979202
94,1879.993,1786884124086.486,18911904.421,0.000000000,0.000846991,-0.021327881,-1.708112121,1.525814056,1.708000660,1.525443316,1.708040714
95,1900.006,1786884124106.499,18911924.434,0.000000000,0.000849196,-0.021267330,-1.708234549,1.525933266,1.708123446,1.525562167,1.708163500
96,1919.994,1786884124126.487,18911944.422,0.000000000,0.000850974,-0.021220194,-1.708325863,1.526023746,1.708215117,1.525651932,1.708255291
97,1939.979,1786884124146.473,18911964.408,0.000000000,0.000852664,-0.021173405,-1.708416820,1.526113510,1.708306551,1.525740504,1.708346605
98,1960.006,1786884124166.499,18911984.434,0.000000000,0.000854545,-0.021112073,-1.708537579,1.526231050,1.708427906,1.525856972,1.708467960
99,1979.986,1786884124186.479,18912004.414,0.000000000,0.000855259,-0.021082336,-1.708598018,1.526288748,1.708488584,1.525914669,1.708528519
100,1999.988,1786884124206.481,18912024.416,0.000000000,0.000856154,-0.021026926,-1.708718896,1.526400328,1.708610415,1.526027322,1.708649993
101,2019.985,1786884124226.478,18912044.413,0.000000000,0.000856560,-0.020987848,-1.708809614,1.526481867,1.708701730,1.526110053,1.708741188
102,2039.977,1786884124246.470,18912064.405,0.000000000,0.000856914,-0.020950045,-1.708900213,1.526562095,1.708792925,1.526191831,1.708832264
103,2059.975,1786884124266.468,18912084.403,0.000000000,0.000857279,-0.020913512,-1.708990693,1.526641369,1.708884120,1.526272655,1.708923221
104,2080.011,1786884124286.504,18912104.439,0.000000000,0.000857934,-0.020864274,-1.709110737,1.526747227,1.709004998,1.526380301,1.709043860
105,2100.004,1786884124306.497,18912124.432,0.000000000,0.000858313,-0.020839242,-1.709170461,1.526800156,1.709065080,1.526434302,1.709103942
106,2120.009,1786884124326.502,18912144.437,0.000000000,0.000859305,-0.020788779,-1.709289312,1.526906013,1.709184766,1.526541829,1.709223390
107,2140.007,1786884124346.500,18912164.435,0.000000000,0.000860197,-0.020750808,-1.709378004,1.526985168,1.709274054,1.526622057,1.709312558
108,2159.976,1786884124366.469,18912184.404,0.000000000,0.000861307,-0.020712996,-1.709466100,1.527063370,1.709362745,1.526700974,1.709401131
109,2179.999,1786884124386.492,18912204.427,0.000000000,0.000862960,-0.020664325,-1.709582567,1.527164459,1.709480166,1.526802301,1.709518313
110,2199.983,1786884124406.476,18912224.411,0.000000000,0.000863974,-0.020641541,-1.709640145,1.527212024,1.709538341,1.526849508,1.709576249
111,2220.012,1786884124426.505,18912244.440,0.000000000,0.000865446,-0.020598358,-1.709754348,1.527302146,1.709654212,1.526939511,1.709691525
112,2239.985,1786884124446.478,18912264.413,0.000000000,0.000865744,-0.020576520,-1.709812164,1.527348638,1.709712744,1.526986122,1.709750056
113,2260.007,1786884124466.500,18912284.435,0.000000000,0.000865009,-0.020522719,-1.709931493,1.527458668,1.709832668,1.527096868,1.709870338
114,2279.984,1786884124486.478,18912304.412,0.000000000,0.000863728,-0.020481732,-1.710023284,1.527547598,1.709924817,1.527188420,1.709962487
115,2300.097,1786884124506.590,18912324.525,0.000000000,0.000862114,-0.020420695,-1.710144758,1.527672291,1.710046291,1.527320385,1.710083604
116,2319.976,1786884124526.469,18912344.404,0.000000000,0.000861775,-0.020387203,-1.710204840,1.527737617,1.710106015,1.527387977,1.710143685
117,2339.976,1786884124546.469,18912364.404,0.000000000,0.000862579,-0.020315301,-1.710323691,1.527871847,1.710224032,1.527523756,1.710262775
118,2359.974,1786884124566.467,18912384.402,0.000000000,0.000864363,-0.020260191,-1.710412145,1.527973175,1.710311890,1.527624011,1.710351229
119,2379.978,1786884124586.470,18912404.406,0.000000000,0.000866557,-0.020204837,-1.710498929,1.528071880,1.710398316,1.527721167,1.710438371
120,2400.005,1786884124606.499,18912424.433,0.000000000,0.000870193,-0.020128960,-1.710611701,1.528199315,1.710510850,1.527843833,1.710551858
121,2419.976,1786884124626.469,18912444.404,0.000000000,0.000873139,-0.020078277,-1.710694313,1.528283954,1.710594058,1.527925491,1.710635066
122,2440.018,1786884124646.511,18912464.446,0.000000000,0.000875924,-0.020049790,-1.710776210,1.528343558,1.710677743,1.527986288,1.710717440
123,2459.982,1786884124666.475,18912484.410,0.000000000,0.000878345,-0.020029917,-1.710859418,1.528397202,1.710762620,1.528040528,1.710801363
124,2479.999,1786884124686.491,18912504.427,0.000000000,0.000880425,-0.020010564,-1.710973501,1.528469682,1.710878491,1.528111935,1.710917115
125,2499.979,1786884124706.473,18912524.408,0.000000000,0.000881052,-0.020001197,-1.711031199,1.528506637,1.710937023,1.528149247,1.710975409
126,2519.982,1786884124726.475,18912544.410,0.000000000,0.000881260,-0.019979572,-1.711147308,1.528585196,1.711054444,1.528231978,1.711092591
127,2539.985,1786884124746.478,18912564.413,0.000000000,0.000881161,-0.019959468,-1.711234093,1.528648496,1.711142063,1.528299570,1.711179972
128,2559.999,1786884124766.492,18912584.427,0.000000000,0.000881416,-0.019933594,-1.711319327,1.528715730,1.711227775,1.528370619,1.711265683
129,2579.978,1786884124786.471,18912604.406,0.000000000,0.000882469,-0.019901922,-1.711402774,1.528786182,1.711311698,1.528443456,1.711349607
130,2600.007,1786884124806.500,18912624.435,0.000000000,0.000884604,-0.019854080,-1.711511850,1.528881907,1.711421728,1.528541207,1.711459160
131,2620.005,1786884124826.499,18912644.434,0.000000000,0.000886250,-0.019814508,-1.711593390,1.528956890,1.711503744,1.528616667,1.711541057
132,2639.979,1786884124846.472,18912664.407,0.000000000,0.000887787,-0.019773250,-1.711675286,1.529034495,1.711586118,1.528694034,1.711623549
133,2660.013,1786884124866.506,18912684.441,0.000000000,0.000889653,-0.019716332,-1.711785316,1.529141665,1.711696744,1.528800011,1.711734056
134,2679.982,1786884124886.475,18912704.410,0.000000000,0.000890469,-0.019687528,-1.711840749,1.529196382,1.711752534,1.528854012,1.711789727
135,2699.975,1786884124906.468,18912724.403,0.000000000,0.000891547,-0.019631360,-1.711952329,1.529305935,1.711864710,1.528962731,1.711901784
136,2719.976,1786884124926.469,18912744.405,0.000000000,0.000891889,-0.019591488,-1.712036133,1.529386044,1.711948991,1.529043198,1.711985946
137,2739.969,1786884124946.463,18912764.397,0.000000000,0.000892133,-0.019554483,-1.712120175,1.529463768,1.712033629,1.529121637,1.712070227
138,2759.970,1786884124966.463,18912784.398,0.000000000,0.000892334,-0.019518992,-1.712203979,1.529539943,1.712118149,1.529199004,1.712154508
139,2779.970,1786884124986.463,18912804.398,0.000000000,0.000892652,-0.019473067,-1.712315440,1.529639840,1.712230325,1.529300690,1.712266326
140,2799.974,1786884125006.467,18912824.402,0.000000000,0.000892833,-0.019450858,-1.712370872,1.529688835,1.712286234,1.529350758,1.712322116
141,2819.980,1786884125026.473,18912844.408,0.000000000,0.000893298,-0.019407241,-1.712481022,1.529785037,1.712397218,1.529448986,1.712432742
142,2839.973,1786884125046.466,18912864.401,0.000000000,0.000893702,-0.019374227,-1.712562919,1.529856682,1.712479711,1.529522061,1.712515116
143,2859.976,1786884125066.469,18912884.404,0.000000000,0.000894402,-0.019329261,-1.712671280,1.529952288,1.712588787,1.529619336,1.712624192
144,2879.975,1786884125086.468,18912904.403,0.000000000,0.000895080,-0.019295380,-1.712752223,1.530023932,1.712670207,1.529692054,1.712705493
145,2899.975,1786884125106.469,18912924.403,0.000000000,0.000895865,-0.019261029,-1.712832808,1.530095816,1.712751389,1.529764771,1.712786555
146,2919.970,1786884125126.463,18912944.398,0.000000000,0.000897033,-0.019214367,-1.712939858,1.530192018,1.712859035,1.529861927,1.712894201
147,2939.979,1786884125146.472,18912964.407,0.000000000,0.000897636,-0.019190650,-1.712993145,1.530240297,1.712912679,1.529910684,1.712947845
148,2959.975,1786884125166.468,18912984.403,0.000000000,0.000898819,-0.019142514,-1.713099241,1.530336857,1.713019490,1.530008197,1.713054538
149,2979.975,1786884125186.468,18913004.403,0.000000000,0.000899673,-0.019106092,-1.713178515,1.530409217,1.713099241,1.530081391,1.713134289
150,2999.974,1786884125206.467,18913024.402,0.000000000,0.000900721,-0.019056009,-1.713284016,1.530506849,1.713205338,1.530179977,1.713240385
151,3019.975,1786884125226.468,18913044.403,0.000000000,0.000901203,-0.019030767,-1.713336587,1.530555964,1.713258266,1.530229568,1.713293195
152,3039.973,1786884125246.466,18913064.401,0.000000000,0.000902173,-0.018980566,-1.713441730,1.530653715,1.713364124,1.530328393,1.713398814
153,3059.973,1786884125266.466,18913084.401,0.000000000,0.000902644,-0.018956611,-1.713494182,1.530701518,1.713417053,1.530376911,1.713451624
154,3079.971,1786884125286.464,18913104.399,0.000000000,0.000904429,-0.018900994,-1.713623166,1.530812502,1.713547707,1.530487537,1.713581324
155,3099.973,1786884125306.466,18913124.401,0.000000000,0.000904962,-0.018881103,-1.713674068,1.530852795,1.713599324,1.530527830,1.713632822
156,3119.981,1786884125326.474,18913144.409,0.000000000,0.000904882,-0.018840533,-1.713777542,1.530936599,1.713704109,1.530611753,1.713737488
157,3139.984,1786884125346.478,18913164.412,0.000000000,0.000903879,-0.018804228,-1.713858247,1.531010985,1.713785410,1.530687094,1.713818908
158,3159.976,1786884125366.469,18913184.404,0.000000000,0.000902300,-0.018766012,-1.713941455,1.531093478,1.713868856,1.530772090,1.713902354
159,3179.973,1786884125386.467,18913204.401,0.000000000,0.000900534,-0.018715387,-1.714052677,1.531206489,1.713979840,1.530890703,1.714013457
160,3199.983,1786884125406.477,18913224.411,0.000000000,0.000900101,-0.018671535,-1.714134216,1.531295061,1.714060903,1.530983090,1.714094758
161,3220.006,1786884125426.499,18913244.434,0.000000000,0.000900665,-0.018622942,-1.714214206,1.531386614,1.714140296,1.531075597,1.714174867
162,3239.980,1786884125446.473,18913264.408,0.000000000,0.000902067,-0.018572537,-1.714293242,1.531478405,1.714218616,1.531166673,1.714254022
163,3259.975,1786884125466.468,18913284.403,0.000000000,0.000904746,-0.018503560,-1.714396715,1.531598568,1.714321613,1.531284809,1.714357615
164,3279.974,1786884125486.468,18913304.403,0.000000000,0.000906310,-0.018468816,-1.714447618,1.531657100,1.714372396,1.531341672,1.714408755
165,3300.005,1786884125506.498,18913324.433,0.000000000,0.000909842,-0.018405605,-1.714547038,1.531763077,1.714472175,1.531443715,1.714508891
166,3319.976,1786884125526.469,18913344.404,0.000000000,0.000912543,-0.018374274,-1.714619756,1.531821609,1.714546323,1.531502843,1.714581966
167,3339.971,1786884125546.464,18913364.399,0.000000000,0.000915328,-0.018353619,-1.714718103,1.531880856,1.714646816,1.531563759,1.714681387
168,3359.971,1786884125566.464,18913384.399,0.000000000,0.000916315,-0.018345369,-1.714768171,1.531910658,1.714697957,1.531593323,1.714732170
169,3379.973,1786884125586.466,18913404.401,0.000000000,0.000917229,-0.018328933,-1.714870691,1.531975031,1.714802027,1.531657815,1.714836240
170,3399.971,1786884125606.464,18913424.399,0.000000000,0.000917228,-0.018314792,-1.714948297,1.532026410,1.714880705,1.531711817,1.714914560
171,3419.973,1786884125626.466,18913444.401,0.000000000,0.000916738,-0.018294724,-1.715051770,1.532097936,1.714985251,1.531789184,1.715018868
172,3439.972,1786884125646.465,18913464.400,0.000000000,0.000916836,-0.018274745,-1.715127587,1.532154322,1.715061665,1.531849623,1.715095282
173,3459.978,1786884125666.471,18913484.406,0.000000000,0.000917745,-0.018248966,-1.715201616,1.532213330,1.715136290,1.531911373,1.715169668
174,3479.974,1786884125686.467,18913504.402,0.000000000,0.000919430,-0.018209459,-1.715298772,1.532294273,1.715234399,1.531994939,1.715267539
175,3499.977,1786884125706.469,18913524.405,0.000000000,0.000920363,-0.018188514,-1.715347409,1.532336116,1.715283394,1.532037258,1.715316415
176,3519.970,1786884125726.463,18913544.398,0.000000000,0.000922189,-0.018144328,-1.715445280,1.532424688,1.715381861,1.532124758,1.715415120
177,3539.971,1786884125746.464,18913564.399,0.000000000,0.000923346,-0.018108277,-1.715519309,1.532495260,1.715456247,1.532193899,1.715489626
178,3559.973,1786884125766.466,18913584.401,0.000000000,0.000924304,-0.018069487,-1.715593696,1.532569051,1.715531111,1.532266378,1.715564489
179,3579.981,1786884125786.474,18913604.409,0.000000000,0.000925046,-0.018029664,-1.715668440,1.532644510,1.715606213,1.532340646,1.715639472
180,3599.975,1786884125806.468,18913624.403,0.000000000,0.000925869,-0.017976962,-1.715768337,1.532745361,1.715706706,1.532439947,1.715739608
181,3619.975,1786884125826.468,18913644.403,0.000000000,0.000926141,-0.017951667,-1.715818405,1.532794833,1.715757012,1.532489181,1.715789795
182,3639.971,1786884125846.464,18913664.399,0.000000000,0.000926581,-0.017905347,-1.715918660,1.532890677,1.715858102,1.532584906,1.715890527
183,3659.998,1786884125866.491,18913684.426,0.000000000,0.000926806,-0.017873572,-1.715993881,1.532959700,1.715933800,1.532654524,1.715965986
184,3679.998,1786884125886.491,18913704.426,0.000000000,0.000927380,-0.017832953,-1.716093063,1.533048749,1.716033816,1.532744288,1.716065645
185,3700.001,1786884125906.494,18913724.429,0.000000000,0.000927831,-0.017803546,-1.716166973,1.533113718,1.716108441,1.532810211,1.716139793
186,3719.977,1786884125926.470,18913744.405,0.000000000,0.000928193,-0.017775036,-1.716240644,1.533177614,1.716182828,1.532875538,1.716213822
187,3740.005,1786884125946.499,18913764.433,0.000000000,0.000928817,-0.017738530,-1.716338396,1.533260942,1.716281414,1.532960653,1.716312051
188,3759.977,1786884125966.470,18913784.405,0.000000000,0.000929111,-0.017720833,-1.716387033,1.533301830,1.716330528,1.533002615,1.716360927
189,3779.976,1786884125986.469,18913804.404,0.000000000,0.000929496,-0.017686933,-1.716483712,1.533381104,1.716428041,1.533084750,1.716458321
190,3799.974,1786884126006.468,18913824.402,0.000000000,0.000929792,-0.017662071,-1.716555834,1.533439398,1.716500759,1.533145428,1.716531038
191,3819.971,1786884126026.464,18913844.399,0.000000000,0.000930479,-0.017626349,-1.716651201,1.533518434,1.716596842,1.533226848,1.716627121
192,3839.975,1786884126046.468,18913864.403,0.000000000,0.000930912,-0.017607730,-1.716698647,1.533558369,1.716644764,1.533267617,1.716674805
193,3859.970,1786884126066.463,18913884.398,0.000000000,0.000931817,-0.017568735,-1.716792941,1.533639193,1.716740012,1.533350229,1.716769695
194,3879.974,1786884126086.468,18913904.402,0.000000000,0.000932391,-0.017539229,-1.716863394,1.533699989,1.716811061,1.533412218,1.716840863
195,3899.969,1786884126106.462,18913924.397,0.000000000,0.000933491,-0.017500767,-1.716956735,1.533779144,1.716905117,1.533492088,1.716934919
196,3919.985,1786884126126.478,18913944.413,0.000000000,0.000934201,-0.017483562,-1.717002988,1.533815980,1.716951966,1.533529043,1.716981649
197,3939.985,1786884126146.478,18913964.413,0.000000000,0.000936093,-0.017450912,-1.717093945,1.533884764,1.717044473,1.533596277,1.717073798
198,3959.972,1786884126166.466,18913984.400,0.000000000,0.000936974,-0.017425142,-1.717162967,1.533938885,1.717114568,1.533648849,1.717143774
199,3979.980,1786884126186.473,18914004.408,0.000000000,0.000936856,-0.017397653,-1.717234612,1.533999562,1.717186809,1.533708692,1.717216492
200,3999.970,1786884126206.463,18914024.398,0.000000000,0.000935418,-0.017355453,-1.717333913,1.534093857,1.717286468,1.533803701,1.717316389
201,4019.981,1786884126226.474,18914044.409,0.000000000,0.000933738,-0.017325763,-1.717409015,1.534164667,1.717361808,1.533879399,1.717391610
202,4039.986,1786884126246.479,18914064.415,0.000000000,0.000932257,-0.017282218,-1.717507362,1.534261703,1.717459917,1.533982635,1.717490077
203,4059.981,1786884126266.474,18914084.409,0.000000000,0.000931942,-0.017258275,-1.717555881,1.534311891,1.717508078,1.534034729,1.717538714
204,4079.984,1786884126286.477,18914104.412,0.000000000,0.000932745,-0.017206432,-1.717651844,1.534415007,1.717603564,1.534138918,1.717634797
205,4099.977,1786884126306.470,18914124.405,0.000000000,0.000933944,-0.017167609,-1.717723846,1.534492731,1.717675209,1.534215808,1.717706919
206,4120.038,1786884126326.531,18914144.466,0.000000000,0.000935134,-0.017130496,-1.717794895,1.534566641,1.717746258,1.534289241,1.717778206
207,4139.979,1786884126346.472,18914164.407,0.000000000,0.000935958,-0.017098127,-1.717864752,1.534631729,1.717816472,1.534356475,1.717848539
208,4159.972,1786884126366.465,18914184.400,0.000000000,0.000936444,-0.017072843,-1.717956185,1.534696460,1.717908978,1.534426451,1.717941046
209,4180.125,1786884126386.618,18914204.553,0.000000000,0.000936628,-0.017065980,-1.718001604,1.534722447,1.717955232,1.534455061,1.717987061
210,4199.975,1786884126406.468,18914224.403,0.000000000,0.000937071,-0.017054088,-1.718092322,1.534772754,1.718048453,1.534507751,1.718078852
211,4219.973,1786884126426.466,18914244.401,0.000000000,0.000937211,-0.017048305,-1.718160748,1.534808397,1.718118787,1.534544110,1.718148112
212,4239.975,1786884126446.468,18914264.403,0.000000000,0.000936578,-0.017048527,-1.718253493,1.534852266,1.718213797,1.534587145,1.718242168
213,4259.969,1786884126466.462,18914284.397,0.000000000,0.000934860,-0.017051520,-1.718323827,1.534883142,1.718286037,1.534620404,1.718313694
214,4279.974,1786884126486.467,18914304.402,0.000000000,0.000932462,-0.017054491,-1.718394756,1.534914136,1.718358636,1.534656525,1.718385577
215,4299.971,1786884126506.464,18914324.399,0.000000000,0.000928437,-0.017061194,-1.718491316,1.534955740,1.718457103,1.534708977,1.718483448
216,4319.981,1786884126526.474,18914344.409,0.000000000,0.000926442,-0.017066114,-1.718540192,1.534976482,1.718506575,1.534736276,1.718532920
217,4339.971,1786884126546.464,18914364.399,0.000000000,0.000923263,-0.017075498,-1.718635798,1.535015583,1.718603492,1.534787059,1.718629837
218,4359.977,1786884126566.470,18914384.406,0.000000000,0.000921386,-0.017078122,-1.718705058,1.535044551,1.718673587,1.534823656,1.718700647
219,4379.974,1786884126586.468,18914404.402,0.000000000,0.000910294,-0.018526353,-1.718801618,1.535089493,1.718737483,1.534865856,1.718762755
220,4399.990,1786884126606.483,18914424.418,0.000000000,-0.000245040,-0.031522673,-1.720173597,1.535176516,1.718788147,1.534936905,1.718812466
221,4419.972,1786884126626.465,18914444.400,0.000000000,-0.000530300,-0.043288045,-1.720734358,1.535217762,1.718880296,1.534987330,1.718908191
222,4439.983,1786884126646.476,18914464.411,0.000000000,-0.000548603,-0.046290372,-1.720808864,1.535231352,1.718928456,1.535007000,1.718957424
223,4459.977,1786884126666.470,18914484.405,0.000000000,-0.000548603,-0.046290372,-1.720808864,1.535231352,1.718928456,1.535007000,1.718957424
224,4479.973,1786884126686.466,18914504.401,0.000000000,-0.000548603,-0.046290372,-1.720808864,1.535231352,1.718928456,1.535007000,1.718957424
225,4499.975,1786884126706.468,18914524.403,0.000000000,-0.000548603,-0.046290372,-1.720808864,1.535231352,1.718928456,1.535007000,1.718957424
226,4519.971,1786884126726.464,18914544.399,0.000000000,-0.000548603,-0.046290372,-1.720808864,1.535231352,1.718928456,1.535007000,1.718957424
227,4539.977,1786884126746.470,18914564.405,0.000000000,-0.000548603,-0.046290372,-1.720808864,1.535231352,1.718928456,1.535007000,1.718957424
228,4559.973,1786884126766.466,18914584.401,0.000000000,-0.000548603,-0.046290372,-1.720808864,1.535231352,1.718928456,1.535007000,1.718957424
229,4579.970,1786884126786.463,18914604.398,0.000000000,-0.000548603,-0.046290372,-1.720808864,1.535231352,1.718928456,1.535007000,1.718957424
230,4599.969,1786884126806.462,18914624.397,0.000000000,-0.000548603,-0.046290372,-1.720808864,1.535231352,1.718928456,1.535007000,1.718957424
231,4619.969,1786884126826.462,18914644.397,0.000000000,-0.000548603,-0.046290372,-1.720808864,1.535231352,1.718928456,1.535007000,1.718957424
232,4639.971,1786884126846.464,18914664.399,0.000000000,-0.000548603,-0.046290372,-1.720808864,1.535231352,1.718928456,1.535007000,1.718957424
233,4659.970,1786884126866.463,18914684.398,0.000000000,-0.000548603,-0.046290372,-1.720808864,1.535231352,1.718928456,1.535007000,1.718957424
234,4679.970,1786884126886.463,18914704.398,0.000000000,-0.000548603,-0.046290372,-1.720808864,1.535231352,1.718928456,1.535007000,1.718957424
235,4699.969,1786884126906.462,18914724.397,0.000000000,-0.000548603,-0.046290372,-1.720808864,1.535231352,1.718928456,1.535007000,1.718957424
236,4719.973,1786884126926.466,18914744.401,0.000000000,-0.000548603,-0.046290372,-1.720808864,1.535231352,1.718928456,1.535007000,1.718957424
237,4739.970,1786884126946.464,18914764.398,0.000000000,-0.000548603,-0.046290372,-1.720808864,1.535231352,1.718928456,1.535007000,1.718957424
238,4759.974,1786884126966.467,18914784.402,0.000000000,-0.000548603,-0.046290372,-1.720808864,1.535231352,1.718928456,1.535007000,1.718957424
239,4779.971,1786884126986.464,18914804.399,0.000000000,-0.000548603,-0.046290372,-1.720808864,1.535231352,1.718928456,1.535007000,1.718957424
240,4799.969,1786884127006.462,18914824.397,0.000000000,-0.000548603,-0.046290372,-1.720808864,1.535231352,1.718928456,1.535007000,1.718957424
241,4819.969,1786884127026.462,18914844.397,0.000000000,-0.000548603,-0.046290372,-1.720808864,1.535231352,1.718928456,1.535007000,1.718957424
242,4839.976,1786884127046.469,18914864.404,0.000000000,-0.000548603,-0.046290372,-1.720808864,1.535231352,1.718928456,1.535007000,1.718957424
243,4859.973,1786884127066.467,18914884.402,0.000000000,-0.000548603,-0.046290372,-1.720808864,1.535231352,1.718928456,1.535007000,1.718957424
244,4879.973,1786884127086.466,18914904.401,0.000000000,-0.000548603,-0.046290372,-1.720808864,1.535231352,1.718928456,1.535007000,1.718957424
245,4899.976,1786884127106.469,18914924.404,0.000000000,-0.000548603,-0.046290372,-1.720808864,1.535231352,1.718928456,1.535007000,1.718957424
246,4919.976,1786884127126.469,18914944.404,0.000000000,-0.000548603,-0.046290372,-1.720808864,1.535231352,1.718928456,1.535007000,1.718957424
