body_0_wx,body_0_wy,body_0_wz
0.000000,0.000000,0.000000
0.000000,0.000000,0.000000
0.000000,0.000000,0.000000
0.000000,0.000000,0.000000
0.000000,0.000000,0.000000
0.000000,0.000000,0.000000
0.000000,0.000000,0.000000
0.000000,0.000000,0.000000
0.000000,0.000000,0.000000
0.000000,0.000000,0.000000
0.000000,0.000000,0.000000
0.000000,0.000000,0.000000
0.000000,0.000000,0.000000
0.000000,0.000000,0.000000
0.000000,0.000000,0.000000
0.000000,0.000000,0.000000
0.000000,0.000000,0.000000
0.000000,0.000000,0.000000
0.000000,0.000000,0.000000
0.000000,0.000000,0.000000
0.000000,0.000000,0.000000
0.000000,0.000000,0.000000
0.000000,0.000000,0.000000
0.000000,0.000000,0.000000
0.000000,0.000000,0.000000
0.000000,0.000000,0.000000
0.000000,0.000000,0.000000
0.000000,0.000000,0.000000
0.000000,0.000000,0.000000
0.000000,0.000000,0.000000
0.000000,0.000000,0.000000
0.000000,0.000000,0.000000
0.000000,0.000000,0.000000
0.000000,0.000000,0.000000
0.000000,0.000000,0.000000
0.000000,0.000000,0.000000
0.000000,0.000000,0.000000
0.000000,0.000000,0.000000
0.000000,0.000000,0.000000
0.000000,0.000000,0.000000
0.000000,0.000000,0.000000
0.000000,0.000000,0.000000
0.000000,0.000000,0.000000
0.000000,0.000000,0.000000
0.000000,0.000000,0.000000
0.000000,0.000000,0.000000
0.000000,0.000000,0.000000
0.000000,0.000000,0.000000
0.000000,0.000000,0.000000
0.000000,0.000000,0.000000
-0.000400,-0.001000,0.000000
-0.002600,-0.006500,-0.000100
-0.006600,-0.016800,-0.000300
-0.012200,-0.030600,-0.000600
-0.018800,-0.047400,-0.000800
-0.026200,-0.066200,-0.001100
-0.034200,-0.086300,-0.001500
-0.042400,-0.106901,-0.001900
-0.050501,-0.127401,-0.002200
-0.058401,-0.147402,-0.002600
-0.065902,-0.166305,-0.002900
-0.072703,-0.183408,-0.003200
-0.078805,-0.198614,-0.003501
-0.083808,-0.211621,-0.003699
-0.088013,-0.221829,-0.003802
-0.090916,-0.229440,-0.004000
-0.092820,-0.234052,-0.004102
-0.093326,-0.235466,-0.004101
-0.092731,-0.234081,-0.004100
-0.091037,-0.229392,-0.004004
-0.087943,-0.221910,-0.003901
-0.083847,-0.211518,-0.003702
-0.078752,-0.198725,-0.003401
-0.072751,-0.183429,-0.003204
-0.065852,-0.166231,-0.002901
-0.058449,-0.147428,-0.002603
-0.050546,-0.127414,-0.002203
-0.042340,-0.106906,-0.001900
-0.034235,-0.086188,-0.001504
-0.026229,-0.066266,-0.001099
-0.018822,-0.047352,-0.000803
-0.012110,-0.030733,-0.000597
-0.006608,-0.016721,-0.000299
-0.002603,-0.006506,-0.000101
-0.000402,-0.001003,-0.000000
0.000000,0.000000,0.000000
0.008787,-0.009590,-0.015564
0.026357,-0.028863,-0.046590
0.043927,-0.048051,-0.077718
0.061494,-0.067233,-0.108746
0.079160,-0.086531,-0.139869
0.096624,-0.105737,-0.171004
0.114396,-0.131309,-0.205338
0.133729,-0.239520,-0.282754
0.151586,-0.271526,-0.320528
0.170306,-0.354172,-0.384869
0.191475,-0.601728,-0.536434
0.209677,-0.658966,-0.587455
0.293755,-0.775741,-0.736402
0.322526,-0.842520,-0.803141
0.379316,-0.934529,-0.910772
0.456544,-1.058168,-0.950765
0.535027,-1.186706,-0.988122
0.526757,-1.282701,-1.009927
0.496114,-1.391616,-1.012884
0.421314,-1.486722,-1.056338
0.317377,-1.565081,-1.140814
0.230743,-1.650310,-1.232907
-0.054793,-1.805896,-1.473190
-0.165792,-1.780267,-1.550132
-0.391806,-1.594468,-1.611889
-0.581888,-0.934324,-1.889837
-0.669314,-0.603729,-2.031957
-1.330022,-0.476410,-2.483985
-1.456370,-0.497421,-2.388221
-1.711157,-0.530719,-2.198589
-2.148439,-0.483568,-2.260294
-2.366864,-0.455954,-2.293208
-3.024567,-0.334331,-2.061546
-3.072788,-0.077683,-1.798072
-3.162200,0.453572,-1.288285
-2.799638,1.054537,-1.351754
-2.615707,1.351926,-1.394292
-1.582342,1.718896,-0.439044
-1.336436,1.788776,-0.237428
-0.837355,1.933244,0.155059
-0.739405,2.054130,0.452101
-0.687863,2.116221,0.599017
-0.765845,2.308694,1.092870
-0.734331,2.459229,1.196269
-0.669709,2.764007,1.400039
-1.035225,3.102346,1.578647
-1.218096,3.270430,1.672443
-1.606720,3.556278,1.651003
-1.843243,3.435143,1.838624
-2.300935,3.194998,2.236353
-2.991366,2.372565,2.414177
-3.325756,1.957687,2.524729
-2.920895,1.153295,2.509728
-3.229082,0.964473,2.857988
-3.832579,0.592896,3.577173
-3.740553,0.597644,3.599721
-3.697404,0.602458,3.613364
-2.975588,-0.202998,4.079089
-2.732210,-0.173565,3.933257
-2.250541,-0.103746,3.645139
-2.095612,0.211743,3.422094
-2.024827,0.369867,3.308781
-2.497060,2.627104,2.217447
-2.105614,2.585002,2.614731
-1.302306,2.540987,3.393405
-1.128474,2.393824,3.139122
-1.042984,2.322867,3.012577
-0.950272,2.584739,2.996150
-0.489122,2.707236,2.763603
0.206589,1.488637,1.137293
0.206603,1.488627,1.137219
-0.037765,4.126666,2.981134
-0.265498,4.697023,3.345089
-0.612473,4.749335,3.594094
-0.998779,4.665009,3.861880
-1.741666,4.483157,4.443873
-2.186863,4.004640,5.445643
-2.378598,3.770737,5.966605
-2.718079,3.850320,6.905635
-2.922591,3.806613,7.663999
-3.284085,3.755291,9.243635
-3.473880,3.193778,9.207554
-1.184443,0.971844,3.076643
-1.184443,0.971844,3.076643
-1.184443,0.971844,3.076643
-0.250028,0.211253,0.869334
-0.250049,0.211272,0.869409
-0.250028,0.211253,0.869334
-0.250057,0.211225,0.869349
-0.250079,0.211243,0.869424
-0.250057,0.211225,0.869349
-0.250032,0.211243,0.869340
-0.250054,0.211261,0.869415
-0.250032,0.211243,0.869340
-0.219286,0.178834,0.810651
-0.219302,0.178847,0.810710
-0.219286,0.178834,0.810651
-0.219270,0.178848,0.810664
-0.219286,0.178861,0.810723
-0.219270,0.178848,0.810664
-0.219265,0.178828,0.810681
-0.219281,0.178842,0.810740
-0.219265,0.178828,0.810681
-0.466536,0.350249,2.087370
-0.466536,0.350249,2.087370
-0.466536,0.350249,2.087370
-0.414996,0.272071,1.837526
-0.414996,0.272071,1.837526
-0.414996,0.272071,1.837526
-0.388558,0.233203,1.714940
-0.388558,0.233203,1.714940
-0.388558,0.233203,1.714940
-0.388451,-0.020725,1.920146
-0.388451,-0.020725,1.920146
-0.388451,-0.020725,1.920146
-0.314343,-0.037812,1.689300
-0.314343,-0.037812,1.689300
-0.314343,-0.037812,1.689300
-0.164264,-0.068855,1.230121
-0.164264,-0.068855,1.230121
-0.164264,-0.068855,1.230121
-0.116011,-0.068053,1.101639
-0.116011,-0.068053,1.101639
-0.116011,-0.068053,1.101639
-0.091811,-0.067136,1.037799
-0.091821,-0.067144,1.037912
-0.091811,-0.067136,1.037799
-0.086072,-0.062951,0.972943
-0.086081,-0.062957,0.973036
-0.086072,-0.062951,0.972943
-0.080325,-0.058724,0.908088
-0.080331,-0.058729,0.908164
-0.080325,-0.058724,0.908088
-0.074620,-0.054562,0.843218
-0.074625,-0.054566,0.843278
-0.074620,-0.054562,0.843218
-0.068856,-0.050347,0.778350
-0.068860,-0.050351,0.778398
-0.068856,-0.050347,0.778350
-0.063109,-0.046174,0.713499
-0.063112,-0.046176,0.713535
-0.063109,-0.046174,0.713499
-0.057408,-0.041947,0.648656
-0.057411,-0.041948,0.648683
-0.057408,-0.041947,0.648656
-0.051639,-0.037760,0.583760
-0.051641,-0.037761,0.583780
-0.051639,-0.037760,0.583760
-0.045887,-0.033575,0.518923
-0.045888,-0.033576,0.518937
-0.045887,-0.033575,0.518923
-0.040161,-0.029374,0.454060
-0.040162,-0.029375,0.454069
-0.040161,-0.029374,0.454060
-0.034451,-0.025167,0.389185
-0.034451,-0.025168,0.389191
-0.034451,-0.025167,0.389185
-0.028675,-0.020979,0.324320
-0.028676,-0.020979,0.324323
-0.028675,-0.020979,0.324320
-0.022971,-0.016785,0.259450
-0.022972,-0.016785,0.259452
-0.022971,-0.016785,0.259450
-0.017212,-0.012607,0.194590
-0.017213,-0.012607,0.194591
-0.017212,-0.012607,0.194590
-0.011470,-0.008393,0.129717
-0.011470,-0.008393,0.129717
-0.011470,-0.008393,0.129717
-0.005732,-0.004203,0.064872
-0.005733,-0.004203,0.064872
-0.005732,-0.004203,0.064872
-0.000032,0.000067,-0.000000
-0.000032,0.000067,-0.000000
-0.000032,0.000067,-0.000000
-0.000137,0.000316,0.000020
-0.000137,0.000316,0.000020
-0.000137,0.000316,0.000020
-0.000369,0.000833,-0.000006
-0.000369,0.000833,-0.000006
-0.000369,0.000833,-0.000006
-0.000706,0.001596,0.000020
-0.000706,0.001596,0.000020
-0.000706,0.001596,0.000020
-0.001114,0.002544,0.000008
-0.001114,0.002544,0.000008
-0.001114,0.002544,0.000008
-0.001593,0.003670,0.000009
-0.001593,0.003670,0.000009
-0.001593,0.003670,0.000009
-0.002158,0.004904,0.000049
-0.002158,0.004904,0.000049
-0.002158,0.004904,0.000049
-0.002760,0.006254,0.000016
-0.002760,0.006254,0.000016
-0.002760,0.006254,0.000016
-0.003435,0.007783,0.000057
-0.003435,0.007783,0.000057
-0.003435,0.007783,0.000057
-0.004087,0.009339,0.000052
-0.004087,0.009339,0.000052
-0.004087,0.009339,0.000052
-0.004794,0.010937,0.000066
-0.004794,0.010937,0.000066
-0.004794,0.010937,0.000066
-0.005559,0.012620,0.000085
-0.005559,0.012620,0.000085
-0.005559,0.012620,0.000085
-0.006251,0.014290,0.000080
-0.006251,0.014290,0.000080
-0.006251,0.014290,0.000080
-0.010524,0.023961,0.000141
-0.010524,0.023961,0.000141
-0.011631,0.026457,0.000132
-0.011631,0.026457,0.000132
-0.012700,0.028921,0.000163
-0.012700,0.028921,0.000163
-0.013760,0.031317,0.000184
-0.013760,0.031317,0.000184
-0.014769,0.033609,0.000184
-0.014769,0.033609,0.000184
-0.015771,0.035833,0.000214
-0.015771,0.035833,0.000214
-0.016614,0.037934,0.000246
-0.016614,0.037934,0.000246
-0.017538,0.039847,0.000204
-0.017538,0.039847,0.000204
-0.018305,0.041637,0.000235
-0.018305,0.041637,0.000235
-0.018984,0.043294,0.000276
-0.018984,0.043294,0.000276
-0.019664,0.044702,0.000244
-0.019664,0.044702,0.000244
-0.020188,0.045990,0.000276
-0.020188,0.045990,0.000276
-0.020643,0.047035,0.000245
-0.020643,0.047035,0.000245
-0.021042,0.047909,0.000285
-0.021042,0.047909,0.000285
-0.021303,0.048551,0.000294
-0.021303,0.048551,0.000294
-0.021537,0.048984,0.000263
-0.021537,0.048984,0.000263
-0.021634,0.049184,0.000302
-0.021634,0.049184,0.000302
-0.021603,0.049222,0.000312
-0.021603,0.049222,0.000312
-0.021535,0.048981,0.000250
-0.021535,0.048981,0.000250
-0.021301,0.048547,0.000291
-0.021301,0.048547,0.000291
-0.021039,0.047902,0.000269
-0.021039,0.047902,0.000269
-0.020680,0.047058,0.000269
-0.020680,0.047058,0.000269
-0.020183,0.045980,0.000248
-0.020183,0.045980,0.000248
-0.019629,0.044732,0.000257
-0.019629,0.044732,0.000257
-0.019009,0.043243,0.000296
-0.019009,0.043243,0.000296
-0.018339,0.041654,0.000235
-0.018339,0.041654,0.000235
-0.017462,0.039842,0.000205
-0.017462,0.039842,0.000205
-0.016677,0.037912,0.000213
-0.016677,0.037912,0.000213
-0.015734,0.035859,0.000223
-0.015734,0.035859,0.000223
-0.014764,0.033596,0.000223
-0.014764,0.033596,0.000223
-0.013753,0.031302,0.000162
-0.013753,0.031302,0.000162
-0.012703,0.028978,0.000162
-0.012703,0.028978,0.000162
-0.011626,0.026444,0.000162
-0.011626,0.026444,0.000162
-0.010519,0.023949,0.000101
-0.010519,0.023949,0.000101
-0.009411,0.021455,0.000171
-0.009411,0.021455,0.000171
-0.008294,0.018890,0.000101
-0.008294,0.018890,0.000101
-0.007226,0.016426,0.000070
-0.007226,0.016426,0.000070
-0.006128,0.014001,0.000070
-0.006128,0.014001,0.000070
-0.005148,0.011668,0.000070
-0.005148,0.011668,0.000070
-0.004108,0.009414,0.000070
-0.004108,0.009414,0.000070
-0.003234,0.007353,0.000070
-0.003234,0.007353,0.000070
-0.002419,0.005462,-0.000000
-0.002419,0.005462,-0.000000
-0.001670,0.003812,0.000000
-0.001670,0.003812,0.000000
-0.001059,0.002394,0.000070
-0.001059,0.002394,0.000070
-0.000554,0.001247,-0.000000
-0.000554,0.001247,-0.000000
-0.000243,0.000503,-0.000000
-0.000243,0.000503,-0.000000
-0.000009,0.000070,-0.000000
-0.000009,0.000070,0.000000
0.000000,0.000000,0.000000
0.000000,0.000000,0.000000
0.000000,0.000000,0.000000
0.000000,0.000000,0.000000
0.000000,0.000000,0.000000
0.000000,0.000000,0.000000
0.000000,0.000000,0.000000
0.000000,0.000000,0.000000
0.000000,0.000000,0.000000
0.000000,0.000000,0.000000
0.000000,0.000000,0.000000
0.000000,0.000000,0.000000
0.000000,0.000000,0.000000
0.000000,0.000000,0.000000
0.000000,0.000000,0.000000
0.000000,0.000000,0.000000
0.000000,0.000000,0.000000
0.000000,0.000000,0.000000
0.000000,0.000000,0.000000
0.000000,0.000000,0.000000
0.000000,0.000000,0.000000
0.000000,0.000000,0.000000
0.000000,0.000000,0.000000
0.000000,0.000000,0.000000
0.000000,0.000000,0.000000
0.000000,0.000000,0.000000
0.000000,0.000000,0.000000
0.000000,0.000000,0.000000
0.000000,0.000000,0.000000
0.000000,0.000000,0.000000
0.000000,0.000000,0.000000
0.000000,0.000000,0.000000
0.000000,0.000000,0.000000
0.000000,0.000000,0.000000
0.000000,0.000000,0.000000
0.000000,0.000000,0.000000
0.000000,0.000000,0.000000
0.000000,0.000000,0.000000
0.000000,0.000000,0.000000
0.000000,0.000000,0.000000
0.000000,0.000000,0.000000
0.000000,0.000000,0.000000
0.000000,0.000000,0.000000
0.000000,0.000000,0.000000
0.000000,0.000000,0.000000
0.000000,0.000000,0.000000
0.000000,0.000000,0.000000
0.000000,0.000000,0.000000
0.000000,0.000000,0.000000
0.000000,0.000000,0.000000
0.000000,0.000000,0.000000
0.000000,0.000000,0.000000
0.000000,0.000000,0.000000
0.000000,0.000000,0.000000
0.000000,0.000000,0.000000
0.000000,0.000000,0.000000
0.000000,0.000000,0.000000
0.000000,0.000000,0.000000
0.000000,0.000000,0.000000
0.000000,0.000000,0.000000
0.000000,0.000000,0.000000
0.000000,0.000000,0.000000
0.000000,0.000000,0.000000
0.000000,0.000000,0.000000
0.000000,0.000000,0.000000
0.000000,0.000000,0.000000
0.000000,0.000000,0.000000
0.000000,0.000000,0.000000
0.000000,0.000000,0.000000
0.000000,0.000000,0.000000
0.000000,0.000000,0.000000
0.000000,0.000000,0.000000
0.000000,0.000000,0.000000
0.000000,0.000000,0.000000
0.000000,0.000000,0.000000
0.000000,0.000000,0.000000
