index,time_ms,time_realtime_ms,time_monotonic_ms,ros_timestamp,base_ax,base_ay,base_az
0,0.000,1786879740496.445,14528314.380,0.000000000,4.770831585,1.905281067,-11.389897346
1,19.991,1786879740516.436,14528334.371,0.000000000,-2.277123451,0.707795620,-6.631278515
2,39.988,1786879740536.433,14528354.368,0.000000000,4.194522858,-2.829128265,-10.095260620
3,59.988,1786879740556.433,14528374.368,0.000000000,4.948944092,0.603430748,-10.941874504
4,79.991,1786879740576.436,14528394.371,0.000000000,1.138865471,7.848632336,-12.147514343
5,99.992,1786879740596.437,14528414.372,0.000000000,-2.201572180,9.192370415,-10.931408882
6,119.994,1786879740616.439,14528434.374,0.000000000,-4.778678894,2.547469378,-9.202356339
7,139.991,1786879740636.436,14528454.371,0.000000000,-5.171730042,-5.549232006,-8.558664322
8,159.991,1786879740656.436,14528474.372,0.000000000,-5.225944042,-7.816451550,-8.106083870
9,179.990,1786879740676.436,14528494.371,0.000000000,-16.254796982,-16.226108551,4.083895683
10,199.991,1786879740696.436,14528514.371,0.000000000,-15.732556343,-17.254451752,17.139244080
11,219.992,1786879740716.438,14528534.372,0.000000000,12.567789078,1.514760137,26.379243851
12,239.993,1786879740736.438,14528554.373,0.000000000,9.533801079,-2.185518026,22.313255310
13,259.993,1786879740756.438,14528574.373,0.000000000,5.774958611,5.110322475,13.625261307
14,279.990,1786879740776.436,14528594.371,0.000000000,5.115629196,6.647962570,10.922633171
15,299.992,1786879740796.437,14528614.372,0.000000000,2.427880526,4.945860386,9.875623703
16,319.991,1786879740816.437,14528634.372,0.000000000,2.010036945,2.076815128,9.007344246
17,339.995,1786879740836.440,14528654.375,0.000000000,3.234577894,-0.048823457,6.013593197
18,359.996,1786879740856.441,14528674.376,0.000000000,2.805867910,-2.256306648,0.793081284
19,379.996,1786879740876.441,14528694.376,0.000000000,-0.757999241,-3.784702063,-0.536960840
20,399.997,1786879740896.442,14528714.377,0.000000000,-2.478871107,-2.022695780,-4.584394455
21,419.998,1786879740916.443,14528734.378,0.000000000,-0.221744552,-0.737664819,-7.136301517
22,439.996,1786879740936.441,14528754.376,0.000000000,2.374034405,1.837025166,-10.347805977
23,459.995,1786879740956.440,14528774.375,0.000000000,2.327722073,6.695793629,-11.093548775
24,479.996,1786879740976.441,14528794.376,0.000000000,-2.271526814,-4.037199974,3.225120783
25,499.993,1786879740996.438,14528814.373,0.000000000,-2.422810078,-3.087533712,2.778210878
26,519.995,1786879741016.441,14528834.376,0.000000000,-3.537704468,-2.075790167,0.922446966
27,539.999,1786879741036.444,14528854.379,0.000000000,-2.734944105,-0.212735862,-1.139410257
28,559.996,1786879741056.441,14528874.376,0.000000000,-1.466092229,0.094123580,-4.120359898
29,579.995,1786879741076.440,14528894.375,0.000000000,1.828935146,1.059780359,0.600786924
30,599.995,1786879741096.440,14528914.375,0.000000000,1.235496402,0.980683208,3.478697062
31,619.990,1786879741116.435,14528934.370,0.000000000,-0.699057698,1.280286193,4.596717358
32,639.990,1786879741136.435,14528954.370,0.000000000,-0.005999045,1.117578626,4.104757309
33,659.991,1786879741156.436,14528974.371,0.000000000,0.274656385,0.782374918,2.933102369
34,679.992,1786879741176.437,14528994.372,0.000000000,1.512845755,-0.055378929,1.800262332
35,699.999,1786879741196.444,14529014.379,0.000000000,1.294051170,-0.165702060,0.578926742
36,720.000,1786879741216.445,14529034.380,0.000000000,0.550590873,0.226105765,-0.097291447
37,739.998,1786879741236.444,14529054.378,0.000000000,-0.627372563,-0.208003774,-0.596208870
38,759.996,1786879741256.441,14529074.376,0.000000000,-2.543831348,-0.081714235,-2.857889652
39,779.997,1786879741276.442,14529094.377,0.000000000,-1.596199393,4.506340027,-1.828392982
40,799.997,1786879741296.442,14529114.377,0.000000000,-1.100028038,2.535856962,-5.236040115
41,819.996,1786879741316.441,14529134.376,0.000000000,-0.011646920,-0.938948154,-7.966356754
42,839.996,1786879741336.441,14529154.376,0.000000000,0.738187313,0.319853634,-1.824193120
43,859.996,1786879741356.441,14529174.376,0.000000000,-0.164330825,0.307323545,3.743263006
44,879.995,1786879741376.440,14529194.375,0.000000000,-1.125600934,0.632684410,4.941583633
45,900.000,1786879741396.445,14529214.380,0.000000000,-0.576289356,0.664019585,4.874664307
46,920.009,1786879741416.454,14529234.389,0.000000000,-0.599075854,0.841158092,3.119155645
47,939.994,1786879741436.439,14529254.374,0.000000000,-0.569609106,1.083729029,2.250167131
48,959.994,1786879741456.439,14529274.375,0.000000000,-0.369307578,0.985620916,1.821977735
49,979.995,1786879741476.440,14529294.375,0.000000000,0.112351023,0.546185851,1.569537997
50,999.998,1786879741496.443,14529314.378,0.000000000,1.184351921,-1.234610796,0.159059867
51,1019.996,1786879741516.441,14529334.376,0.000000000,0.827319622,0.006716121,-0.006938768
52,1039.995,1786879741536.440,14529354.375,0.000000000,0.237253442,1.140810370,-0.915318727
53,1059.995,1786879741556.440,14529374.375,0.000000000,-0.113039374,1.534276485,-0.937589765
54,1079.995,1786879741576.440,14529394.375,0.000000000,-0.300848097,1.394757509,-0.612992227
55,1099.999,1786879741596.444,14529414.379,0.000000000,-0.350379944,1.000390887,-0.423659444
56,1119.996,1786879741616.441,14529434.376,0.000000000,-0.699319780,0.795998752,-0.389281571
57,1139.995,1786879741636.441,14529454.376,0.000000000,-0.587652266,0.531794965,-0.264260381
58,1159.998,1786879741656.443,14529474.378,0.000000000,0.091943599,0.690637410,-0.654718637
59,1179.996,1786879741676.441,14529494.376,0.000000000,0.470990002,-0.223962173,-0.108086579
60,1199.996,1786879741696.441,14529514.376,0.000000000,-0.235834152,-0.025727499,-1.426444769
61,1219.996,1786879741716.441,14529534.376,0.000000000,0.105117194,1.478311062,-3.254363060
62,1239.995,1786879741736.440,14529554.376,0.000000000,1.094916940,1.903403401,-4.894934177
63,1259.994,1786879741756.439,14529574.374,0.000000000,1.071439624,-0.485541761,-2.442607641
64,1279.998,1786879741776.444,14529594.378,0.000000000,-1.376661301,-4.192636967,2.840863466
65,1299.993,1786879741796.438,14529614.373,0.000000000,-0.966612935,-0.342616558,2.156336546
66,1319.992,1786879741816.437,14529634.372,0.000000000,-1.924358606,1.611836910,0.390437335
67,1339.991,1786879741836.436,14529654.371,0.000000000,-2.180744171,2.534159422,-0.140140757
68,1359.988,1786879741856.433,14529674.368,0.000000000,-1.340769291,1.999073505,0.000966075
69,1379.993,1786879741876.438,14529694.373,0.000000000,-1.032524705,1.225097537,3.438309431
70,1399.996,1786879741896.441,14529714.376,0.000000000,0.021933215,-0.055687048,5.545511723
71,1419.995,1786879741916.440,14529734.375,0.000000000,0.986989021,-1.501451969,5.893483639
72,1439.995,1786879741936.440,14529754.375,0.000000000,1.611336231,-2.664067745,4.378922939
73,1459.992,1786879741956.438,14529774.373,0.000000000,1.504432678,-2.660228252,1.896554828
74,1479.991,1786879741976.436,14529794.371,0.000000000,1.242606521,-2.265492201,-0.523772120
75,1499.992,1786879741996.437,14529814.372,0.000000000,0.522994399,-1.295874238,-2.064448118
76,1519.991,1786879742016.436,14529834.371,0.000000000,-0.304963887,-0.237081409,-2.663368225
77,1539.997,1786879742036.443,14529854.377,0.000000000,-0.349018604,0.525892258,-3.308037996
78,1559.995,1786879742056.440,14529874.375,0.000000000,-0.398738325,0.893777788,-3.149340630
79,1579.994,1786879742076.440,14529894.375,0.000000000,-0.527882755,0.830968857,-2.312274218
80,1599.995,1786879742096.440,14529914.376,0.000000000,-0.597581506,0.455605596,-1.413523436
81,1619.994,1786879742116.439,14529934.374,0.000000000,-0.589504659,0.150660977,-0.709531128
82,1639.996,1786879742136.441,14529954.376,0.000000000,-0.595996737,-0.086025491,0.107893914
83,1659.993,1786879742156.438,14529974.373,0.000000000,-0.524223149,-0.435083896,0.767060995
84,1679.995,1786879742176.440,14529994.375,0.000000000,-0.090701766,-0.541344285,0.842243969
85,1699.994,1786879742196.439,14530014.374,0.000000000,0.073297702,-0.525465965,0.847913802
86,1719.992,1786879742216.438,14530034.373,0.000000000,0.151679426,-0.431227148,0.860271335
87,1739.994,1786879742236.439,14530054.374,0.000000000,0.148709908,-0.375778466,0.827843606
88,1759.991,1786879742256.437,14530074.372,0.000000000,0.253254831,-0.307508230,0.469016612
89,1779.990,1786879742276.435,14530094.370,0.000000000,0.338823050,-0.294176102,-0.290429294
90,1799.996,1786879742296.442,14530114.377,0.000000000,-0.069709837,-0.566785872,-1.088318229
91,1819.996,1786879742316.441,14530134.377,0.000000000,-1.626564026,0.497510493,-1.787571073
92,1839.999,1786879742336.444,14530154.379,0.000000000,-0.375188589,0.550185561,-4.886235237
93,1859.996,1786879742356.441,14530174.376,0.000000000,1.150654316,-0.370039403,-2.159008026
94,1879.992,1786879742376.438,14530194.372,0.000000000,-0.997653663,-0.720367253,1.719672441
95,1899.994,1786879742396.439,14530214.374,0.000000000,-1.283363461,-0.608605504,3.816179037
96,1919.993,1786879742416.438,14530234.373,0.000000000,-0.126026750,-0.729447365,3.911040068
97,1939.990,1786879742436.435,14530254.370,0.000000000,0.879199147,-1.328355074,2.925859690
98,1959.992,1786879742456.438,14530274.373,0.000000000,1.371150136,-1.136901140,1.555233121
99,1979.992,1786879742476.438,14530294.372,0.000000000,1.224911213,-0.722017348,0.617652476
100,1999.993,1786879742496.438,14530314.373,0.000000000,0.961257160,-0.346562088,-0.130842507
101,2019.989,1786879742516.434,14530334.369,0.000000000,0.306321353,0.032770649,-0.813488007
102,2039.990,1786879742536.436,14530354.371,0.000000000,0.273499548,0.506610930,-1.426069379
103,2059.990,1786879742556.436,14530374.371,0.000000000,0.349660695,0.842138886,-1.767309904
104,2079.996,1786879742576.441,14530394.376,0.000000000,0.155836970,0.844560981,-1.438394666
105,2099.998,1786879742596.444,14530414.378,0.000000000,-0.029758554,0.573034227,-1.000152946
106,2119.997,1786879742616.442,14530434.377,0.000000000,0.073875517,0.198609769,-0.922269344
107,2139.995,1786879742636.440,14530454.375,0.000000000,-0.029246639,-0.334123075,-1.586575508
108,2159.995,1786879742656.440,14530474.375,0.000000000,-1.214727998,1.223827124,-1.037324548
109,2179.995,1786879742676.440,14530494.376,0.000000000,-1.303123355,1.572803378,-3.556014538
110,2199.994,1786879742696.439,14530514.374,0.000000000,0.718388379,0.622778416,-1.536448836
111,2219.994,1786879742716.439,14530534.374,0.000000000,-2.126486063,-0.092901796,1.757385492
112,2239.993,1786879742736.439,14530554.374,0.000000000,-1.404599905,-0.087192371,3.786330700
113,2259.994,1786879742756.439,14530574.374,0.000000000,1.248827696,-0.560636103,4.042603970
114,2279.992,1786879742776.437,14530594.372,0.000000000,1.715104580,-0.487494975,2.279775143
115,2299.995,1786879742796.440,14530614.375,0.000000000,1.600660443,1.153332949,-0.261146963
116,2319.991,1786879742816.436,14530634.371,0.000000000,2.005814075,1.459027529,-1.450942993
117,2339.989,1786879742836.434,14530654.369,0.000000000,2.629344225,1.766348004,-2.844461679
118,2359.992,1786879742856.437,14530674.372,0.000000000,2.744078159,-0.765045166,-3.680974722
119,2379.992,1786879742876.437,14530694.372,0.000000000,-0.479718864,-2.779572487,1.687174559
120,2399.992,1786879742896.437,14530714.372,0.000000000,-1.319969177,0.822919488,0.875224173
121,2419.996,1786879742916.441,14530734.376,0.000000000,-2.205629826,2.798083544,-0.940872788
122,2439.997,1786879742936.442,14530754.377,0.000000000,-2.293191671,4.130558491,-1.480708241
123,2459.994,1786879742956.439,14530774.374,0.000000000,-2.760950327,4.169418335,-0.647927046
124,2479.994,1786879742976.439,14530794.374,0.000000000,-0.410425991,-0.133772105,0.326697707
125,2499.992,1786879742996.438,14530814.372,0.000000000,-0.610632718,-1.002049923,2.467858315
126,2519.998,1786879743016.443,14530834.378,0.000000000,-0.280494511,-1.122884631,3.539571285
127,2539.996,1786879743036.441,14530854.376,0.000000000,0.566279352,-1.584036946,2.515958309
128,2559.994,1786879743056.440,14530874.375,0.000000000,1.183860660,-1.937211275,0.792980731
129,2579.995,1786879743076.440,14530894.375,0.000000000,0.991303980,-1.259369254,-0.657455206
130,2599.995,1786879743096.440,14530914.375,0.000000000,0.218175381,-0.645348489,-1.332522035
131,2619.993,1786879743116.439,14530934.374,0.000000000,-0.333610177,-0.463604659,-1.338224411
132,2639.992,1786879743136.437,14530954.372,0.000000000,-0.274945140,-0.225888118,-1.184922099
133,2659.993,1786879743156.438,14530974.373,0.000000000,-0.440258533,0.022730608,-1.080822945
134,2679.991,1786879743176.436,14530994.371,0.000000000,-0.245009184,0.303134978,-0.931187630
135,2699.991,1786879743196.436,14531014.371,0.000000000,-0.110454001,0.436530769,-0.868721187
136,2719.989,1786879743216.434,14531034.369,0.000000000,-0.066764571,0.389598280,-0.506714344
137,2739.989,1786879743236.434,14531054.369,0.000000000,-0.093823373,0.231270909,-0.127440318
138,2759.996,1786879743256.441,14531074.376,0.000000000,-0.118336760,0.105031848,0.239433751
139,2779.993,1786879743276.438,14531094.373,0.000000000,-0.066011988,0.063079990,0.450834602
140,2799.993,1786879743296.439,14531114.374,0.000000000,0.019822726,0.066893034,0.597466171
141,2819.992,1786879743316.437,14531134.372,0.000000000,0.093314834,0.062298048,0.690935612
142,2839.994,1786879743336.439,14531154.374,0.000000000,0.182878733,0.032437671,0.762733400
143,2859.994,1786879743356.439,14531174.374,0.000000000,0.305349857,0.011447196,0.764787555
144,2880.000,1786879743376.445,14531194.380,0.000000000,0.423776180,-0.044533972,0.669580400
145,2899.996,1786879743396.441,14531214.376,0.000000000,0.478345811,-0.055837449,0.561125338
146,2919.995,1786879743416.440,14531234.375,0.000000000,0.527783275,-0.056448922,0.391602695
147,2939.991,1786879743436.437,14531254.372,0.000000000,0.578266859,-0.054772701,0.240052745
148,2959.991,1786879743456.436,14531274.371,0.000000000,0.606580436,-0.123606525,0.132669285
149,2979.990,1786879743476.435,14531294.370,0.000000000,0.600284576,-0.199210376,0.073362485
150,2999.992,1786879743496.438,14531314.372,0.000000000,0.605513036,-0.259058058,0.059370216
151,3019.985,1786879743516.431,14531334.366,0.000000000,0.706150353,-0.332131982,0.150882900
152,3039.990,1786879743536.435,14531354.370,0.000000000,0.659054518,-0.335279614,0.238040954
153,3059.987,1786879743556.433,14531374.367,0.000000000,0.545772970,-0.419951737,0.088021100
154,3079.996,1786879743576.441,14531394.376,0.000000000,0.512437522,-0.479555964,0.078908525
155,3099.994,1786879743596.439,14531414.374,0.000000000,0.478600353,-0.485897511,0.124940142
156,3119.994,1786879743616.439,14531434.374,0.000000000,0.245288789,-0.636110306,-0.277453899
157,3139.994,1786879743636.439,14531454.375,0.000000000,-0.484557599,-1.185076356,-1.017680645
158,3159.992,1786879743656.437,14531474.372,0.000000000,-1.216544628,2.258319616,1.172309518
159,3179.992,1786879743676.438,14531494.373,0.000000000,-0.658117712,1.300102711,-2.412592888
160,3199.992,1786879743696.437,14531514.372,0.000000000,1.386073112,0.379290462,-6.015367031
161,3219.993,1786879743716.438,14531534.373,0.000000000,2.168200970,-0.950505376,-2.334434032
162,3239.990,1786879743736.435,14531554.370,0.000000000,0.357442707,-1.082316637,2.506615400
163,3259.988,1786879743756.433,14531574.368,0.000000000,-0.259918272,-0.407482564,4.243215084
164,3279.991,1786879743776.436,14531594.371,0.000000000,0.704474866,-0.314612389,2.763282776
165,3299.992,1786879743796.437,14531614.372,0.000000000,0.118389793,0.566424489,1.295181751
166,3319.988,1786879743816.433,14531634.368,0.000000000,0.001152121,0.932662725,0.789189279
167,3339.993,1786879743836.438,14531654.373,0.000000000,1.338671446,1.320050120,-0.431349128
168,3359.992,1786879743856.438,14531674.373,0.000000000,2.080598831,2.063880205,-2.206559420
169,3379.996,1786879743876.441,14531694.377,0.000000000,3.030645370,2.567136526,-6.103197098
170,3399.993,1786879743896.439,14531714.374,0.000000000,-1.234420300,-3.750963688,-0.306857407
171,3419.993,1786879743916.438,14531734.373,0.000000000,-2.243233442,2.107064247,1.729630351
172,3439.989,1786879743936.434,14531754.369,0.000000000,-2.799971581,2.527360916,-1.551200509
173,3459.989,1786879743956.434,14531774.369,0.000000000,-1.579511285,1.187256575,-2.979098558
174,3479.991,1786879743976.436,14531794.371,0.000000000,0.943226993,-1.803809047,-1.222579122
175,3499.990,1786879743996.435,14531814.370,0.000000000,-0.353720576,-3.002819538,3.680082083
176,3519.989,1786879744016.434,14531834.369,0.000000000,-1.684649110,0.401074588,6.619765282
177,3539.995,1786879744036.440,14531854.375,0.000000000,-1.682004333,0.705792844,6.182273865
178,3559.994,1786879744056.439,14531874.374,0.000000000,-0.168374509,0.236115456,3.995772362
179,3579.995,1786879744076.440,14531894.375,0.000000000,0.459350288,0.085537598,1.264244914
180,3599.993,1786879744096.438,14531914.373,0.000000000,0.782104731,-0.614122033,-1.040490746
181,3619.992,1786879744116.438,14531934.372,0.000000000,0.495573789,-0.664429724,-2.558958530
182,3639.994,1786879744136.439,14531954.374,0.000000000,-0.216526747,-0.517921925,-2.884467602
183,3659.991,1786879744156.436,14531974.371,0.000000000,-0.505053639,-0.085942134,-3.128010988
184,3679.989,1786879744176.434,14531994.369,0.000000000,-0.662326634,0.492179453,-2.901487827
185,3699.989,1786879744196.435,14532014.370,0.000000000,-0.645034850,0.785798490,-2.557618141
186,3719.990,1786879744216.435,14532034.370,0.000000000,-0.715439260,0.668922663,-1.627429128
187,3739.987,1786879744236.433,14532054.368,0.000000000,-0.964842677,0.507470727,-0.548526824
188,3759.990,1786879744256.435,14532074.370,0.000000000,-0.963808000,0.280852914,0.417037427
189,3779.993,1786879744276.438,14532094.373,0.000000000,-0.719099879,0.053840607,1.021160603
190,3799.993,1786879744296.438,14532114.373,0.000000000,-0.562551320,0.211059809,1.084659576
191,3819.992,1786879744316.437,14532134.372,0.000000000,-0.201034829,0.086554512,1.101579666
192,3839.994,1786879744336.439,14532154.374,0.000000000,0.120926738,-0.082218423,1.123671532
193,3859.994,1786879744356.439,14532174.374,0.000000000,0.274542063,-0.142767385,1.086460114
194,3879.993,1786879744376.438,14532194.373,0.000000000,0.372153431,-0.099355400,0.880872607
195,3899.991,1786879744396.437,14532214.372,0.000000000,0.560268819,-0.206887320,0.841639757
196,3919.993,1786879744416.438,14532234.373,0.000000000,0.580225825,-0.180189684,0.653640687
197,3939.994,1786879744436.439,14532254.374,0.000000000,0.464647740,-0.194287017,0.437815011
198,3959.990,1786879744456.435,14532274.370,0.000000000,0.438925505,-0.161628947,0.530599475
199,3979.989,1786879744476.434,14532294.369,0.000000000,0.425191164,-0.177025020,0.440844774
200,3999.987,1786879744496.432,14532314.367,0.000000000,0.508654535,-0.149972782,0.271452278
201,4019.991,1786879744516.437,14532334.372,0.000000000,0.354726225,-0.036606263,0.164087415
202,4039.988,1786879744536.433,14532354.368,0.000000000,0.368860871,0.051003318,-0.090673581
203,4059.993,1786879744556.438,14532374.373,0.000000000,0.565152466,0.129993960,-0.531494617
204,4079.994,1786879744576.439,14532394.374,0.000000000,1.052828312,0.425486207,-1.858335495
205,4099.994,1786879744596.439,14532414.374,0.000000000,-0.684670329,-0.664842248,-1.486809015
206,4119.996,1786879744616.441,14532434.376,0.000000000,-0.463608533,0.658889174,-3.367081642
207,4139.995,1786879744636.440,14532454.375,0.000000000,0.507589221,2.487862349,-5.793859959
208,4159.995,1786879744656.440,14532474.375,0.000000000,1.763756275,1.369583488,-7.702671528
209,4179.996,1786879744676.441,14532494.376,0.000000000,-1.335802436,-0.823756874,2.469280005
210,4200.008,1786879744696.453,14532514.388,0.000000000,-2.179565191,-0.570929825,0.254692435
211,4219.998,1786879744716.444,14532534.379,0.000000000,-0.918673754,2.208878040,2.065170527
212,4240.000,1786879744736.445,14532554.380,0.000000000,0.496192515,-1.911165118,1.253603458
213,4260.000,1786879744756.446,14532574.381,0.000000000,0.175898835,-3.452264786,1.154108047
214,4279.994,1786879744776.439,14532594.374,0.000000000,-1.112290621,0.994727433,6.277259350
215,4299.997,1786879744796.443,14532614.378,0.000000000,-0.641272306,2.203406334,5.330201149
216,4319.995,1786879744816.440,14532634.375,0.000000000,0.338276207,0.865628541,3.643407345
217,4339.993,1786879744836.438,14532654.373,0.000000000,1.373028874,0.883610845,0.731852531
218,4359.994,1786879744856.439,14532674.374,0.000000000,1.870149136,-0.053268012,-1.884399533
219,4379.992,1786879744876.437,14532694.372,0.000000000,1.181013227,-0.148282275,-2.971391439
220,4399.991,1786879744896.437,14532714.372,0.000000000,0.132682458,0.311708063,-3.184715748
221,4419.997,1786879744916.443,14532734.378,0.000000000,-0.367361069,0.831070006,-3.229336739
222,4439.997,1786879744936.442,14532754.377,0.000000000,-0.636847973,0.977459490,-2.986818552
223,4459.994,1786879744956.439,14532774.375,0.000000000,-0.803289354,0.879691243,-2.629879475
224,4479.994,1786879744976.439,14532794.374,0.000000000,0.456683755,0.957442522,-2.680464745
225,4499.995,1786879744996.440,14532814.375,0.000000000,-2.338403463,2.541265011,-0.733422041
226,4519.997,1786879745016.443,14532834.377,0.000000000,-1.807211041,-0.661525190,-2.163664579
227,4539.995,1786879745036.440,14532854.375,0.000000000,-0.229353815,-1.050636172,-1.349421501
228,4559.995,1786879745056.440,14532874.375,0.000000000,-0.571509063,-2.785027981,-0.028753439
229,4579.995,1786879745076.440,14532894.375,0.000000000,0.077746339,-5.463240147,0.112218440
230,4599.994,1786879745096.439,14532914.374,0.000000000,-0.584085226,-0.823897600,5.024699688
231,4619.989,1786879745116.434,14532934.369,0.000000000,-1.159681201,-0.520903707,4.057034492
232,4639.992,1786879745136.437,14532954.372,0.000000000,-0.789636433,-0.399653554,2.824698448
233,4659.991,1786879745156.436,14532974.371,0.000000000,-0.478497237,-0.971073747,1.434457421
234,4679.989,1786879745176.434,14532994.369,0.000000000,-0.188132793,-0.880845010,0.587013185
235,4699.990,1786879745196.435,14533014.370,0.000000000,-0.465727299,-0.589288652,0.184875265
236,4719.991,1786879745216.436,14533034.371,0.000000000,-0.779925346,-0.498361856,-0.363150716
237,4739.989,1786879745236.435,14533054.370,0.000000000,-1.025012136,-0.100505203,-0.413121015
238,4759.992,1786879745256.437,14533074.372,0.000000000,-1.206891894,-0.646811545,-0.718502998
239,4779.989,1786879745276.434,14533094.369,0.000000000,-0.991460383,-0.197680146,-0.833159983
240,4799.990,1786879745296.435,14533114.370,0.000000000,-0.655853689,0.074307017,-0.519110084
241,4819.989,1786879745316.434,14533134.369,0.000000000,-0.656716049,0.196020797,-0.543180823
242,4839.988,1786879745336.433,14533154.368,0.000000000,-0.801203012,0.424790293,-0.620536089
243,4859.989,1786879745356.434,14533174.369,0.000000000,-0.924890935,-0.033877756,-0.622396290
244,4879.990,1786879745376.435,14533194.370,0.000000000,-0.913599730,0.025148949,-0.822536111
245,4899.987,1786879745396.432,14533214.367,0.000000000,-0.915584803,-0.111564539,-0.778055310
246,4919.986,1786879745416.432,14533234.366,0.000000000,-0.626090288,-0.146607548,-0.746013463
247,4939.987,1786879745436.433,14533254.367,0.000000000,-0.258446455,0.014405870,-0.904772103
248,4959.989,1786879745456.434,14533274.369,0.000000000,-0.117742948,-0.038457934,-0.630783021
249,4979.985,1786879745476.430,14533294.365,0.000000000,-0.281169891,-0.119228818,-0.842161655
250,4999.988,1786879745496.433,14533314.368,0.000000000,-0.265713781,0.781818151,-0.536858439
251,5019.987,1786879745516.432,14533334.367,0.000000000,-0.282980174,0.130454257,-0.894051611
252,5039.993,1786879745536.439,14533354.374,0.000000000,-0.614896715,-0.006806579,-1.235175490
253,5059.988,1786879745556.434,14533374.368,0.000000000,-0.383489043,-0.374014497,-1.769793630
254,5079.990,1786879745576.435,14533394.370,0.000000000,-0.805950582,0.149566606,-1.890488505
255,5099.988,1786879745596.433,14533414.368,0.000000000,-1.442255139,0.267776817,-1.976669788
256,5119.993,1786879745616.438,14533434.373,0.000000000,-2.711090803,-0.116480246,-1.651910663
257,5139.990,1786879745636.435,14533454.370,0.000000000,-1.312804937,0.785901904,-1.102914095
258,5159.990,1786879745656.435,14533474.370,0.000000000,0.150190428,0.839377582,0.191342756
259,5179.989,1786879745676.434,14533494.369,0.000000000,-1.842082977,0.011329764,0.893108428
260,5199.986,1786879745696.431,14533514.366,0.000000000,-1.900859952,1.915522337,1.506014824
261,5219.987,1786879745716.433,14533534.367,0.000000000,-0.618577182,4.235326767,0.663635731
262,5239.987,1786879745736.432,14533554.367,0.000000000,-0.588774741,4.509072304,-0.301751316
263,5259.987,1786879745756.432,14533574.367,0.000000000,-1.126885414,4.204543591,-2.569241285
264,5279.987,1786879745776.432,14533594.367,0.000000000,-0.604567409,3.480650663,-7.756184578
265,5299.988,1786879745796.433,14533614.368,0.000000000,1.747416735,3.400571585,-12.661273003
266,5319.987,1786879745816.433,14533634.367,0.000000000,3.702857971,2.712911367,-11.905713081
267,5339.986,1786879745836.431,14533654.366,0.000000000,2.534505606,1.396748543,-11.614154816
268,5359.986,1786879745856.432,14533674.367,0.000000000,-0.749769926,-1.434744596,-8.321453094
269,5379.987,1786879745876.433,14533694.368,0.000000000,-2.509907246,-11.785150528,-8.908446312
270,5399.992,1786879745896.437,14533714.372,0.000000000,-3.663676262,-7.516619205,-1.596093297
271,5419.990,1786879745916.436,14533734.371,0.000000000,-1.899814606,-3.080132246,5.026324272
272,5439.989,1786879745936.434,14533754.369,0.000000000,2.236717701,0.282882005,7.771224976
273,5459.989,1786879745956.434,14533774.369,0.000000000,3.989299059,2.805141449,8.090926170
274,5479.989,1786879745976.434,14533794.369,0.000000000,4.210868359,1.825091720,7.070062637
275,5499.989,1786879745996.434,14533814.369,0.000000000,2.132656097,-1.887105584,7.144330978
276,5519.986,1786879746016.431,14533834.366,0.000000000,-2.218885660,-5.075563431,16.069730759
277,5539.989,1786879746036.434,14533854.369,0.000000000,-5.501633167,-10.388813019,6.970779419
278,5559.987,1786879746056.432,14533874.367,0.000000000,-34.783535004,-2.556893587,-19.904619217
279,5579.988,1786879746076.433,14533894.368,0.000000000,2.694355726,-3.859314203,-15.972999573
280,5599.988,1786879746096.433,14533914.368,0.000000000,-3.413429737,-2.378164291,-10.855448723
281,5619.988,1786879746116.433,14533934.368,0.000000000,12.644620895,-1.300884485,-7.768624306
282,5639.991,1786879746136.436,14533954.371,0.000000000,16.444726944,0.632579148,-8.640220642
283,5659.987,1786879746156.432,14533974.367,0.000000000,17.223310471,-0.234176412,-9.665489197
284,5679.988,1786879746176.433,14533994.368,0.000000000,0.671150565,8.410114288,8.324889183
285,5699.984,1786879746196.429,14534014.364,0.000000000,16.044658661,-6.919414043,5.950908661
286,5719.986,1786879746216.431,14534034.366,0.000000000,9.588195801,-11.170407295,13.881575584
287,5739.987,1786879746236.432,14534054.367,0.000000000,3.056901932,-5.852829933,20.035390854
288,5759.990,1786879746256.435,14534074.370,0.000000000,2.207755327,0.155993626,10.778598785
289,5779.991,1786879746276.436,14534094.371,0.000000000,0.196388215,3.562155962,3.142662287
290,5799.991,1786879746296.436,14534114.371,0.000000000,1.737274528,4.436094761,-1.175222635
291,5819.991,1786879746316.436,14534134.371,0.000000000,2.421251774,0.486438036,0.062774256
292,5839.992,1786879746336.437,14534154.372,0.000000000,4.639567852,-1.300068140,1.089090228
293,5859.989,1786879746356.435,14534174.370,0.000000000,5.930727482,0.816688001,-2.154417753
294,5879.992,1786879746376.437,14534194.372,0.000000000,3.475993395,13.302865028,-22.219095230
295,5899.989,1786879746396.434,14534214.369,0.000000000,1.323051214,6.352663517,-18.525217056
296,5919.989,1786879746416.434,14534234.369,0.000000000,-3.075657368,-0.967391253,-7.403201580
297,5939.986,1786879746436.431,14534254.366,0.000000000,-15.094820023,-2.333597660,0.805977941
298,5959.990,1786879746456.435,14534274.370,0.000000000,-16.953222275,-2.808336735,-0.666401803
299,5979.986,1786879746476.431,14534294.366,0.000000000,-13.739779472,-0.848579586,-1.719013691
300,5999.986,1786879746496.431,14534314.366,0.000000000,-5.425919533,2.541187286,-4.831737041
301,6019.986,1786879746516.431,14534334.366,0.000000000,1.779431939,0.347282469,0.475809097
302,6039.984,1786879746536.429,14534354.364,0.000000000,0.663559079,-1.355791569,6.877408028
303,6059.987,1786879746556.432,14534374.367,0.000000000,5.378392220,-2.523216486,6.115639687
304,6079.987,1786879746576.432,14534394.367,0.000000000,6.833719254,-0.943568051,3.674514771
305,6099.995,1786879746596.440,14534414.375,0.000000000,-1.306815863,-2.669739723,13.041758537
306,6119.991,1786879746616.436,14534434.371,0.000000000,-5.677720547,-1.448821068,21.775424957
307,6139.987,1786879746636.432,14534454.367,0.000000000,0.891139090,4.696877003,11.297355652
308,6159.989,1786879746656.434,14534474.369,0.000000000,2.970565557,8.057262421,5.359809875
309,6179.990,1786879746676.435,14534494.370,0.000000000,-6.980699539,1.476024032,12.524827003
310,6199.990,1786879746696.435,14534514.370,0.000000000,-5.041427612,5.623286724,8.009966850
311,6219.989,1786879746716.434,14534534.369,0.000000000,-7.491340160,-0.439030588,10.395249367
312,6239.989,1786879746736.434,14534554.369,0.000000000,-12.964770317,-3.974269390,9.010078430
313,6259.990,1786879746756.435,14534574.370,0.000000000,-14.214241982,-5.044961452,5.103738785
314,6279.992,1786879746776.437,14534594.372,0.000000000,-9.689084053,1.744344711,6.107615471
315,6299.990,1786879746796.435,14534614.370,0.000000000,-6.847973347,3.267463923,-4.413467407
316,6319.990,1786879746816.435,14534634.370,0.000000000,-4.663056850,-0.367586553,-16.516359329
317,6339.985,1786879746836.431,14534654.366,0.000000000,-4.733610630,-9.564354897,-0.319495052
318,6359.988,1786879746856.433,14534674.368,0.000000000,-1.272672772,-5.786815643,-7.694194794
319,6379.990,1786879746876.435,14534694.370,0.000000000,-2.581889153,-2.680734396,-9.986652374
320,6399.992,1786879746896.437,14534714.372,0.000000000,-3.665473700,-1.910706282,-6.567817688
321,6419.992,1786879746916.438,14534734.373,0.000000000,-0.776353002,-2.451620340,-7.926723003
322,6439.990,1786879746936.435,14534754.370,0.000000000,1.217798948,-3.017625570,-5.705614090
323,6459.992,1786879746956.437,14534774.372,0.000000000,15.379719734,0.483486563,-14.147934914
324,6479.992,1786879746976.437,14534794.372,0.000000000,3.668396235,-1.911259174,0.440344065
325,6499.993,1786879746996.438,14534814.373,0.000000000,52.170673370,-42.217105865,33.831230164
326,6519.992,1786879747016.437,14534834.372,0.000000000,6.540513515,-1.587258220,-2.549847364
327,6539.991,1786879747036.436,14534854.371,0.000000000,-3.603454351,1.406901836,-2.274070263
328,6559.990,1786879747056.435,14534874.370,0.000000000,5.030727863,-9.027107239,-1.128191948
329,6579.987,1786879747076.432,14534894.367,0.000000000,-3.324427605,2.527846336,-4.682550907
330,6599.987,1786879747096.433,14534914.367,0.000000000,-3.767371655,7.652506828,-4.704476357
331,6619.985,1786879747116.430,14534934.365,0.000000000,7.301055908,-5.920649052,-4.762721539
332,6639.985,1786879747136.430,14534954.365,0.000000000,6.549338341,-3.987732172,-4.913038731
333,6659.985,1786879747156.430,14534974.366,0.000000000,8.114337921,-4.250788689,-4.045619488
334,6679.984,1786879747176.430,14534994.365,0.000000000,8.545109749,-10.401002884,-8.698891640
335,6699.988,1786879747196.433,14535014.368,0.000000000,0.000000000,0.000000000,0.000000000
336,6719.989,1786879747216.434,14535034.369,0.000000000,-22.547763824,2.987957239,-9.741883278
337,6739.987,1786879747236.433,14535054.367,0.000000000,-0.479143798,-2.274962425,-5.559954643
338,6759.987,1786879747256.432,14535074.367,0.000000000,1.032052994,-3.001916885,-2.321733713
339,6779.989,1786879747276.435,14535094.370,0.000000000,-5.344620705,2.106087446,-6.387324333
340,6799.986,1786879747296.431,14535114.366,0.000000000,0.419906378,5.705568790,-8.075782776
341,6819.987,1786879747316.432,14535134.367,0.000000000,10.605367661,-1.162406802,-2.615290642
342,6839.987,1786879747336.432,14535154.367,0.000000000,12.415249825,-3.377686501,11.948365211
343,6859.997,1786879747356.442,14535174.377,0.000000000,8.884055138,-6.518371105,6.557386875
344,6879.992,1786879747376.438,14535194.372,0.000000000,2.061456442,-4.291021824,16.368766785
345,6899.992,1786879747396.437,14535214.372,0.000000000,1.015919328,1.579429626,14.760525703
346,6919.995,1786879747416.440,14535234.375,0.000000000,3.494848728,6.009201527,2.244882584
347,6939.990,1786879747436.435,14535254.370,0.000000000,8.796986580,2.194782495,-6.883808136
348,6959.989,1786879747456.434,14535274.369,0.000000000,11.592176437,-1.069611907,-7.803893089
349,6979.993,1786879747476.438,14535294.373,0.000000000,6.556011677,-3.352425575,-5.178030968
350,6999.992,1786879747496.437,14535314.372,0.000000000,-5.815765858,-4.667160034,-0.192535236
351,7019.990,1786879747516.436,14535334.371,0.000000000,-8.669694901,-6.309310436,4.033304214
352,7039.988,1786879747536.433,14535354.368,0.000000000,4.931169510,10.830078125,15.278310776
353,7059.989,1786879747556.434,14535374.369,0.000000000,2.406971931,13.964656830,10.081782341
354,7079.989,1786879747576.435,14535394.370,0.000000000,-5.566307068,12.274061203,-0.622465551
355,7099.988,1786879747596.433,14535414.368,0.000000000,-6.983751297,6.100033283,-6.659063816
356,7119.989,1786879747616.434,14535434.369,0.000000000,-0.359113187,-2.425168037,-8.147002220
357,7139.985,1786879747636.430,14535454.365,0.000000000,8.999698639,-17.210693359,-10.623343468
358,7159.988,1786879747656.434,14535474.369,0.000000000,-2.104855537,-5.437158108,-10.425951004
359,7179.988,1786879747676.433,14535494.368,0.000000000,0.569941461,-4.635438919,-11.143227577
360,7199.987,1786879747696.432,14535514.367,0.000000000,5.218186855,-4.589194298,-7.189623356
361,7219.985,1786879747716.430,14535534.366,0.000000000,9.203273773,-2.956781864,-4.708675385
362,7239.986,1786879747736.431,14535554.366,0.000000000,-0.523521543,7.208369255,8.326121330
363,7259.986,1786879747756.431,14535574.366,0.000000000,-0.632445753,4.384001255,7.835179806
364,7279.991,1786879747776.437,14535594.372,0.000000000,-4.573423862,-4.563224316,4.285621643
365,7299.990,1786879747796.435,14535614.370,0.000000000,-5.473086834,-7.421275139,2.308681726
366,7319.991,1786879747816.436,14535634.371,0.000000000,-4.061292171,-6.548088074,0.878212452
367,7339.991,1786879747836.436,14535654.371,0.000000000,-3.557741642,-2.397308350,1.313931227
368,7359.991,1786879747856.436,14535674.371,0.000000000,-4.068530560,0.446197480,0.961226583
369,7379.991,1786879747876.436,14535694.371,0.000000000,-3.940517187,3.781883001,-0.919025421
370,7399.990,1786879747896.435,14535714.370,0.000000000,-2.150403261,4.729893684,-2.113189220
371,7419.986,1786879747916.431,14535734.366,0.000000000,0.441291392,1.524716496,-2.760186672
372,7439.987,1786879747936.432,14535754.367,0.000000000,2.201346636,-1.834891915,-1.732978106
373,7459.988,1786879747956.433,14535774.368,0.000000000,-1.327876210,-1.322376966,2.182286739
374,7479.989,1786879747976.434,14535794.369,0.000000000,3.077148438,-2.136417389,-1.419822216
375,7499.986,1786879747996.432,14535814.366,0.000000000,3.152001143,1.252634406,-2.367494822
376,7519.987,1786879748016.432,14535834.367,0.000000000,-0.852523923,4.130335808,2.563572407
377,7539.986,1786879748036.432,14535854.367,0.000000000,-1.019144893,3.657083511,4.102769852
378,7559.986,1786879748056.431,14535874.366,0.000000000,-0.884566009,2.172249794,4.612568855
379,7579.994,1786879748076.439,14535894.374,0.000000000,-0.734188557,0.628456771,3.928567410
380,7599.992,1786879748096.438,14535914.373,0.000000000,-0.898137867,-0.077333733,2.834724665
381,7619.991,1786879748116.436,14535934.371,0.000000000,-0.559749424,-0.144954756,1.561094165
382,7639.995,1786879748136.440,14535954.375,0.000000000,-0.507269204,-0.201117486,0.668637812
383,7659.992,1786879748156.437,14535974.372,0.000000000,-0.592043698,-0.131140858,-0.181797832
384,7679.990,1786879748176.435,14535994.370,0.000000000,-0.849358201,0.007451091,-0.460766375
385,7699.989,1786879748196.434,14536014.369,0.000000000,-0.392693341,0.103064656,-0.907805920
386,7719.990,1786879748216.435,14536034.370,0.000000000,-0.321999639,-0.079473585,-1.033362865
387,7739.990,1786879748236.435,14536054.370,0.000000000,-0.589381754,-0.262945980,-0.690132499
388,7759.989,1786879748256.434,14536074.369,0.000000000,-0.474974990,-0.056611087,-0.531084895
389,7779.987,1786879748276.433,14536094.368,0.000000000,-0.274718642,0.256940514,-0.510297358
390,7799.988,1786879748296.433,14536114.368,0.000000000,-0.263960481,0.409440637,-0.050614391
391,7819.989,1786879748316.434,14536134.369,0.000000000,-0.031384531,0.393750280,0.205246612
392,7839.988,1786879748336.433,14536154.368,0.000000000,0.066031046,0.318246961,0.176971391
393,7859.989,1786879748356.434,14536174.369,0.000000000,0.078784555,0.197258621,-0.008478532
394,7879.989,1786879748376.434,14536194.369,0.000000000,0.232200876,0.233425215,-0.157310680
395,7899.987,1786879748396.432,14536214.367,0.000000000,0.438688248,0.081761464,-0.342238754
396,7919.986,1786879748416.432,14536234.366,0.000000000,0.207257465,0.171756715,-0.337543100
397,7939.989,1786879748436.434,14536254.369,0.000000000,0.361560166,0.330109835,-0.245058253
398,7959.992,1786879748456.437,14536274.372,0.000000000,0.293578804,0.474246562,-0.275795996
399,7979.991,1786879748476.436,14536294.371,0.000000000,0.238597214,0.544841170,-0.453349322
400,7999.996,1786879748496.441,14536314.376,0.000000000,0.142044500,0.677095592,-0.373074561
401,8019.991,1786879748516.436,14536334.371,0.000000000,-0.308255643,0.719449103,-0.254423141
402,8039.989,1786879748536.434,14536354.369,0.000000000,-0.203119516,0.546597004,-0.121323116
403,8059.991,1786879748556.436,14536374.371,0.000000000,-0.127380639,0.334889919,-0.232659444
404,8079.991,1786879748576.436,14536394.371,0.000000000,-0.131647751,0.338353425,-0.288941175
405,8099.992,1786879748596.438,14536414.372,0.000000000,-0.048156049,0.451870024,-0.510595381
406,8119.995,1786879748616.440,14536434.376,0.000000000,-0.124614410,0.534806430,-0.609360993
407,8139.991,1786879748636.436,14536454.371,0.000000000,-0.133905306,0.772386372,-0.801249206
408,8159.993,1786879748656.438,14536474.373,0.000000000,-0.141737282,0.783486068,-0.857543528
409,8179.993,1786879748676.438,14536494.373,0.000000000,-0.137746915,0.825184643,-1.013540626
410,8199.991,1786879748696.436,14536514.371,0.000000000,-0.166399345,0.819119453,-1.116640329
411,8219.992,1786879748716.437,14536534.372,0.000000000,-0.289024055,0.958177388,-1.294999361
412,8239.991,1786879748736.436,14536554.371,0.000000000,-0.344875038,1.033090234,-1.312032461
413,8259.989,1786879748756.434,14536574.369,0.000000000,-0.376835823,1.014448643,-1.439989090
414,8279.990,1786879748776.435,14536594.370,0.000000000,0.449269712,1.364148736,0.134004280
415,8299.988,1786879748796.433,14536614.368,0.000000000,-0.361192495,0.026965430,1.143624783
416,8319.988,1786879748816.434,14536634.369,0.000000000,0.284164310,0.038074747,0.965419114
417,8339.987,1786879748836.432,14536654.367,0.000000000,0.935774446,0.071538515,0.255610138
418,8359.988,1786879748856.434,14536674.369,0.000000000,-0.202916145,-0.243485659,3.003383160
419,8379.990,1786879748876.435,14536694.370,0.000000000,1.079422355,-1.184953332,2.653673172
420,8399.988,1786879748896.433,14536714.368,0.000000000,0.433811843,-0.899703026,1.878520370
421,8419.988,1786879748916.434,14536734.369,0.000000000,0.776284456,-0.637008727,0.896348536
422,8439.990,1786879748936.436,14536754.371,0.000000000,1.128131032,-0.293914139,0.340458006
423,8459.991,1786879748956.437,14536774.372,0.000000000,1.018157482,-0.502850294,0.009771111
424,8479.990,1786879748976.435,14536794.370,0.000000000,0.677768469,-0.544249058,-0.286173612
425,8499.991,1786879748996.436,14536814.371,0.000000000,0.286356002,-0.686047971,-0.556773603
426,8519.991,1786879749016.437,14536834.372,0.000000000,-0.331283271,-0.713201284,-0.493699431
427,8539.988,1786879749036.433,14536854.368,0.000000000,-0.443379164,-0.737787366,-0.310569942
428,8559.989,1786879749056.434,14536874.369,0.000000000,-0.320901781,-0.445010662,-0.347513795
429,8579.987,1786879749076.433,14536894.368,0.000000000,-0.301235139,-0.226276711,-0.426208973
430,8599.988,1786879749096.434,14536914.368,0.000000000,-0.279257983,-0.002298551,-0.357506990
431,8619.990,1786879749116.435,14536934.370,0.000000000,-0.228474498,0.178394362,-0.308070868
432,8639.991,1786879749136.436,14536954.371,0.000000000,-0.432527184,0.274346739,-0.038443767
433,8659.991,1786879749156.437,14536974.372,0.000000000,-0.458489746,0.330504030,0.164128035
434,8679.991,1786879749176.436,14536994.371,0.000000000,-0.458310097,0.309507608,0.199364647
435,8699.989,1786879749196.434,14537014.369,0.000000000,-0.512505829,0.246692657,0.281736940
436,8719.991,1786879749216.437,14537034.372,0.000000000,-0.425266415,0.300887048,0.210513309
437,8739.989,1786879749236.434,14537054.369,0.000000000,-0.389856964,0.294594109,0.268233091
438,8759.990,1786879749256.435,14537074.370,0.000000000,-0.395038635,0.130345389,0.248294681
439,8779.999,1786879749276.445,14537094.380,0.000000000,-0.404679000,0.298370808,0.239129469
440,8799.988,1786879749296.434,14537114.368,0.000000000,-0.388044059,0.243862584,0.125710964
441,8819.986,1786879749316.431,14537134.366,0.000000000,-0.366393924,0.271237314,0.076223336
442,8839.989,1786879749336.434,14537154.369,0.000000000,-0.405883133,0.362147778,0.098940477
443,8859.990,1786879749356.435,14537174.370,0.000000000,-0.421083033,0.512266338,-0.100135699
444,8879.988,1786879749376.434,14537194.369,0.000000000,-0.487779319,0.700685084,-0.221558779
445,8899.991,1786879749396.436,14537214.371,0.000000000,-0.608252406,0.720028043,-0.171136096
446,8919.989,1786879749416.434,14537234.369,0.000000000,-0.619738162,0.681286931,-0.177085668
447,8939.992,1786879749436.437,14537254.372,0.000000000,-0.516243935,0.635986388,-0.163674101
448,8959.992,1786879749456.437,14537274.372,0.000000000,-0.686521053,0.618473291,-0.212145969
449,8979.989,1786879749476.434,14537294.369,0.000000000,-0.878289282,0.584712267,-0.426557988
450,8999.992,1786879749496.437,14537314.372,0.000000000,-1.678581834,0.393453956,-0.763706386
451,9019.989,1786879749516.434,14537334.369,0.000000000,-1.642289639,-0.498403490,-1.565509677
452,9039.991,1786879749536.436,14537354.371,0.000000000,-0.848849893,-0.875750840,-2.222090006
453,9059.988,1786879749556.433,14537374.368,0.000000000,0.669185102,-1.107554436,-2.634078741
454,9079.989,1786879749576.434,14537394.369,0.000000000,2.252806902,0.238702074,-3.493583679
455,9099.989,1786879749596.434,14537414.369,0.000000000,2.600448847,3.815786839,-7.178821087
456,9119.989,1786879749616.435,14537434.370,0.000000000,-0.536883593,1.647817373,-9.345458031
457,9139.989,1786879749636.434,14537454.369,0.000000000,2.663451433,3.541255474,3.999270916
458,9159.989,1786879749656.434,14537474.369,0.000000000,-2.373428106,-0.647461474,8.222327232
459,9179.988,1786879749676.434,14537494.369,0.000000000,-2.158632994,-0.709816635,7.760404587
460,9199.994,1786879749696.439,14537514.374,0.000000000,-0.248784751,-0.575478435,6.555870056
461,9219.994,1786879749716.440,14537534.375,0.000000000,0.821046233,2.146607876,2.570193052
462,9239.992,1786879749736.438,14537554.373,0.000000000,0.044931844,5.708165169,-2.533831835
463,9259.994,1786879749756.439,14537574.374,0.000000000,0.838621378,2.476298809,-6.355145931
464,9279.992,1786879749776.437,14537594.372,0.000000000,-0.045835115,0.092732668,0.384049296
465,9299.990,1786879749796.436,14537614.371,0.000000000,0.301639557,-0.469634503,3.075145006
466,9319.989,1786879749816.435,14537634.369,0.000000000,-1.049931884,0.730808377,1.053827763
467,9339.991,1786879749836.436,14537654.371,0.000000000,1.369075179,2.529104471,-6.734976292
468,9359.993,1786879749856.439,14537674.374,0.000000000,0.989333272,4.346844673,-13.609176636
469,9379.993,1786879749876.438,14537694.373,0.000000000,-1.876287460,-0.997696519,-10.168058395
470,9399.995,1786879749896.440,14537714.375,0.000000000,2.586154222,-1.103966951,5.017215729
471,9419.994,1786879749916.439,14537734.374,0.000000000,-0.404094517,-4.717253208,9.091819763
472,9439.994,1786879749936.439,14537754.375,0.000000000,-1.111730814,-2.887336254,8.471812248
473,9459.994,1786879749956.439,14537774.374,0.000000000,0.692527294,-0.667179167,6.812073231
474,9479.995,1786879749976.440,14537794.375,0.000000000,5.343975544,3.365741491,0.340130389
475,9499.991,1786879749996.436,14537814.371,0.000000000,3.547305822,1.741503000,1.148786783
476,9519.989,1786879750016.435,14537834.370,0.000000000,2.861721277,1.685048580,-1.954955339
477,9539.992,1786879750036.438,14537854.372,0.000000000,5.049313068,0.403333098,-11.937719345
478,9559.991,1786879750056.436,14537874.371,0.000000000,-2.997758389,-0.078302391,-2.516834021
479,9579.991,1786879750076.436,14537894.371,0.000000000,-5.905499458,3.703689575,11.715489388
480,9599.993,1786879750096.438,14537914.373,0.000000000,-5.489136696,4.921884060,6.599207878
481,9619.990,1786879750116.436,14537934.371,0.000000000,2.204967260,5.470100880,-4.321244240
482,9639.992,1786879750136.437,14537954.372,0.000000000,8.602944374,5.021124840,-18.013847351
483,9659.989,1786879750156.435,14537974.370,0.000000000,1.203554273,5.358175755,-15.640349388
484,9679.994,1786879750176.439,14537994.374,0.000000000,1.345915794,10.014430046,-9.600660324
485,9699.994,1786879750196.439,14538014.374,0.000000000,0.778759003,-5.450761795,6.267939091
486,9719.994,1786879750216.439,14538034.374,0.000000000,-2.975167274,-10.070302963,12.784830093
487,9739.993,1786879750236.438,14538054.373,0.000000000,-4.528451920,-8.252173424,15.442168236
488,9759.991,1786879750256.436,14538074.371,0.000000000,-1.433535099,-0.973818183,8.501037598
489,9779.991,1786879750276.436,14538094.371,0.000000000,2.597248554,3.186653852,2.358533382
490,9799.987,1786879750296.432,14538114.367,0.000000000,2.490533352,5.295636654,0.317646772
491,9819.993,1786879750316.438,14538134.373,0.000000000,6.058440208,5.975699902,-8.802102089
492,9839.993,1786879750336.438,14538154.373,0.000000000,0.679022610,1.688082457,-8.875539780
493,9859.993,1786879750356.438,14538174.373,0.000000000,-0.169044614,-5.701076984,-15.706357002
494,9879.992,1786879750376.438,14538194.372,0.000000000,-1.024405122,-4.826655865,0.388355911
495,9899.997,1786879750396.442,14538214.377,0.000000000,2.722758293,3.036136866,8.542328835
496,9919.996,1786879750416.441,14538234.377,0.000000000,8.926533699,2.802976847,-3.774731636
497,9939.996,1786879750436.441,14538254.376,0.000000000,-2.656590223,7.706037998,-16.575265884
498,9959.992,1786879750456.437,14538274.372,0.000000000,-7.800181389,7.787087917,-13.687360764
499,9979.992,1786879750476.437,14538294.372,0.000000000,-11.876950264,9.832163811,2.029790163
500,9999.995,1786879750496.440,14538314.375,0.000000000,25.491432190,25.956710815,4.472435951
501,10019.992,1786879750516.438,14538334.372,0.000000000,5.127653122,-7.391939640,5.082618237
502,10039.990,1786879750536.435,14538354.370,0.000000000,-1.373743176,-12.686638832,10.500488281
503,10059.992,1786879750556.437,14538374.372,0.000000000,0.382200360,5.682305336,12.983201027
504,10079.992,1786879750576.437,14538394.372,0.000000000,0.676416039,6.633701801,1.215042949
505,10099.990,1786879750596.435,14538414.370,0.000000000,0.000000000,0.000000000,0.000000000
506,10119.993,1786879750616.438,14538434.373,0.000000000,-19.420003891,-6.024343967,-11.638504028
507,10139.989,1786879750636.434,14538454.369,0.000000000,22.014276505,-30.744609833,-3.971327543
508,10159.992,1786879750656.437,14538474.372,0.000000000,-18.917572021,13.121319771,1.670103312
509,10179.989,1786879750676.434,14538494.369,0.000000000,8.420725822,13.645928383,-11.168640137
510,10199.991,1786879750696.436,14538514.371,0.000000000,33.875167847,-12.412007332,-9.829307556
511,10219.987,1786879750716.432,14538534.367,0.000000000,21.051156998,-0.359592766,0.858080685
512,10239.989,1786879750736.435,14538554.370,0.000000000,-1.492938161,19.504339218,-4.493698597
513,10259.993,1786879750756.438,14538574.373,0.000000000,-14.131626129,-0.407193959,15.664964676
514,10279.992,1786879750776.437,14538594.372,0.000000000,-5.632119179,-2.579062700,24.322280884
515,10299.989,1786879750796.435,14538614.370,0.000000000,4.299489975,5.384789467,15.501979828
516,10319.990,1786879750816.435,14538634.370,0.000000000,5.995440006,5.415105820,0.197382838
517,10339.990,1786879750836.435,14538654.370,0.000000000,-1.992318749,15.525012016,-13.919860840
518,10359.986,1786879750856.431,14538674.366,0.000000000,0.931959987,9.476332664,-10.526096344
519,10379.991,1786879750876.436,14538694.371,0.000000000,5.367095947,11.448325157,-6.945637703
520,10399.988,1786879750896.433,14538714.368,0.000000000,5.715700626,-1.794832706,-5.067834854
521,10419.987,1786879750916.433,14538734.368,0.000000000,-1.722281694,-14.688667297,-5.248181820
522,10439.991,1786879750936.436,14538754.371,0.000000000,-7.795754433,-7.599078655,-2.623085976
523,10459.988,1786879750956.433,14538774.368,0.000000000,-3.666991711,0.930224240,-1.974935770
524,10479.994,1786879750976.439,14538794.374,0.000000000,-7.324043751,5.328567505,2.656418562
525,10499.992,1786879750996.438,14538814.373,0.000000000,-3.360419512,-0.055945031,10.044289589
526,10519.990,1786879751016.435,14538834.370,0.000000000,-1.749396920,-5.604816914,11.556859016
527,10539.993,1786879751036.438,14538854.373,0.000000000,-2.565042734,-4.581743240,8.087232590
528,10559.990,1786879751056.436,14538874.371,0.000000000,-2.351299047,-2.096179724,4.411488056
529,10579.988,1786879751076.433,14538894.368,0.000000000,-2.719157696,-0.302853763,1.539653301
530,10599.993,1786879751096.438,14538914.373,0.000000000,-1.798920512,0.216702491,-1.539018035
531,10619.990,1786879751116.435,14538934.370,0.000000000,0.303516477,-0.190012559,-3.846758366
532,10639.990,1786879751136.435,14538954.370,0.000000000,2.067136526,-0.939135969,-4.212732792
533,10659.989,1786879751156.434,14538974.369,0.000000000,1.278490186,0.216683462,-5.199450970
534,10679.991,1786879751176.436,14538994.371,0.000000000,2.317550898,2.258807182,0.993274093
535,10699.988,1786879751196.433,14539014.368,0.000000000,0.291230172,-0.318941653,3.682725906
536,10719.990,1786879751216.435,14539034.370,0.000000000,-0.994099975,-0.514473379,3.959210396
537,10739.989,1786879751236.434,14539054.369,0.000000000,-1.107702851,-0.137763575,3.453112841
538,10760.001,1786879751256.446,14539074.381,0.000000000,-0.933820844,-0.377454102,2.958665609
539,10779.992,1786879751276.437,14539094.372,0.000000000,-0.947204769,0.105306163,2.129947186
540,10799.986,1786879751296.431,14539114.366,0.000000000,-0.212371022,0.105835572,1.158218622
541,10819.989,1786879751316.435,14539134.369,0.000000000,0.100969732,-0.729488730,0.437559426
542,10839.990,1786879751336.436,14539154.370,0.000000000,-0.206641182,-1.340802789,-1.777911425
543,10859.991,1786879751356.436,14539174.371,0.000000000,-0.381269634,-1.657037258,-4.221509457
544,10879.996,1786879751376.442,14539194.377,0.000000000,-0.376513571,-2.056412220,-7.093828678
545,10899.994,1786879751396.439,14539214.374,0.000000000,0.906997621,-2.287760735,-7.521456242
546,10919.991,1786879751416.436,14539234.371,0.000000000,1.721505404,-0.089721955,-5.818779469
547,10939.991,1786879751436.436,14539254.371,0.000000000,-0.864023030,2.926777601,-5.654101849
548,10959.987,1786879751456.433,14539274.367,0.000000000,1.954926133,4.351385593,3.620372057
549,10979.987,1786879751476.433,14539294.368,0.000000000,-1.841613531,1.398595214,7.725959778
550,10999.988,1786879751496.434,14539314.368,0.000000000,-2.787146807,0.486713946,8.058065414
551,11019.991,1786879751516.436,14539334.371,0.000000000,-0.705902040,0.753565431,6.695179939
552,11039.988,1786879751536.433,14539354.368,0.000000000,0.923428714,0.935665965,4.651245117
553,11059.989,1786879751556.434,14539374.369,0.000000000,1.244092464,0.580348015,2.585472822
554,11079.988,1786879751576.433,14539394.368,0.000000000,1.333264709,-0.190192401,0.322875887
555,11099.985,1786879751596.430,14539414.365,0.000000000,0.329265177,-1.795889378,-4.581235409
556,11119.985,1786879751616.430,14539434.366,0.000000000,1.674856663,-3.429440498,-9.239213943
557,11139.987,1786879751636.432,14539454.367,0.000000000,1.702722311,-2.264269114,-2.862153530
558,11159.989,1786879751656.434,14539474.369,0.000000000,-2.269052505,0.335240096,-1.635948062
559,11179.991,1786879751676.436,14539494.371,0.000000000,-3.594469786,3.312588453,-4.944947720
560,11199.989,1786879751696.435,14539514.370,0.000000000,-2.248107672,5.528383255,-7.813970089
561,11219.990,1786879751716.435,14539534.370,0.000000000,1.894249320,4.588797092,1.918521643
562,11239.989,1786879751736.435,14539554.370,0.000000000,-1.180319667,0.702058733,7.513964653
563,11259.990,1786879751756.435,14539574.370,0.000000000,-1.952975869,-0.657130659,8.524798393
564,11279.990,1786879751776.436,14539594.370,0.000000000,0.830402672,0.245281696,6.919073582
565,11299.990,1786879751796.435,14539614.370,0.000000000,1.440582991,1.267900229,4.210252762
566,11319.988,1786879751816.434,14539634.369,0.000000000,0.922832966,0.585592806,1.275839567
567,11339.987,1786879751836.432,14539654.367,0.000000000,-0.934690893,-0.080812007,-2.496760368
568,11359.984,1786879751856.430,14539674.365,0.000000000,-2.128659487,-3.127711535,-7.554255962
569,11379.985,1786879751876.430,14539694.365,0.000000000,1.846264362,-2.470556736,-1.068719864
570,11399.985,1786879751896.430,14539714.365,0.000000000,-2.341494560,1.195232034,1.309225321
571,11419.985,1786879751916.430,14539734.365,0.000000000,-2.521718264,4.005564213,-4.563481808
572,11439.984,1786879751936.429,14539754.364,0.000000000,0.739135683,5.302839279,-11.148424149
573,11459.983,1786879751956.428,14539774.363,0.000000000,-2.535972118,0.748242915,-13.003627777
574,11479.987,1786879751976.432,14539794.367,0.000000000,1.483224630,0.398920715,3.413350582
575,11499.985,1786879751996.430,14539814.365,0.000000000,-0.878560364,-0.954540074,8.223381996
576,11519.988,1786879752016.433,14539834.368,0.000000000,-1.303830385,-1.990632892,8.251914024
577,11539.990,1786879752036.435,14539854.370,0.000000000,1.297460794,-0.706635237,7.831014633
578,11559.987,1786879752056.432,14539874.367,0.000000000,3.136993408,2.134364605,3.560395241
579,11579.987,1786879752076.432,14539894.367,0.000000000,1.665332913,5.018297672,-3.174750805
580,11599.986,1786879752096.431,14539914.366,0.000000000,1.337116838,-0.837417960,-12.164830208
581,11619.988,1786879752116.433,14539934.368,0.000000000,-6.486072540,-0.460087419,3.884858608
582,11639.991,1786879752136.436,14539954.371,0.000000000,-5.823062420,0.991977692,6.589417934
583,11659.988,1786879752156.433,14539974.368,0.000000000,-4.385338306,3.360891581,2.122223616
584,11679.987,1786879752176.432,14539994.367,0.000000000,0.338190377,5.979942799,-6.981997490
585,11699.987,1786879752196.432,14540014.367,0.000000000,2.504679918,7.934691906,-13.658679962
586,11719.989,1786879752216.434,14540034.369,0.000000000,0.873435199,2.709479570,-15.087993622
587,11739.984,1786879752236.429,14540054.364,0.000000000,3.199492455,-1.160139799,3.787370920
588,11759.989,1786879752256.434,14540074.369,0.000000000,-0.221608400,-6.082262039,10.286639214
589,11779.986,1786879752276.431,14540094.366,0.000000000,-1.518380404,-5.579731941,9.225438118
590,11799.986,1786879752296.431,14540114.366,0.000000000,-1.181393623,-2.805649996,9.107610703
591,11819.991,1786879752316.436,14540134.371,0.000000000,5.717303276,1.270129800,1.422521830
592,11839.989,1786879752336.434,14540154.369,0.000000000,2.649615049,2.731171370,-1.865437269
593,11859.985,1786879752356.430,14540174.365,0.000000000,1.740669250,3.073833466,-13.974704742
594,11879.985,1786879752376.430,14540194.365,0.000000000,-6.474343777,1.966719508,-5.269437313
595,11899.984,1786879752396.429,14540214.364,0.000000000,-6.723544121,2.994902611,9.132093430
596,11919.986,1786879752416.432,14540234.367,0.000000000,-0.204491004,3.944405079,2.281767368
597,11939.984,1786879752436.430,14540254.365,0.000000000,9.977771759,0.810373604,-11.075129509
598,11959.987,1786879752456.432,14540274.367,0.000000000,-2.271986008,6.575740814,-14.670793533
599,11979.985,1786879752476.430,14540294.365,0.000000000,-6.994632244,8.449997902,-13.176855087
600,11999.988,1786879752496.433,14540314.368,0.000000000,-7.097632885,5.875480652,-10.666350365
601,12019.986,1786879752516.431,14540334.366,0.000000000,2.003285646,-2.850608110,6.977637291
602,12039.986,1786879752536.431,14540354.366,0.000000000,-2.500938416,-9.722972870,16.947870255
603,12059.983,1786879752556.428,14540374.364,0.000000000,-0.176735580,-6.976656437,17.827520370
604,12079.986,1786879752576.431,14540394.366,0.000000000,3.746013880,0.836335421,10.905005455
605,12099.984,1786879752596.429,14540414.364,0.000000000,-0.645850003,5.727497101,5.637148380
606,12119.985,1786879752616.430,14540434.365,0.000000000,3.547176600,5.432690144,-13.206657410
607,12139.985,1786879752636.430,14540454.365,0.000000000,5.416723251,-6.847335339,-17.695236206
608,12159.985,1786879752656.430,14540474.365,0.000000000,7.062887192,-1.506490469,0.063079827
609,12179.985,1786879752676.430,14540494.365,0.000000000,3.227697372,2.904611349,5.736888885
610,12199.986,1786879752696.431,14540514.366,0.000000000,-3.020045042,8.370024681,2.469374418
611,12219.985,1786879752716.430,14540534.366,0.000000000,-6.358056545,6.090407848,-8.664268494
612,12239.989,1786879752736.434,14540554.369,0.000000000,-5.686062813,2.031069517,-16.959913254
613,12259.989,1786879752756.435,14540574.370,0.000000000,0.509189367,9.521053314,0.352429241
614,12279.991,1786879752776.436,14540594.371,0.000000000,5.312059879,2.243917227,-1.704477906
615,12299.995,1786879752796.440,14540614.375,0.000000000,3.335747242,-14.255905151,-5.338656425
616,12319.991,1786879752816.436,14540634.371,0.000000000,4.387346745,-9.153094292,1.184931755
617,12339.993,1786879752836.438,14540654.373,0.000000000,10.168973923,4.668385983,49.552143097
618,12359.993,1786879752856.438,14540674.373,0.000000000,-40.719528198,-13.801649094,15.941839218
619,12379.989,1786879752876.434,14540694.369,0.000000000,4.862439632,-11.892171860,-10.654522896
620,12399.991,1786879752896.436,14540714.371,0.000000000,20.826166153,-8.135817528,-15.420346260
621,12419.987,1786879752916.432,14540734.367,0.000000000,10.221342087,-5.195847988,-12.255929947
622,12439.987,1786879752936.432,14540754.367,0.000000000,2.585148811,-3.224244356,-8.095038414
623,12459.991,1786879752956.436,14540774.371,0.000000000,2.474558830,1.761128068,-10.436830521
624,12479.988,1786879752976.434,14540794.369,0.000000000,7.206345081,-7.020220280,56.489707947
625,12499.986,1786879752996.431,14540814.366,0.000000000,-20.109571457,-10.449640274,3.546701908
626,12519.990,1786879753016.436,14540834.371,0.000000000,-3.590721607,2.496869802,-11.997702599
627,12539.992,1786879753036.437,14540854.372,0.000000000,-6.515721321,-11.148374557,1.219255805
628,12559.989,1786879753056.434,14540874.369,0.000000000,-0.391515166,-2.225684166,-0.839681149
629,12579.989,1786879753076.434,14540894.369,0.000000000,0.997578084,-1.421824455,-3.048916578
630,12599.986,1786879753096.432,14540914.367,0.000000000,0.685376942,-2.931685448,-4.512444973
631,12619.988,1786879753116.433,14540934.368,0.000000000,-2.453482628,-5.837330341,-6.778266430
632,12639.986,1786879753136.431,14540954.366,0.000000000,5.869354248,-3.126461029,11.175823212
633,12659.992,1786879753156.437,14540974.372,0.000000000,6.870634079,-1.698272705,1.058735013
634,12679.993,1786879753176.438,14540994.374,0.000000000,5.328673840,-2.125165701,-1.010695219
635,12699.992,1786879753196.438,14541014.373,0.000000000,1.181090832,0.969067037,-0.075760670
636,12719.992,1786879753216.437,14541034.372,0.000000000,0.838705599,-2.111048698,-1.034554958
637,12739.995,1786879753236.440,14541054.375,0.000000000,2.180668592,-4.043112278,-3.729180098
638,12759.987,1786879753256.433,14541074.368,0.000000000,-1.031845808,-0.147906736,-1.214014649
639,12779.991,1786879753276.436,14541094.371,0.000000000,0.011146620,0.555896044,-1.749267340
640,12799.986,1786879753296.431,14541114.366,0.000000000,0.416827142,1.976732016,-1.256570697
641,12819.990,1786879753316.435,14541134.370,0.000000000,1.265593648,-0.188536316,-1.845468879
642,12839.990,1786879753336.435,14541154.370,0.000000000,-2.839614391,1.440554023,0.875076473
643,12859.988,1786879753356.433,14541174.368,0.000000000,-1.253798366,0.966254354,-0.679670870
644,12879.985,1786879753376.430,14541194.365,0.000000000,0.835034966,-0.890007138,-2.481873035
645,12899.985,1786879753396.430,14541214.365,0.000000000,0.000000000,0.000000000,0.000000000
646,12919.990,1786879753416.435,14541234.370,0.000000000,-34.783111572,1.617331386,-4.749779701
647,12939.989,1786879753436.435,14541254.369,0.000000000,16.584497452,-16.199602127,-3.377122164
648,12959.990,1786879753456.435,14541274.370,0.000000000,3.467462301,-16.777381897,5.577383518
649,12979.990,1786879753476.435,14541294.370,0.000000000,10.370912552,-1.916339040,3.226478100
650,12999.986,1786879753496.431,14541314.366,0.000000000,2.890063524,16.784711838,-6.115509033
651,13019.988,1786879753516.433,14541334.368,0.000000000,5.656222820,23.819631577,-12.081926346
652,13039.987,1786879753536.432,14541354.367,0.000000000,10.982625008,23.243881226,-13.783885956
653,13059.985,1786879753556.430,14541374.365,0.000000000,20.403524399,7.262737274,-3.104300976
654,13079.985,1786879753576.430,14541394.365,0.000000000,10.571328163,-1.063279748,4.405817509
655,13099.985,1786879753596.430,14541414.365,0.000000000,-5.582208633,-4.932382107,-0.283638448
656,13119.986,1786879753616.431,14541434.366,0.000000000,-15.532015800,1.578315616,-1.559042454
657,13139.984,1786879753636.429,14541454.364,0.000000000,-12.386036873,-2.002274036,-4.238708496
658,13159.984,1786879753656.429,14541474.364,0.000000000,-7.261028767,0.048938069,-0.730352223
659,13179.985,1786879753676.430,14541494.365,0.000000000,-20.272512436,-5.175020695,9.193535805
660,13199.987,1786879753696.432,14541514.367,0.000000000,-6.165253162,-5.523720264,7.453096867
661,13219.985,1786879753716.430,14541534.365,0.000000000,0.292356998,-5.271334171,2.226048231
662,13239.986,1786879753736.431,14541554.366,0.000000000,6.269026279,-0.936201870,0.275150090
663,13259.986,1786879753756.431,14541574.366,0.000000000,5.937425137,2.156251907,1.709439278
664,13279.985,1786879753776.430,14541594.365,0.000000000,3.744546175,5.131969929,-1.253851652
665,13299.984,1786879753796.429,14541614.364,0.000000000,0.093882971,6.941350460,-2.023443937
666,13319.986,1786879753816.431,14541634.366,0.000000000,1.938091993,8.473498344,12.270119667
667,13339.988,1786879753836.434,14541654.368,0.000000000,-0.093332984,-4.812751770,13.202877998
668,13359.985,1786879753856.430,14541674.365,0.000000000,-3.181812286,-9.143170357,9.162859917
669,13379.984,1786879753876.429,14541694.365,0.000000000,-4.451215267,-7.227025509,4.401122570
670,13399.984,1786879753896.429,14541714.364,0.000000000,-2.598125458,-2.355171442,0.777440369
671,13419.984,1786879753916.429,14541734.364,0.000000000,-0.424412161,-0.129062012,-0.768520832
672,13439.988,1786879753936.434,14541754.369,0.000000000,0.975668371,0.997790873,-1.217827559
673,13459.987,1786879753956.432,14541774.367,0.000000000,2.315536022,0.503398597,-2.414170742
674,13479.988,1786879753976.433,14541794.368,0.000000000,3.116807222,0.654334247,-4.336177349
675,13499.990,1786879753996.435,14541814.370,0.000000000,0.959836125,0.932290435,-3.232962608
676,13519.988,1786879754016.433,14541834.368,0.000000000,2.707400084,2.019500732,-1.539440393
677,13539.988,1786879754036.433,14541854.368,0.000000000,0.485245019,1.294471025,0.142808750
678,13559.985,1786879754056.430,14541874.366,0.000000000,2.266222000,1.306436896,0.912571728
679,13579.988,1786879754076.433,14541894.368,0.000000000,0.443761975,0.759259343,1.406158686
680,13599.986,1786879754096.431,14541914.366,0.000000000,-0.622692883,1.019393921,1.531851530
681,13619.988,1786879754116.433,14541934.368,0.000000000,-0.054449037,0.831229627,0.209877819
682,13639.987,1786879754136.432,14541954.367,0.000000000,-0.045044623,0.398369640,-2.017380953
683,13659.984,1786879754156.429,14541974.364,0.000000000,1.713677049,-1.790443778,-7.464107990
684,13679.989,1786879754176.435,14541994.370,0.000000000,2.683468819,0.706120074,-5.097444057
685,13699.985,1786879754196.430,14542014.366,0.000000000,-0.365674019,0.920633972,-2.028727293
686,13719.990,1786879754216.436,14542034.371,0.000000000,-4.260226250,1.521533489,-5.673856735
687,13739.990,1786879754236.435,14542054.370,0.000000000,-5.604420185,3.789677620,-7.052220345
688,13759.990,1786879754256.436,14542074.371,0.000000000,-1.853138924,5.576910019,2.245721340
689,13779.990,1786879754276.436,14542094.371,0.000000000,0.211482123,-1.916474581,8.731050491
690,13799.987,1786879754296.432,14542114.367,0.000000000,-0.361637950,-3.816414356,9.127847672
691,13819.990,1786879754316.435,14542134.370,0.000000000,1.282157421,-0.306831986,7.993145466
692,13839.988,1786879754336.433,14542154.368,0.000000000,1.541582108,1.272233129,4.957071781
693,13859.989,1786879754356.434,14542174.369,0.000000000,0.908032596,1.832072496,2.725681782
694,13879.988,1786879754376.433,14542194.368,0.000000000,0.096754469,1.858217835,1.220923424
695,13899.985,1786879754396.430,14542214.365,0.000000000,-1.813766241,-0.440178782,-2.443698645
696,13919.989,1786879754416.434,14542234.369,0.000000000,0.354867339,-5.114603996,-6.598065376
697,13939.990,1786879754436.435,14542254.370,0.000000000,2.820935965,0.198789611,-0.332143396
698,13959.989,1786879754456.434,14542274.369,0.000000000,-2.434328556,0.401872396,-0.286358863
699,13979.989,1786879754476.434,14542294.369,0.000000000,-4.895535946,4.568972588,-8.003531456
700,13999.986,1786879754496.431,14542314.366,0.000000000,-6.982750893,7.167129993,-12.498774529
701,14019.988,1786879754516.434,14542334.368,0.000000000,-0.878616333,4.410363197,-1.144933462
702,14039.988,1786879754536.433,14542354.368,0.000000000,-0.402924508,0.501653373,6.244294643
703,14059.986,1786879754556.431,14542374.366,0.000000000,0.346557856,-2.564865589,7.634994030
704,14079.987,1786879754576.432,14542394.367,0.000000000,0.956000030,-2.386950016,8.792571068
705,14099.989,1786879754596.434,14542414.369,0.000000000,0.879734337,1.127637267,6.697741032
706,14119.989,1786879754616.434,14542434.369,0.000000000,0.579584002,4.237918377,1.510565162
707,14139.989,1786879754636.434,14542454.369,0.000000000,0.677209198,2.542956114,-0.614381135
708,14159.991,1786879754656.436,14542474.371,0.000000000,-0.306242287,-0.063886434,-11.381376266
709,14179.990,1786879754676.435,14542494.370,0.000000000,-5.895205021,-5.900983810,3.613348484
710,14199.990,1786879754696.435,14542514.370,0.000000000,-4.280092239,-2.263085365,6.019602299
711,14219.989,1786879754716.435,14542534.370,0.000000000,-4.485333443,1.835940361,0.645971060
712,14239.990,1786879754736.435,14542554.370,0.000000000,1.570248246,7.655029297,-11.238340378
713,14259.992,1786879754756.438,14542574.373,0.000000000,-7.607370853,7.296759129,-16.466781616
714,14279.991,1786879754776.436,14542594.371,0.000000000,-8.641780853,12.994842529,-7.612329006
715,14299.990,1786879754796.436,14542614.371,0.000000000,0.834057391,-6.253492355,9.837752342
716,14319.991,1786879754816.436,14542634.371,0.000000000,2.741801023,-9.894093513,12.522253036
717,14339.992,1786879754836.438,14542654.372,0.000000000,3.551371336,-4.006885529,10.229066849
718,14359.994,1786879754856.439,14542674.374,0.000000000,1.351513505,-0.286142707,7.818950176
719,14379.994,1786879754876.439,14542694.374,0.000000000,1.611558318,4.426913261,1.521413445
720,14399.991,1786879754896.436,14542714.371,0.000000000,0.191992640,2.383987188,-0.608438134
721,14419.994,1786879754916.439,14542734.374,0.000000000,0.451037079,-0.788207173,-18.315626144
722,14439.993,1786879754936.438,14542754.373,0.000000000,-14.394404411,-3.183872461,7.146525860
723,14459.993,1786879754956.438,14542774.373,0.000000000,-8.500157356,2.537594080,8.193909645
724,14479.989,1786879754976.434,14542794.369,0.000000000,16.213357925,8.591231346,-7.365376472
725,14499.990,1786879754996.435,14542814.370,0.000000000,-9.521413803,0.557181716,-14.458310127
726,14519.991,1786879755016.436,14542834.371,0.000000000,-16.103933334,-4.686859608,-10.746847153
727,14539.990,1786879755036.435,14542854.370,0.000000000,-18.492286682,2.224073648,-11.640167236
728,14559.989,1786879755056.435,14542874.370,0.000000000,-1.050737500,3.146566391,-1.655558825
729,14579.991,1786879755076.437,14542894.372,0.000000000,11.500475883,17.525836945,9.474553108
730,14599.990,1786879755096.435,14542914.370,0.000000000,7.432721138,5.470162392,15.798521996
731,14619.989,1786879755116.434,14542934.369,0.000000000,3.789873123,3.883026838,13.622689247
732,14640.013,1786879755136.458,14542954.393,0.000000000,-2.068300724,1.068963289,4.282180786
733,14660.004,1786879755156.450,14542974.385,0.000000000,8.350624084,-5.975371838,-8.470921516
734,14680.006,1786879755176.451,14542994.387,0.000000000,2.945996284,0.106477708,1.018836975
735,14700.010,1786879755196.455,14543014.390,0.000000000,-2.929396868,19.835304260,-9.625243187
736,14720.003,1786879755216.448,14543034.383,0.000000000,-7.520982265,5.627964020,-0.295731723
737,14740.003,1786879755236.448,14543054.383,0.000000000,-6.258369923,-3.095345974,-5.943421364
738,14760.003,1786879755256.448,14543074.383,0.000000000,-0.826316953,-1.965441108,-1.199691892
739,14780.007,1786879755276.452,14543094.387,0.000000000,20.750297546,-12.079913139,108.494064331
740,14800.005,1786879755296.450,14543114.385,0.000000000,16.259675980,-24.865911484,7.006279945
741,14820.002,1786879755316.447,14543134.382,0.000000000,20.833311081,-3.543027163,-2.247900248
742,14840.002,1786879755336.448,14543154.383,0.000000000,14.529327393,9.997644424,-16.476703644
743,14859.997,1786879755356.443,14543174.378,0.000000000,9.384505272,6.614391327,-15.045588493
744,14880.003,1786879755376.448,14543194.383,0.000000000,2.716449976,-16.401180267,15.577952385
745,14900.005,1786879755396.450,14543214.385,0.000000000,5.123574257,-1.629379272,-9.639408112
746,14919.995,1786879755416.440,14543234.376,0.000000000,-5.747539520,-33.525886536,10.372012138
747,14940.006,1786879755436.451,14543254.386,0.000000000,4.833456516,4.494353294,-7.846131325
748,14960.010,1786879755456.455,14543274.390,0.000000000,7.604157925,4.440652847,-9.950930595
749,14980.004,1786879755476.449,14543294.384,0.000000000,3.053558826,-11.959561348,0.128397807
750,15000.002,1786879755496.447,14543314.382,0.000000000,2.469863415,-14.358571053,2.171842337
751,15020.004,1786879755516.449,14543334.384,0.000000000,1.223168373,-6.124714375,-6.487350941
752,15040.004,1786879755536.449,14543354.384,0.000000000,-0.183040768,-3.502028704,-5.535093307
753,15059.998,1786879755556.443,14543374.378,0.000000000,-2.057802439,-2.583852768,-4.996622086
754,15080.001,1786879755576.447,14543394.382,0.000000000,-2.940002680,-1.623731375,-4.316359997
755,15099.998,1786879755596.443,14543414.378,0.000000000,1.826892972,0.503244281,-2.070986509
756,15119.999,1786879755616.444,14543434.379,0.000000000,-0.896616459,2.072112799,-11.160100937
757,15140.001,1786879755636.446,14543454.381,0.000000000,3.816934109,-1.288360119,1.830331564
758,15160.007,1786879755656.452,14543474.387,0.000000000,-1.407832742,1.873551607,3.109247684
759,15180.001,1786879755676.447,14543494.382,0.000000000,-4.201576710,8.458353996,5.479397774
760,15199.995,1786879755696.440,14543514.375,0.000000000,-3.183842659,8.242671013,2.354648590
761,15220.038,1786879755716.483,14543534.419,0.000000000,-22.888841629,-8.476441383,-3.179745436
762,15240.044,1786879755736.489,14543554.424,0.000000000,-6.162029266,-7.561126232,-4.341601849
763,15260.040,1786879755756.486,14543574.421,0.000000000,5.212342262,-7.753356934,-16.347627640
764,15280.039,1786879755776.484,14543594.419,0.000000000,20.265335083,-4.303628445,-8.425353050
765,15300.040,1786879755796.485,14543614.420,0.000000000,9.925443649,7.467430592,-1.505605936
766,15320.046,1786879755816.491,14543634.426,0.000000000,7.302799702,17.165679932,-0.293247104
767,15339.995,1786879755836.440,14543654.375,0.000000000,-2.605033159,17.351902008,-5.134266853
768,15359.992,1786879755856.437,14543674.372,0.000000000,3.205241680,11.545756340,0.616353810
769,15379.989,1786879755876.435,14543694.370,0.000000000,9.489870071,5.672746658,8.696454048
770,15399.987,1786879755896.432,14543714.367,0.000000000,7.395013809,3.604272127,11.394709587
771,15419.990,1786879755916.435,14543734.370,0.000000000,1.052433848,0.525632501,7.838948250
772,15439.988,1786879755936.433,14543754.368,0.000000000,-2.381524801,1.044849038,3.713129520
