index,time_ms,time_realtime_ms,time_monotonic_ms,ros_timestamp,torso_wx,torso_wy,torso_wz
0,0.000,1786879740496.445,14528314.380,0.000000000,0.283930987,-0.676678479,0.199500084
1,19.991,1786879740516.436,14528334.371,0.000000000,0.501505017,-1.807478666,0.446947485
2,39.988,1786879740536.433,14528354.368,0.000000000,0.349643499,-1.955579042,0.952733457
3,59.988,1786879740556.433,14528374.368,0.000000000,-0.001936528,-2.588695526,1.462512016
4,79.991,1786879740576.436,14528394.371,0.000000000,0.334335208,-3.138483047,1.458346486
5,99.992,1786879740596.437,14528414.372,0.000000000,1.438288212,-2.831811905,0.635838091
6,119.994,1786879740616.439,14528434.374,0.000000000,2.191289186,-1.985333443,-0.558256924
7,139.991,1786879740636.436,14528454.371,0.000000000,2.161616802,-0.957659602,-1.566664219
8,159.991,1786879740656.436,14528474.372,0.000000000,1.494184732,-0.157036200,-2.028332472
9,179.990,1786879740676.436,14528494.371,0.000000000,0.118195206,1.053119540,-1.842742920
10,199.991,1786879740696.436,14528514.371,0.000000000,-1.163257241,2.077632189,-1.519949794
11,219.992,1786879740716.438,14528534.372,0.000000000,-1.492746830,2.014592886,-0.578727841
12,239.993,1786879740736.438,14528554.373,0.000000000,-1.331161737,1.266276598,0.805593491
13,259.993,1786879740756.438,14528574.373,0.000000000,-0.906532764,0.617272079,1.673410296
14,279.990,1786879740776.436,14528594.371,0.000000000,-0.015368267,-0.061881099,1.863933802
15,299.992,1786879740796.437,14528614.372,0.000000000,0.722274423,-0.228524610,1.496502399
16,319.991,1786879740816.437,14528634.372,0.000000000,1.211690426,-0.172905847,0.624567270
17,339.995,1786879740836.440,14528654.375,0.000000000,1.499204397,-0.297022074,-0.462220222
18,359.996,1786879740856.441,14528674.376,0.000000000,1.274071336,-0.373228550,-0.948340237
19,379.996,1786879740876.441,14528694.376,0.000000000,0.481610775,-0.442225844,-0.493776470
20,399.997,1786879740896.442,14528714.377,0.000000000,-0.210400641,-0.084117129,0.347444087
21,419.998,1786879740916.443,14528734.378,0.000000000,-0.668767393,0.203647077,0.693120837
22,439.996,1786879740936.441,14528754.376,0.000000000,-0.740421772,0.119462453,0.528717518
23,459.995,1786879740956.440,14528774.375,0.000000000,-0.404216498,-0.170122951,-0.236366332
24,479.996,1786879740976.441,14528794.376,0.000000000,-0.015505850,-0.150185868,-1.131550431
25,499.993,1786879740996.438,14528814.373,0.000000000,0.055859752,-0.050783735,-1.521610260
26,519.995,1786879741016.441,14528834.376,0.000000000,0.118511610,0.092032582,-1.256444573
27,539.999,1786879741036.444,14528854.379,0.000000000,0.294607043,0.159440160,-0.768672466
28,559.996,1786879741056.441,14528874.376,0.000000000,0.544695556,0.113456480,-0.459919721
29,579.995,1786879741076.440,14528894.375,0.000000000,0.731773674,0.012023390,-0.296673745
30,599.995,1786879741096.440,14528914.375,0.000000000,0.662869513,-0.220659688,-0.010721906
31,619.990,1786879741116.435,14528934.370,0.000000000,0.492921829,-0.019148221,0.323714525
32,639.990,1786879741136.435,14528954.370,0.000000000,0.336731553,0.224831760,0.527793407
33,659.991,1786879741156.436,14528974.371,0.000000000,0.198789656,0.312614799,0.632854402
34,679.992,1786879741176.437,14528994.372,0.000000000,-0.010918566,0.234836340,0.671545088
35,699.999,1786879741196.444,14529014.379,0.000000000,-0.225666046,0.114560716,0.666164815
36,720.000,1786879741216.445,14529034.380,0.000000000,-0.397343785,0.066296168,0.733727276
37,739.998,1786879741236.444,14529054.378,0.000000000,-0.504675806,0.150819317,0.750744522
38,759.996,1786879741256.441,14529074.376,0.000000000,-0.529162705,0.198557034,0.601947069
39,779.997,1786879741276.442,14529094.377,0.000000000,-0.193062291,0.250664651,0.130927458
40,799.997,1786879741296.442,14529114.377,0.000000000,0.353978604,0.441596419,-0.566108465
41,819.996,1786879741316.441,14529134.376,0.000000000,0.610838056,0.406233668,-0.882972598
42,839.996,1786879741336.441,14529154.376,0.000000000,0.546728909,0.058066014,-0.766795158
43,859.996,1786879741356.441,14529174.376,0.000000000,0.460802495,0.000672162,-0.149469659
44,879.995,1786879741376.440,14529194.375,0.000000000,0.164940223,0.091190517,0.304802418
45,900.000,1786879741396.445,14529214.380,0.000000000,0.003903082,0.202048272,0.476637930
46,920.009,1786879741416.454,14529234.389,0.000000000,-0.174934700,0.265403569,0.585151255
47,939.994,1786879741436.439,14529254.374,0.000000000,-0.299831986,0.327407449,0.583197534
48,959.994,1786879741456.439,14529274.375,0.000000000,-0.400584757,0.333537430,0.603328824
49,979.995,1786879741476.440,14529294.375,0.000000000,-0.517834604,0.298325539,0.693600774
50,999.998,1786879741496.443,14529314.378,0.000000000,-0.688334286,0.263875663,0.730325639
51,1019.996,1786879741516.441,14529334.376,0.000000000,-0.822286308,0.173240900,0.593236029
52,1039.995,1786879741536.440,14529354.375,0.000000000,-0.770191848,0.067084476,0.414739102
53,1059.995,1786879741556.440,14529374.375,0.000000000,-0.552796364,0.035047710,0.222753495
54,1079.995,1786879741576.440,14529394.375,0.000000000,-0.330852419,0.029728293,0.063549161
55,1099.999,1786879741596.444,14529414.379,0.000000000,-0.153907090,0.044941783,-0.030854505
56,1119.996,1786879741616.441,14529434.376,0.000000000,-0.056064870,0.040051412,-0.076349087
57,1139.995,1786879741636.441,14529454.376,0.000000000,0.012682515,0.047669746,-0.110731408
58,1159.998,1786879741656.443,14529474.378,0.000000000,0.018805698,0.037210785,-0.090205990
59,1179.996,1786879741676.441,14529494.376,0.000000000,-0.059375472,-0.005021910,0.025313130
60,1199.996,1786879741696.441,14529514.376,0.000000000,-0.216537043,0.115075685,0.344559968
61,1219.996,1786879741716.441,14529534.376,0.000000000,-0.294625700,0.217099234,0.612584114
62,1239.995,1786879741736.440,14529554.376,0.000000000,-0.288779408,0.187107921,0.739638388
63,1259.994,1786879741756.439,14529574.374,0.000000000,-0.287854254,0.056307320,0.672358036
64,1279.998,1786879741776.444,14529594.378,0.000000000,-0.609852076,0.128978685,0.360941708
65,1299.993,1786879741796.438,14529614.373,0.000000000,-0.636011481,0.141540065,0.129456922
66,1319.992,1786879741816.437,14529634.372,0.000000000,-0.330115497,0.216320902,-0.014700610
67,1339.991,1786879741836.436,14529654.371,0.000000000,0.137199655,0.322783858,-0.212476522
68,1359.988,1786879741856.433,14529674.368,0.000000000,0.496889979,0.360502511,-0.432727218
69,1379.993,1786879741876.438,14529694.373,0.000000000,0.877794921,0.390733629,-0.655962765
70,1399.996,1786879741896.441,14529714.376,0.000000000,1.025608778,0.349563897,-0.737746537
71,1419.995,1786879741916.440,14529734.375,0.000000000,0.922870994,0.304927468,-0.646457314
72,1439.995,1786879741936.440,14529754.375,0.000000000,0.651578009,0.177253082,-0.545891225
73,1459.992,1786879741956.438,14529774.373,0.000000000,0.297918826,0.022604065,-0.494001657
74,1479.991,1786879741976.436,14529794.371,0.000000000,-0.028779935,-0.131284609,-0.435937524
75,1499.992,1786879741996.437,14529814.372,0.000000000,-0.261986405,-0.203707814,-0.423447996
76,1519.991,1786879742016.436,14529834.371,0.000000000,-0.374003887,-0.220019266,-0.386550605
77,1539.997,1786879742036.443,14529854.377,0.000000000,-0.348894060,-0.182154804,-0.297912061
78,1559.995,1786879742056.440,14529874.375,0.000000000,-0.252625674,-0.158834636,-0.208001211
79,1579.994,1786879742076.440,14529894.375,0.000000000,-0.132947117,-0.122790448,-0.141554937
80,1599.995,1786879742096.440,14529914.376,0.000000000,-0.036321271,-0.068650611,-0.110372685
81,1619.994,1786879742116.439,14529934.374,0.000000000,0.007602631,-0.018403994,-0.088428922
82,1639.996,1786879742136.441,14529954.376,0.000000000,0.030484112,0.086411268,-0.070154399
83,1659.993,1786879742156.438,14529974.373,0.000000000,0.014846602,0.169377238,-0.020849260
84,1679.995,1786879742176.440,14529994.375,0.000000000,-0.031697374,0.233980000,0.047094215
85,1699.994,1786879742196.439,14530014.374,0.000000000,-0.087457500,0.285033494,0.111749053
86,1719.992,1786879742216.438,14530034.373,0.000000000,-0.130181506,0.306260705,0.161049888
87,1739.994,1786879742236.439,14530054.374,0.000000000,-0.159900814,0.306739450,0.180018440
88,1759.991,1786879742256.437,14530074.372,0.000000000,-0.166630030,0.267849088,0.168697700
89,1779.990,1786879742276.435,14530094.370,0.000000000,-0.149582773,0.175225809,0.126139969
90,1799.996,1786879742296.442,14530114.377,0.000000000,-0.090996660,0.072895713,0.020227954
91,1819.996,1786879742316.441,14530134.377,0.000000000,0.156633049,0.062816881,-0.257121086
92,1839.999,1786879742336.444,14530154.379,0.000000000,0.453085721,0.119184442,-0.537498891
93,1859.996,1786879742356.441,14530174.376,0.000000000,0.664533257,0.005025485,-0.601568341
94,1879.992,1786879742376.438,14530194.372,0.000000000,0.675927162,-0.065789670,-0.438049734
95,1899.994,1786879742396.439,14530214.374,0.000000000,0.504019856,0.095282480,-0.121651597
96,1919.993,1786879742416.438,14530234.373,0.000000000,0.289457977,0.241373122,0.114995427
97,1939.990,1786879742436.435,14530254.370,0.000000000,0.061904419,0.236360207,0.210321978
98,1959.992,1786879742456.438,14530274.373,0.000000000,-0.168951020,0.119579054,0.213423684
99,1979.992,1786879742476.438,14530294.372,0.000000000,-0.352807134,-0.019266844,0.195846796
100,1999.993,1786879742496.438,14530314.373,0.000000000,-0.487956226,-0.130978733,0.190735340
101,2019.989,1786879742516.434,14530334.369,0.000000000,-0.554276347,-0.145898134,0.219846681
102,2039.990,1786879742536.436,14530354.371,0.000000000,-0.535783947,-0.116958588,0.256023675
103,2059.990,1786879742556.436,14530374.371,0.000000000,-0.453144163,-0.142502889,0.269058347
104,2079.996,1786879742576.441,14530394.376,0.000000000,-0.330023289,-0.165849984,0.253139496
105,2099.998,1786879742596.444,14530414.378,0.000000000,-0.214189097,-0.164555252,0.229204878
106,2119.997,1786879742616.442,14530434.377,0.000000000,-0.141748801,-0.177452117,0.195174292
107,2139.995,1786879742636.440,14530454.375,0.000000000,-0.059002709,-0.169978827,0.101421170
108,2159.995,1786879742656.440,14530474.375,0.000000000,0.103711165,-0.117778614,-0.094758607
109,2179.995,1786879742676.440,14530494.376,0.000000000,0.414093196,0.111606516,-0.443870932
110,2199.994,1786879742696.439,14530514.374,0.000000000,0.715136826,0.288497955,-0.645077348
111,2219.994,1786879742716.439,14530534.374,0.000000000,0.805491030,0.275898516,-0.530925453
112,2239.993,1786879742736.439,14530554.374,0.000000000,0.706859112,0.498023808,-0.251990497
113,2259.994,1786879742756.439,14530574.374,0.000000000,0.437826902,0.526955009,0.030142583
114,2279.992,1786879742776.437,14530594.372,0.000000000,0.029754244,0.291305900,0.271653354
115,2299.995,1786879742796.440,14530614.375,0.000000000,-0.260231555,0.118008457,0.468874335
116,2319.991,1786879742816.436,14530634.371,0.000000000,-0.466281295,-0.124852426,0.574074388
117,2339.989,1786879742836.434,14530654.369,0.000000000,-0.578141630,-0.335263610,0.623964310
118,2359.992,1786879742856.437,14530674.372,0.000000000,-0.588628352,-0.571400404,0.475805640
119,2379.992,1786879742876.437,14530694.372,0.000000000,-0.874239206,-0.546341896,0.232960448
120,2399.992,1786879742896.437,14530714.372,0.000000000,-0.882016420,-0.467081606,0.079340219
121,2419.996,1786879742916.441,14530734.376,0.000000000,-0.569360018,-0.291715920,0.019151656
122,2439.997,1786879742936.442,14530754.377,0.000000000,-0.048953857,-0.133732095,-0.117497019
123,2459.994,1786879742956.439,14530774.374,0.000000000,0.527330339,0.042118967,-0.416868478
124,2479.994,1786879742976.439,14530794.374,0.000000000,0.974947572,0.146928057,-0.727286279
125,2499.992,1786879742996.438,14530814.372,0.000000000,1.001639366,0.083917685,-0.780837595
126,2519.998,1786879743016.443,14530834.378,0.000000000,0.905140400,0.121556059,-0.619607747
127,2539.996,1786879743036.441,14530854.376,0.000000000,0.691721201,0.130708277,-0.423848093
128,2559.994,1786879743056.440,14530874.375,0.000000000,0.404355884,0.084253572,-0.245649457
129,2579.995,1786879743076.440,14530894.375,0.000000000,0.225401148,0.013445104,-0.138430044
130,2599.995,1786879743096.440,14530914.375,0.000000000,0.062361106,-0.086474150,-0.041335654
131,2619.993,1786879743116.439,14530934.374,0.000000000,-0.044598687,-0.109105900,0.037128199
132,2639.992,1786879743136.437,14530954.372,0.000000000,-0.113262646,-0.080018580,0.074293949
133,2659.993,1786879743156.438,14530974.373,0.000000000,-0.149900600,-0.071824826,0.081022426
134,2679.991,1786879743176.436,14530994.371,0.000000000,-0.153886706,-0.053124931,0.091766760
135,2699.991,1786879743196.436,14531014.371,0.000000000,-0.131765917,-0.036343567,0.084628448
136,2719.989,1786879743216.434,14531034.369,0.000000000,-0.095311441,-0.009093996,0.063947119
137,2739.989,1786879743236.434,14531054.369,0.000000000,-0.064713836,0.025317362,0.043140750
138,2759.996,1786879743256.441,14531074.376,0.000000000,-0.045494054,0.062740408,0.027656270
139,2779.993,1786879743276.438,14531094.373,0.000000000,-0.030828156,0.105960235,0.014796530
140,2799.993,1786879743296.439,14531114.374,0.000000000,-0.013824044,0.139011681,0.002803590
141,2819.992,1786879743316.437,14531134.372,0.000000000,0.000058241,0.156692296,-0.005693792
142,2839.994,1786879743336.439,14531154.374,0.000000000,0.016847216,0.173576206,-0.012435587
143,2859.994,1786879743356.439,14531174.374,0.000000000,0.030854721,0.180440366,-0.015273863
144,2880.000,1786879743376.445,14531194.380,0.000000000,0.041527178,0.171185970,-0.017224580
145,2899.996,1786879743396.441,14531214.376,0.000000000,0.045037717,0.156805530,-0.019035025
146,2919.995,1786879743416.440,14531234.375,0.000000000,0.046275254,0.140708610,-0.017780788
147,2939.991,1786879743436.437,14531254.372,0.000000000,0.045583945,0.120567411,-0.021666842
148,2959.991,1786879743456.436,14531274.371,0.000000000,0.044140089,0.112411961,-0.025387673
149,2979.990,1786879743476.435,14531294.370,0.000000000,0.034817729,0.103355490,-0.027236259
150,2999.992,1786879743496.438,14531314.372,0.000000000,0.013814298,0.103015915,-0.019666981
151,3019.985,1786879743516.431,14531334.366,0.000000000,-0.014430755,0.101846941,-0.005347903
152,3039.990,1786879743536.435,14531354.370,0.000000000,-0.045875899,0.101223581,0.017457180
153,3059.987,1786879743556.433,14531374.367,0.000000000,-0.069601744,0.101703651,0.043814853
154,3079.996,1786879743576.441,14531394.376,0.000000000,-0.108305722,0.096061207,0.092110716
155,3099.994,1786879743596.439,14531414.374,0.000000000,-0.151754096,0.070394725,0.123999536
156,3119.994,1786879743616.439,14531434.374,0.000000000,-0.192030847,0.034157138,0.134789899
157,3139.994,1786879743636.439,14531454.375,0.000000000,-0.206807286,-0.031584676,0.061946534
158,3159.992,1786879743656.437,14531474.372,0.000000000,-0.002858451,-0.008424934,-0.252416521
159,3179.992,1786879743676.438,14531494.373,0.000000000,0.422609091,0.155067399,-0.806749403
160,3199.992,1786879743696.437,14531514.372,0.000000000,0.716216743,0.326749891,-0.907763958
161,3219.993,1786879743716.438,14531534.373,0.000000000,0.776688337,0.035224486,-0.706271827
162,3239.990,1786879743736.435,14531554.370,0.000000000,0.570592344,-0.077135578,-0.191626385
163,3259.988,1786879743756.433,14531574.368,0.000000000,0.248196185,-0.008854493,0.216911703
164,3279.991,1786879743776.436,14531594.371,0.000000000,-0.071385950,-0.021977460,0.485475302
165,3299.992,1786879743796.437,14531614.372,0.000000000,-0.378185570,-0.041991882,0.662004828
166,3319.988,1786879743816.433,14531634.368,0.000000000,-0.560668468,-0.061300438,0.790409088
167,3339.993,1786879743836.438,14531654.373,0.000000000,-0.763448894,-0.098908350,0.862953722
168,3359.992,1786879743856.438,14531674.373,0.000000000,-0.878787398,-0.251638442,0.840202689
169,3379.996,1786879743876.441,14531694.377,0.000000000,-0.826546967,-0.386213988,0.709761322
170,3399.993,1786879743896.439,14531714.374,0.000000000,-0.751378000,-0.515958488,0.350523174
171,3419.993,1786879743916.438,14531734.373,0.000000000,-0.696211755,-0.469705224,0.010539280
172,3439.989,1786879743936.434,14531754.369,0.000000000,-0.261972368,-0.214122340,-0.219651356
173,3459.989,1786879743956.434,14531774.369,0.000000000,0.264451236,-0.129492059,-0.399092406
174,3479.991,1786879743976.436,14531794.371,0.000000000,0.643240929,-0.282047898,-0.525382698
175,3499.990,1786879743996.435,14531814.370,0.000000000,0.549524367,-0.418974191,-0.386382371
176,3519.989,1786879744016.434,14531834.369,0.000000000,0.419241935,-0.231134489,-0.201209962
177,3539.995,1786879744036.440,14531854.375,0.000000000,0.339740932,-0.046558134,-0.114888698
178,3559.994,1786879744056.439,14531874.374,0.000000000,0.244775951,0.117076144,-0.090509266
179,3579.995,1786879744076.440,14531894.375,0.000000000,0.152498811,0.086843692,-0.193796024
180,3599.993,1786879744096.438,14531914.373,0.000000000,0.058471844,-0.023424832,-0.323101759
181,3619.992,1786879744116.438,14531934.372,0.000000000,-0.055543158,-0.172491223,-0.397963226
182,3639.994,1786879744136.439,14531954.374,0.000000000,-0.148533672,-0.224552959,-0.438484162
183,3659.991,1786879744156.436,14531974.371,0.000000000,-0.210911766,-0.223021194,-0.382963896
184,3679.989,1786879744176.434,14531994.369,0.000000000,-0.217506304,-0.221329406,-0.296811461
185,3699.989,1786879744196.435,14532014.370,0.000000000,-0.171351105,-0.158650383,-0.233082488
186,3719.990,1786879744216.435,14532034.370,0.000000000,-0.102903351,-0.078089111,-0.163532138
187,3739.987,1786879744236.433,14532054.368,0.000000000,-0.050889499,0.027010579,-0.090028979
188,3759.990,1786879744256.435,14532074.370,0.000000000,-0.009169004,0.151015937,-0.036956236
189,3779.993,1786879744276.438,14532094.373,0.000000000,0.025608754,0.247312054,-0.008589480
190,3799.993,1786879744296.438,14532114.373,0.000000000,0.046060141,0.309177339,0.005168244
191,3819.992,1786879744316.437,14532134.372,0.000000000,0.068317331,0.373861641,0.015508079
192,3839.994,1786879744336.439,14532154.374,0.000000000,0.079509489,0.386622459,0.004813315
193,3859.994,1786879744356.439,14532174.374,0.000000000,0.074516274,0.371093333,-0.026802314
194,3879.993,1786879744376.438,14532194.373,0.000000000,0.063192710,0.333886057,-0.049506485
195,3899.991,1786879744396.437,14532214.372,0.000000000,0.048554908,0.274680734,-0.059359983
196,3919.993,1786879744416.438,14532234.373,0.000000000,0.031834856,0.202652305,-0.075058527
197,3939.994,1786879744436.439,14532254.374,0.000000000,0.020407412,0.126363277,-0.070130467
198,3959.990,1786879744456.435,14532274.370,0.000000000,0.008443505,0.077484392,-0.046178609
199,3979.989,1786879744476.434,14532294.369,0.000000000,-0.007943437,0.052962590,-0.018147573
200,3999.987,1786879744496.432,14532314.367,0.000000000,-0.025926098,0.032707594,-0.004803149
201,4019.991,1786879744516.437,14532334.372,0.000000000,-0.034493886,0.019884104,-0.019992622
202,4039.988,1786879744536.433,14532354.368,0.000000000,-0.052048493,0.012030942,-0.036682583
203,4059.993,1786879744556.438,14532374.373,0.000000000,-0.080526024,-0.033842195,-0.027047861
204,4079.994,1786879744576.439,14532394.374,0.000000000,-0.172558635,-0.088664569,0.047068767
205,4099.994,1786879744596.439,14532414.374,0.000000000,-0.366718024,-0.047070555,0.294138730
206,4119.996,1786879744616.441,14532434.376,0.000000000,-0.563705325,0.156176761,0.706366718
207,4139.995,1786879744636.440,14532454.375,0.000000000,-0.569330633,0.132768244,0.883325577
208,4159.995,1786879744656.440,14532474.375,0.000000000,-0.404947400,-0.100315243,0.885112822
209,4179.996,1786879744676.441,14532494.376,0.000000000,-0.433016837,-0.173839808,0.621987402
210,4200.008,1786879744696.453,14532514.388,0.000000000,-0.304093212,-0.136778668,0.375181079
211,4219.998,1786879744716.444,14532534.379,0.000000000,-0.004236415,-0.156526461,0.136342317
212,4240.000,1786879744736.445,14532554.380,0.000000000,0.302553713,-0.223623186,0.033530701
213,4260.000,1786879744756.446,14532574.381,0.000000000,0.435116678,-0.269140631,-0.018251415
214,4279.994,1786879744776.439,14532594.374,0.000000000,0.437469512,-0.225853935,-0.117896989
215,4299.997,1786879744796.443,14532614.378,0.000000000,0.504973352,-0.126793355,-0.231372073
216,4319.995,1786879744816.440,14532634.375,0.000000000,0.531925261,-0.055435713,-0.374675870
217,4339.993,1786879744836.438,14532654.373,0.000000000,0.486794204,-0.106139675,-0.532864094
218,4359.994,1786879744856.439,14532674.374,0.000000000,0.362958044,-0.325418323,-0.594774127
219,4379.992,1786879744876.437,14532694.372,0.000000000,0.171710134,-0.515949607,-0.534540236
220,4399.991,1786879744896.437,14532714.372,0.000000000,0.037152600,-0.583085001,-0.428616822
221,4419.997,1786879744916.443,14532734.378,0.000000000,-0.002942286,-0.578836203,-0.267341226
222,4439.997,1786879744936.442,14532754.377,0.000000000,0.029216895,-0.540964425,-0.132637799
223,4459.994,1786879744956.439,14532774.375,0.000000000,0.095925085,-0.540841281,-0.098058760
224,4479.994,1786879744976.439,14532794.374,0.000000000,0.256474555,-0.464975923,-0.132642150
225,4499.995,1786879744996.440,14532814.375,0.000000000,0.516769111,-0.449596018,-0.325218320
226,4519.997,1786879745016.443,14532834.377,0.000000000,0.740076780,-0.010821160,-0.608687639
227,4539.995,1786879745036.440,14532854.375,0.000000000,1.000391126,0.135328948,-0.773434997
228,4559.995,1786879745056.440,14532874.375,0.000000000,1.226154804,0.066020250,-0.861693919
229,4579.995,1786879745076.440,14532894.375,0.000000000,1.203661680,0.063830920,-0.783334792
230,4599.994,1786879745096.439,14532914.374,0.000000000,1.188295960,0.095413879,-0.438295633
231,4619.989,1786879745116.434,14532934.369,0.000000000,0.987036884,0.166376859,0.071390718
232,4639.992,1786879745136.437,14532954.372,0.000000000,0.804585755,0.229768887,0.406067342
233,4659.991,1786879745156.436,14532974.371,0.000000000,0.584027112,0.165337920,0.481588095
234,4679.989,1786879745176.434,14532994.369,0.000000000,0.388531059,-0.000086805,0.404561430
235,4699.990,1786879745196.435,14533014.370,0.000000000,0.242086112,-0.175388381,0.306744307
236,4719.991,1786879745216.436,14533034.371,0.000000000,0.162418723,-0.279648274,0.240255609
237,4739.989,1786879745236.435,14533054.370,0.000000000,0.070437372,-0.330469877,0.196387827
238,4759.992,1786879745256.437,14533074.372,0.000000000,-0.018963093,-0.327617079,0.192154363
239,4779.989,1786879745276.434,14533094.369,0.000000000,-0.076938070,-0.339109838,0.181142434
240,4799.990,1786879745296.435,14533114.370,0.000000000,-0.085373200,-0.331977189,0.145760298
241,4819.989,1786879745316.434,14533134.369,0.000000000,-0.085301444,-0.298194110,0.134472176
242,4839.988,1786879745336.433,14533154.368,0.000000000,-0.071883284,-0.246866450,0.132882312
243,4859.989,1786879745356.434,14533174.369,0.000000000,-0.076068036,-0.176926851,0.116603360
244,4879.990,1786879745376.435,14533194.370,0.000000000,-0.089633487,-0.179892704,0.030043516
245,4899.987,1786879745396.432,14533214.367,0.000000000,-0.109572910,-0.187455907,-0.058231734
246,4919.986,1786879745416.432,14533234.366,0.000000000,-0.139220193,-0.235055596,-0.140010327
247,4939.987,1786879745436.433,14533254.367,0.000000000,-0.125961915,-0.312648267,-0.211909905
248,4959.989,1786879745456.434,14533274.369,0.000000000,-0.110149041,-0.442665130,-0.208429947
249,4979.985,1786879745476.430,14533294.365,0.000000000,-0.121152565,-0.530933380,-0.197848767
250,4999.988,1786879745496.433,14533314.368,0.000000000,-0.093630880,-0.612450004,-0.265414029
251,5019.987,1786879745516.432,14533334.367,0.000000000,-0.063434646,-0.663924158,-0.360107273
252,5039.993,1786879745536.439,14533354.374,0.000000000,-0.054990117,-0.767711103,-0.489713579
253,5059.988,1786879745556.434,14533374.368,0.000000000,-0.078491144,-0.785863698,-0.635500252
254,5079.990,1786879745576.435,14533394.370,0.000000000,-0.083811387,-0.890616834,-0.746599019
255,5099.988,1786879745596.433,14533414.368,0.000000000,-0.072023205,-0.953949213,-0.847745538
256,5119.993,1786879745616.438,14533434.373,0.000000000,-0.107683182,-0.949947178,-1.044724464
257,5139.990,1786879745636.435,14533454.370,0.000000000,-0.096669309,-0.976468742,-1.321052432
258,5159.990,1786879745656.435,14533474.370,0.000000000,-0.011064953,-1.376676440,-1.498575091
259,5179.989,1786879745676.434,14533494.369,0.000000000,-0.014970151,-1.659252882,-1.624992847
260,5199.986,1786879745696.431,14533514.366,0.000000000,-0.229841158,-1.561777592,-1.704249620
261,5219.987,1786879745716.433,14533534.367,0.000000000,-0.288459927,-1.342726231,-1.623145103
262,5239.987,1786879745736.432,14533554.367,0.000000000,-0.279565245,-1.179226518,-1.455832005
263,5259.987,1786879745756.432,14533574.367,0.000000000,-0.265404731,-1.070666671,-1.157780647
264,5279.987,1786879745776.432,14533594.367,0.000000000,-0.278135478,-1.011270761,-0.632713079
265,5299.988,1786879745796.433,14533614.368,0.000000000,-0.329979479,-0.993128598,0.072398856
266,5319.987,1786879745816.433,14533634.367,0.000000000,-0.078795493,-1.010620356,0.592573822
267,5339.986,1786879745836.431,14533654.366,0.000000000,0.328283846,-1.292010307,0.590842426
268,5359.986,1786879745856.432,14533674.367,0.000000000,0.670878887,-1.336785913,0.536784351
269,5379.987,1786879745876.433,14533694.368,0.000000000,0.183536351,-1.376936436,0.743192017
270,5399.992,1786879745896.437,14533714.372,0.000000000,-0.795995951,-1.188416362,1.059938669
271,5419.990,1786879745916.436,14533734.371,0.000000000,-1.777581811,-1.066205502,0.896800280
272,5439.989,1786879745936.434,14533754.369,0.000000000,-2.366791487,-1.154066801,0.809634924
273,5459.989,1786879745956.434,14533774.369,0.000000000,-2.746220589,-1.639532685,1.088386416
274,5479.989,1786879745976.434,14533794.369,0.000000000,-3.082525492,-2.035074949,1.457351327
275,5499.989,1786879745996.434,14533814.369,0.000000000,-3.750810146,-2.348070860,2.135545015
276,5519.986,1786879746016.431,14533834.366,0.000000000,-0.518864870,-2.185804605,0.017798945
277,5539.989,1786879746036.434,14533854.369,0.000000000,-1.319771171,-1.582663894,1.524133563
278,5559.987,1786879746056.432,14533874.367,0.000000000,-0.458028913,1.078244448,2.196434259
279,5579.988,1786879746076.433,14533894.368,0.000000000,-0.943349540,4.058393478,4.196029663
280,5599.988,1786879746096.433,14533914.368,0.000000000,-1.034881711,5.168663025,3.964352608
281,5619.988,1786879746116.433,14533934.368,0.000000000,-0.310085088,4.666613579,1.757226706
282,5639.991,1786879746136.436,14533954.371,0.000000000,0.310503423,3.550325632,-0.827637553
283,5659.987,1786879746156.432,14533974.367,0.000000000,0.132107854,2.191962719,-2.171287775
284,5679.988,1786879746176.433,14533994.368,0.000000000,0.046353150,1.542027593,-2.515941381
285,5699.984,1786879746196.429,14534014.364,0.000000000,-0.307540268,1.023234844,-2.093197346
286,5719.986,1786879746216.431,14534034.366,0.000000000,-1.767200589,-0.189549834,-1.252699494
287,5739.987,1786879746236.432,14534054.367,0.000000000,-3.609776735,-1.013581038,-0.216430873
288,5759.990,1786879746256.435,14534074.370,0.000000000,-4.625564575,-1.062205434,0.184706390
289,5779.991,1786879746276.436,14534094.371,0.000000000,-4.794970036,-0.627762377,0.278606683
290,5799.991,1786879746296.436,14534114.371,0.000000000,-4.318406105,-0.289279699,0.180528030
291,5819.991,1786879746316.436,14534134.371,0.000000000,-3.954565287,-0.346413076,0.266809553
292,5839.992,1786879746336.437,14534154.372,0.000000000,-3.988159657,-0.527737916,0.690209448
293,5859.989,1786879746356.435,14534174.370,0.000000000,-4.204636097,-0.626378059,0.904211879
294,5879.992,1786879746376.437,14534194.372,0.000000000,-3.281487465,-0.765720963,0.273746908
295,5899.989,1786879746396.434,14534214.369,0.000000000,-1.832413912,-1.024539351,-0.901537657
296,5919.989,1786879746416.434,14534234.369,0.000000000,-1.747506380,-0.616455436,-1.111837983
297,5939.986,1786879746436.431,14534254.366,0.000000000,-1.988847375,0.135643765,-0.442070901
298,5959.990,1786879746456.435,14534274.370,0.000000000,-2.270788431,1.527099609,-0.080700323
299,5979.986,1786879746476.431,14534294.366,0.000000000,-2.380033255,3.238346815,-0.272713363
300,5999.986,1786879746496.431,14534314.366,0.000000000,-1.227588654,3.454801083,1.013185382
301,6019.986,1786879746516.431,14534334.366,0.000000000,-0.255681068,1.381089568,1.588698864
302,6039.984,1786879746536.429,14534354.364,0.000000000,-0.284589320,-0.044707127,0.345280617
303,6059.987,1786879746556.432,14534374.367,0.000000000,-0.472611099,-1.179357409,-0.823091567
304,6079.987,1786879746576.432,14534394.367,0.000000000,-0.567697048,-2.465689421,-1.711083174
305,6099.995,1786879746596.440,14534414.375,0.000000000,-0.849632323,-2.998985291,-2.523489952
306,6119.991,1786879746616.436,14534434.371,0.000000000,-1.760491252,-3.091965199,-3.095715046
307,6139.987,1786879746636.432,14534454.367,0.000000000,-2.025492668,-3.712919235,-2.933768988
308,6159.989,1786879746656.434,14534474.369,0.000000000,-1.269187927,-4.997014999,-3.469619036
309,6179.990,1786879746676.435,14534494.370,0.000000000,-0.549704671,-6.096143723,-4.549081326
310,6199.990,1786879746696.435,14534514.370,0.000000000,-0.271105230,-6.539473057,-5.502904415
311,6219.989,1786879746716.434,14534534.369,0.000000000,-0.376526743,-7.056303978,-6.193773270
312,6239.989,1786879746736.434,14534554.369,0.000000000,-0.592882156,-6.980068207,-5.881834507
313,6259.990,1786879746756.435,14534574.370,0.000000000,-1.132598281,-6.650158405,-4.096477985
314,6279.992,1786879746776.437,14534594.372,0.000000000,-2.416515589,-6.604873657,-1.754183054
315,6299.990,1786879746796.435,14534614.370,0.000000000,-3.373777390,-6.413326740,0.073377386
316,6319.990,1786879746816.435,14534634.370,0.000000000,-2.414101362,-5.626169682,0.396620572
317,6339.985,1786879746836.431,14534654.366,0.000000000,-2.444414616,-4.570924282,-0.326834500
318,6359.988,1786879746856.433,14534674.368,0.000000000,-2.590831041,-3.425453424,-0.835228920
319,6379.990,1786879746876.435,14534694.370,0.000000000,-2.899063587,-2.312857151,-0.606117964
320,6399.992,1786879746896.437,14534714.372,0.000000000,-3.079640627,-1.271637917,0.021131510
321,6419.992,1786879746916.438,14534734.373,0.000000000,-3.208887339,-0.329093754,0.105871834
322,6439.990,1786879746936.435,14534754.370,0.000000000,-2.850833654,0.667703688,-0.768634260
323,6459.992,1786879746956.437,14534774.372,0.000000000,-2.551522493,0.998577178,-1.562756419
324,6479.992,1786879746976.437,14534794.372,0.000000000,-1.476773143,0.878799736,-2.019858837
325,6499.993,1786879746996.438,14534814.373,0.000000000,-1.537022829,0.130524710,-2.596874952
326,6519.992,1786879747016.437,14534834.372,0.000000000,0.394889086,2.514103413,-3.117295265
327,6539.991,1786879747036.436,14534854.371,0.000000000,0.258524150,1.166702747,-2.670853615
328,6559.990,1786879747056.435,14534874.370,0.000000000,-0.012660852,1.408381820,-2.498174429
329,6579.987,1786879747076.432,14534894.367,0.000000000,-0.178814113,1.467420578,-2.652117729
330,6599.987,1786879747096.433,14534914.367,0.000000000,-0.211893201,2.345676661,-2.329296112
331,6619.985,1786879747116.430,14534934.365,0.000000000,-0.189020827,2.193371773,-1.912264347
332,6639.985,1786879747136.430,14534954.365,0.000000000,-0.256492645,2.266052008,-1.808859825
333,6659.985,1786879747156.430,14534974.366,0.000000000,-0.260516316,2.155812025,-1.877523780
334,6679.984,1786879747176.430,14534994.365,0.000000000,0.084513895,1.386279225,-2.550901413
335,6699.988,1786879747196.433,14535014.368,0.000000000,0.000000000,0.000000000,0.000000000
336,6719.989,1786879747216.434,14535034.369,0.000000000,-0.200540736,-1.399574995,-3.622892857
337,6739.987,1786879747236.433,14535054.367,0.000000000,-0.506720006,0.608379304,1.514788508
338,6759.987,1786879747256.432,14535074.367,0.000000000,-0.990535080,0.500360072,2.890957117
339,6779.989,1786879747276.435,14535094.370,0.000000000,-1.052912116,2.145118475,1.268244743
340,6799.986,1786879747296.431,14535114.366,0.000000000,-0.255174190,3.878369331,-0.133827910
341,6819.987,1786879747316.432,14535134.367,0.000000000,0.314613223,4.607836723,0.183691695
342,6839.987,1786879747336.432,14535154.367,0.000000000,0.680321097,4.777644634,0.172165439
343,6859.997,1786879747356.442,14535174.377,0.000000000,0.457388341,3.799522161,-1.256455779
344,6879.992,1786879747376.438,14535194.372,0.000000000,-0.071230002,2.979571819,-1.736408949
345,6899.992,1786879747396.437,14535214.372,0.000000000,-0.059775326,2.575347424,-2.023370028
346,6919.995,1786879747416.440,14535234.375,0.000000000,0.546089470,1.998348951,-2.316215038
347,6939.990,1786879747436.435,14535254.370,0.000000000,0.797372401,0.149048895,-2.120986223
348,6959.989,1786879747456.434,14535274.369,0.000000000,0.153802425,-1.608080745,-0.725759625
349,6979.993,1786879747476.438,14535294.373,0.000000000,-0.598610163,-3.705431700,1.890725732
350,6999.992,1786879747496.437,14535314.372,0.000000000,-1.082118750,-3.983178377,3.406525135
351,7019.990,1786879747516.436,14535334.371,0.000000000,-1.008300543,-2.704346657,2.633990765
352,7039.988,1786879747536.433,14535354.368,0.000000000,0.115236998,-1.971950054,0.349474400
353,7059.989,1786879747556.434,14535374.369,0.000000000,1.712060809,-2.470148802,-2.339022398
354,7079.989,1786879747576.435,14535394.370,0.000000000,3.231570482,-2.317356348,-5.291051388
355,7099.988,1786879747596.433,14535414.368,0.000000000,4.032903194,-1.321142077,-5.254513741
356,7119.989,1786879747616.434,14535434.369,0.000000000,3.616611719,-0.412947804,-1.515554190
357,7139.985,1786879747636.430,14535454.365,0.000000000,2.778362274,-0.199077472,0.140952617
358,7159.988,1786879747656.434,14535474.369,0.000000000,2.419256687,-0.158842310,-1.972929120
359,7179.988,1786879747676.433,14535494.368,0.000000000,2.156372547,-0.044065073,-3.255632162
360,7199.987,1786879747696.432,14535514.367,0.000000000,1.611904502,-0.326975077,-3.859516382
361,7219.985,1786879747716.430,14535534.366,0.000000000,1.215573430,-0.912167490,-3.790211916
362,7239.986,1786879747736.431,14535554.366,0.000000000,1.296613336,-1.237056613,-4.314030647
363,7259.986,1786879747756.431,14535574.366,0.000000000,1.654659510,-0.720150352,-5.080341816
364,7279.991,1786879747776.437,14535594.372,0.000000000,1.439718485,-0.516131759,-5.618671417
365,7299.990,1786879747796.435,14535614.370,0.000000000,0.613986969,-0.564432204,-5.394618511
366,7319.991,1786879747816.436,14535634.371,0.000000000,-0.155178115,-0.671449006,-4.819866180
367,7339.991,1786879747836.436,14535654.371,0.000000000,-0.394185036,-0.565613151,-4.173428059
368,7359.991,1786879747856.436,14535674.371,0.000000000,-0.524281085,-0.404203922,-3.662511587
369,7379.991,1786879747876.436,14535694.371,0.000000000,-0.699277937,-0.152957439,-3.153377056
370,7399.990,1786879747896.435,14535714.370,0.000000000,-0.833179414,0.182021022,-2.522733450
371,7419.986,1786879747916.431,14535734.366,0.000000000,-0.918272555,0.250910670,-2.099547863
372,7439.987,1786879747936.432,14535754.367,0.000000000,-0.858120680,0.032608844,-1.737779856
373,7459.988,1786879747956.433,14535774.368,0.000000000,-0.595783949,-0.408035427,-1.510921836
374,7479.989,1786879747976.434,14535794.369,0.000000000,-0.487024128,-0.540659130,-1.157002211
375,7499.986,1786879747996.432,14535814.366,0.000000000,-0.380462676,-0.486580402,-0.680205941
376,7519.987,1786879748016.432,14535834.367,0.000000000,-0.278478891,-0.115947157,-0.200710103
377,7539.986,1786879748036.432,14535854.367,0.000000000,-0.259220362,0.253319204,0.176937297
378,7559.986,1786879748056.431,14535874.366,0.000000000,-0.180555388,0.513197064,0.399986356
379,7579.994,1786879748076.439,14535894.374,0.000000000,-0.063065283,0.572069347,0.499771416
380,7599.992,1786879748096.438,14535914.373,0.000000000,-0.015888195,0.457485765,0.540764928
381,7619.991,1786879748116.436,14535934.371,0.000000000,-0.011890722,0.398152262,0.600334048
382,7639.995,1786879748136.440,14535954.375,0.000000000,-0.028183315,0.352767825,0.657703161
383,7659.992,1786879748156.437,14535974.372,0.000000000,-0.087845661,0.324926794,0.688592553
384,7679.990,1786879748176.435,14535994.370,0.000000000,-0.141253233,0.274224102,0.666596472
385,7699.989,1786879748196.434,14536014.369,0.000000000,-0.186601833,0.239266977,0.614196420
386,7719.990,1786879748216.435,14536034.370,0.000000000,-0.224976316,0.204498738,0.607156694
387,7739.990,1786879748236.435,14536054.370,0.000000000,-0.294888705,0.149560630,0.599993467
388,7759.989,1786879748256.434,14536074.369,0.000000000,-0.380235106,0.095483698,0.563725710
389,7779.987,1786879748276.433,14536094.368,0.000000000,-0.450642943,0.067057371,0.544137239
390,7799.988,1786879748296.433,14536114.368,0.000000000,-0.507580817,0.070259795,0.543502212
391,7819.989,1786879748316.434,14536134.369,0.000000000,-0.545531690,0.087787449,0.529387474
392,7839.988,1786879748336.433,14536154.368,0.000000000,-0.547362149,0.106990866,0.487617463
393,7859.989,1786879748356.434,14536174.369,0.000000000,-0.550279617,0.095127001,0.444718957
394,7879.989,1786879748376.434,14536194.369,0.000000000,-0.530998707,0.075002164,0.402534366
395,7899.987,1786879748396.432,14536214.367,0.000000000,-0.502413929,0.038519040,0.385600805
396,7919.986,1786879748416.432,14536234.366,0.000000000,-0.502339661,-0.004270148,0.392891437
397,7939.989,1786879748436.434,14536254.369,0.000000000,-0.492935896,-0.012439832,0.390265644
398,7959.992,1786879748456.437,14536274.372,0.000000000,-0.472414941,-0.025507044,0.355475903
399,7979.991,1786879748476.436,14536294.371,0.000000000,-0.450669259,-0.024486046,0.331437021
400,7999.996,1786879748496.441,14536314.376,0.000000000,-0.436496496,-0.046782631,0.327415615
401,8019.991,1786879748516.436,14536334.371,0.000000000,-0.449300140,-0.011051150,0.312012225
402,8039.989,1786879748536.434,14536354.369,0.000000000,-0.441560805,-0.003518110,0.247396678
403,8059.991,1786879748556.436,14536374.371,0.000000000,-0.419893384,-0.028621027,0.173112154
404,8079.991,1786879748576.436,14536394.371,0.000000000,-0.390813202,-0.088431135,0.115190312
405,8099.992,1786879748596.438,14536414.372,0.000000000,-0.357144147,-0.132744759,0.098017491
406,8119.995,1786879748616.440,14536434.376,0.000000000,-0.325623304,-0.167067498,0.099213362
407,8139.991,1786879748636.436,14536454.371,0.000000000,-0.296454608,-0.199620754,0.107389681
408,8159.993,1786879748656.438,14536474.373,0.000000000,-0.265315682,-0.190900505,0.112296291
409,8179.993,1786879748676.438,14536494.373,0.000000000,-0.224946752,-0.186554223,0.126710653
410,8199.991,1786879748696.436,14536514.371,0.000000000,-0.187095642,-0.187208474,0.145265535
411,8219.992,1786879748716.437,14536534.372,0.000000000,-0.160340920,-0.189635843,0.164105088
412,8239.991,1786879748736.436,14536554.371,0.000000000,-0.135369211,-0.176966518,0.179015979
413,8259.989,1786879748756.434,14536574.369,0.000000000,-0.119642727,-0.161238387,0.202753693
414,8279.990,1786879748776.435,14536594.370,0.000000000,-0.059980426,-0.064205758,0.246514678
415,8299.988,1786879748796.433,14536614.368,0.000000000,-0.090843245,-0.115430027,0.254093081
416,8319.988,1786879748816.434,14536634.369,0.000000000,-0.181403011,-0.207417727,0.205565080
417,8339.987,1786879748836.432,14536654.367,0.000000000,-0.199588642,-0.218374655,0.198769107
418,8359.988,1786879748856.434,14536674.369,0.000000000,-0.236617297,-0.019950533,0.153541103
419,8379.990,1786879748876.435,14536694.370,0.000000000,-0.266735196,-0.219393075,0.063262708
420,8399.988,1786879748896.433,14536714.368,0.000000000,-0.235054657,-0.380323648,0.004494446
421,8419.988,1786879748916.434,14536734.369,0.000000000,-0.199243963,-0.379935443,0.027875811
422,8439.990,1786879748936.436,14536754.371,0.000000000,-0.143556654,-0.358640939,0.061752051
423,8459.991,1786879748956.437,14536774.372,0.000000000,-0.077979147,-0.367762029,0.093799099
424,8479.990,1786879748976.435,14536794.370,0.000000000,-0.026997840,-0.378385544,0.137574613
425,8499.991,1786879748996.436,14536814.371,0.000000000,-0.013480531,-0.409623146,0.173146844
426,8519.991,1786879749016.437,14536834.372,0.000000000,-0.057355698,-0.416126996,0.207553938
427,8539.988,1786879749036.433,14536854.368,0.000000000,-0.146400049,-0.425288826,0.208592564
428,8559.989,1786879749056.434,14536874.369,0.000000000,-0.209757075,-0.460272521,0.174987108
429,8579.987,1786879749076.433,14536894.368,0.000000000,-0.240764171,-0.438974053,0.151496977
430,8599.988,1786879749096.434,14536914.368,0.000000000,-0.256437391,-0.402785003,0.118657224
431,8619.990,1786879749116.435,14536934.370,0.000000000,-0.258270800,-0.376826704,0.096057922
432,8639.991,1786879749136.436,14536954.371,0.000000000,-0.257646590,-0.325166970,0.069409944
433,8659.991,1786879749156.437,14536974.372,0.000000000,-0.251653939,-0.272608012,0.038791437
434,8679.991,1786879749176.436,14536994.371,0.000000000,-0.252778411,-0.219809324,0.021722360
435,8699.989,1786879749196.434,14537014.369,0.000000000,-0.252217740,-0.176216394,0.017743737
436,8719.991,1786879749216.437,14537034.372,0.000000000,-0.253269732,-0.150703564,0.012454515
437,8739.989,1786879749236.434,14537054.369,0.000000000,-0.251262009,-0.132071361,0.013433089
438,8759.990,1786879749256.435,14537074.370,0.000000000,-0.255186915,-0.109659292,0.021742046
439,8779.999,1786879749276.445,14537094.380,0.000000000,-0.246865720,-0.125010535,0.016681934
440,8799.988,1786879749296.434,14537114.368,0.000000000,-0.229465768,-0.147718072,0.009209371
441,8819.986,1786879749316.431,14537134.366,0.000000000,-0.208891749,-0.182227582,0.029246537
442,8839.989,1786879749336.434,14537154.369,0.000000000,-0.189455450,-0.227813944,0.055239521
443,8859.990,1786879749356.435,14537174.370,0.000000000,-0.178354099,-0.250100344,0.068929315
444,8879.988,1786879749376.434,14537194.369,0.000000000,-0.159321904,-0.271589458,0.082202032
445,8899.991,1786879749396.436,14537214.371,0.000000000,-0.144259766,-0.254806042,0.099445373
446,8919.989,1786879749416.434,14537234.369,0.000000000,-0.140776470,-0.260373265,0.112378404
447,8939.992,1786879749436.437,14537254.372,0.000000000,-0.137909576,-0.284995854,0.139082775
448,8959.992,1786879749456.437,14537274.372,0.000000000,-0.128826872,-0.339061558,0.175465792
449,8979.989,1786879749476.434,14537294.369,0.000000000,-0.126354992,-0.387568325,0.234181672
450,8999.992,1786879749496.437,14537314.372,0.000000000,-0.152209669,-0.431869239,0.317599386
451,9019.989,1786879749516.434,14537334.369,0.000000000,-0.220203981,-0.516569078,0.430497736
452,9039.991,1786879749536.436,14537354.371,0.000000000,-0.351669520,-0.747842133,0.560526490
453,9059.988,1786879749556.433,14537374.368,0.000000000,-0.225272149,-0.990595460,0.838521719
454,9079.989,1786879749576.434,14537394.369,0.000000000,0.100973554,-1.240306497,1.093665600
455,9099.989,1786879749596.434,14537414.369,0.000000000,0.349375635,-1.254484057,1.114214897
456,9119.989,1786879749616.435,14537434.370,0.000000000,0.739667475,-0.898217738,0.946959615
457,9139.989,1786879749636.434,14537454.369,0.000000000,1.206563115,0.018766673,0.832634866
458,9159.989,1786879749656.434,14537474.369,0.000000000,0.901555538,-0.321143001,0.415589273
459,9179.988,1786879749676.434,14537494.369,0.000000000,0.149524242,-0.292938083,-0.284730762
460,9199.994,1786879749696.439,14537514.374,0.000000000,-0.473825097,-0.240680039,-1.030338883
461,9219.994,1786879749716.440,14537534.375,0.000000000,-0.814255714,-0.112569623,-1.479341984
462,9239.992,1786879749736.438,14537554.373,0.000000000,-0.739314556,0.273913652,-1.459516048
463,9259.994,1786879749756.439,14537574.374,0.000000000,-0.713952303,0.266241968,-0.914223433
464,9279.992,1786879749776.437,14537594.372,0.000000000,-0.751358509,-0.010226858,-0.061216548
465,9299.990,1786879749796.436,14537614.371,0.000000000,-0.324415863,-0.249991804,0.732996047
466,9319.989,1786879749816.435,14537634.369,0.000000000,-0.145142123,-0.464166224,1.058505774
467,9339.991,1786879749836.436,14537654.371,0.000000000,-0.060502440,-0.521196604,1.056128860
468,9359.993,1786879749856.439,14537674.374,0.000000000,0.173284039,-0.293409169,0.894373834
469,9379.993,1786879749876.438,14537694.373,0.000000000,0.583693981,0.197922051,0.563300371
470,9399.995,1786879749896.440,14537714.375,0.000000000,0.732004106,0.736951709,0.330777526
471,9419.994,1786879749916.439,14537734.374,0.000000000,0.218423769,-0.052447658,-0.128582403
472,9439.994,1786879749936.439,14537754.375,0.000000000,-0.612467527,-0.498138070,-0.815818012
473,9459.994,1786879749956.439,14537774.374,0.000000000,-1.213944912,-0.672197640,-1.456811309
474,9479.995,1786879749976.440,14537794.375,0.000000000,-1.282927036,-0.644065619,-1.667952299
475,9499.991,1786879749996.436,14537814.371,0.000000000,-1.062300801,-0.676711321,-1.435494184
476,9519.989,1786879750016.435,14537834.370,0.000000000,-1.070971966,-0.764266253,-1.181596518
477,9539.992,1786879750036.438,14537854.372,0.000000000,-0.886467636,-0.549205184,-0.702602565
478,9559.991,1786879750056.436,14537874.371,0.000000000,-1.111522794,-0.140923738,0.089522839
479,9579.991,1786879750076.436,14537894.371,0.000000000,-1.153583050,-0.508202851,0.489194155
480,9599.993,1786879750096.438,14537914.373,0.000000000,-1.547663212,-0.780323207,0.774540484
481,9619.990,1786879750116.436,14537934.371,0.000000000,-1.415763497,-0.643495023,1.042698860
482,9639.992,1786879750136.437,14537954.372,0.000000000,-0.553554773,-0.724028707,1.350875378
483,9659.989,1786879750156.435,14537974.370,0.000000000,0.409692496,-0.045917179,1.135831237
484,9679.994,1786879750176.439,14537994.374,0.000000000,1.068679452,0.730431497,0.464874893
485,9699.994,1786879750196.439,14538014.374,0.000000000,1.043989897,0.928207576,0.006081321
486,9719.994,1786879750216.439,14538034.374,0.000000000,-0.269581169,-0.264601976,-0.523052990
487,9739.993,1786879750236.438,14538054.373,0.000000000,-2.174628496,-1.177990913,-0.943416953
488,9759.991,1786879750256.436,14538074.371,0.000000000,-3.394378901,-1.424375057,-1.108651400
489,9779.991,1786879750276.436,14538094.371,0.000000000,-3.712671757,-1.626201749,-0.645613849
490,9799.987,1786879750296.432,14538114.367,0.000000000,-3.882608891,-1.605452538,0.062693596
491,9819.993,1786879750316.438,14538134.373,0.000000000,-3.753415585,-1.192942142,0.634423196
492,9839.993,1786879750336.438,14538154.373,0.000000000,-3.465768576,-0.916409254,1.359299421
493,9859.993,1786879750356.438,14538174.373,0.000000000,-3.505973339,-0.841714323,1.609451890
494,9879.992,1786879750376.438,14538194.372,0.000000000,-3.361644268,-1.150666714,1.350902200
495,9899.997,1786879750396.442,14538214.377,0.000000000,-3.998137236,-1.706640601,0.791494310
496,9919.996,1786879750416.441,14538234.377,0.000000000,-4.337429523,-2.167579651,0.718381405
497,9939.996,1786879750436.441,14538254.376,0.000000000,-4.274997234,-1.656514049,0.992684722
498,9959.992,1786879750456.437,14538274.372,0.000000000,-3.273271799,-0.384399712,1.279111862
499,9979.992,1786879750476.437,14538294.372,0.000000000,-2.951142550,0.851471722,0.368497044
500,9999.995,1786879750496.440,14538314.375,0.000000000,-4.150966644,1.443642735,0.366437674
501,10019.992,1786879750516.438,14538334.372,0.000000000,-0.065511927,-0.070759557,1.387022376
502,10039.990,1786879750536.435,14538354.370,0.000000000,-1.113451123,-0.523022294,1.129801512
503,10059.992,1786879750556.437,14538374.372,0.000000000,-2.596912146,-0.351294756,-0.039797176
504,10079.992,1786879750576.437,14538394.372,0.000000000,-3.628216267,0.663656652,-2.093367577
505,10099.990,1786879750596.435,14538414.370,0.000000000,0.000000000,0.000000000,0.000000000
506,10119.993,1786879750616.438,14538434.373,0.000000000,0.156263933,2.214275599,4.934320927
507,10139.989,1786879750636.434,14538454.369,0.000000000,-1.247518897,3.163308144,9.624224663
508,10159.992,1786879750656.437,14538474.372,0.000000000,-2.402697325,4.107717037,5.348690033
509,10179.989,1786879750676.434,14538494.369,0.000000000,0.125017807,5.445017815,-0.598889410
510,10199.991,1786879750696.436,14538514.371,0.000000000,-0.457925737,3.105879068,-1.933778644
511,10219.987,1786879750716.432,14538534.367,0.000000000,-3.098291636,1.482572436,0.428366125
512,10239.989,1786879750736.435,14538554.370,0.000000000,-1.498321414,0.158851221,-1.392420411
513,10259.993,1786879750756.438,14538574.373,0.000000000,0.227250859,-0.548226774,-3.587810040
514,10279.992,1786879750776.437,14538594.372,0.000000000,-0.548413038,1.042879701,-3.103532314
515,10299.989,1786879750796.435,14538614.370,0.000000000,-0.729346752,1.522802353,-2.756658077
516,10319.990,1786879750816.435,14538634.370,0.000000000,-0.353698283,0.807517827,-2.983188629
517,10339.990,1786879750836.435,14538654.370,0.000000000,0.888963580,-0.446304679,-3.610050440
518,10359.986,1786879750856.431,14538674.366,0.000000000,2.689802170,-1.277842760,-4.212682247
519,10379.991,1786879750876.436,14538694.371,0.000000000,3.847819090,-2.158849001,-3.845610380
520,10399.988,1786879750896.433,14538714.368,0.000000000,4.258664131,-2.747668266,-3.347425938
521,10419.987,1786879750916.433,14538734.368,0.000000000,4.040464401,-2.686271191,-4.322673321
522,10439.991,1786879750936.436,14538754.371,0.000000000,3.118577957,-1.703332663,-5.969927311
523,10459.988,1786879750956.433,14538774.368,0.000000000,2.391184330,-0.610274673,-6.412820816
524,10479.994,1786879750976.439,14538794.374,0.000000000,1.888660789,0.252316028,-5.478653431
525,10499.992,1786879750996.438,14538814.373,0.000000000,1.324694633,0.812683225,-4.426930904
526,10519.990,1786879751016.435,14538834.370,0.000000000,0.546219528,0.169155285,-3.623495340
527,10539.993,1786879751036.438,14538854.373,0.000000000,0.075738288,-0.048436694,-3.215459824
528,10559.990,1786879751056.436,14538874.371,0.000000000,-0.324318349,-0.064980701,-2.837371826
529,10579.988,1786879751076.433,14538894.368,0.000000000,-0.449414313,0.115669690,-2.539691687
530,10599.993,1786879751096.438,14538914.373,0.000000000,-0.428803205,0.312752545,-2.160845280
531,10619.990,1786879751116.435,14538934.370,0.000000000,-0.297650814,0.177007943,-1.658277392
532,10639.990,1786879751136.435,14538954.370,0.000000000,0.042303577,-0.201241657,-1.158741117
533,10659.989,1786879751156.434,14538974.369,0.000000000,0.496731102,-0.575224459,-0.975620031
534,10679.991,1786879751176.436,14538994.371,0.000000000,0.978843570,-0.182252467,-1.006853461
535,10699.988,1786879751196.433,14539014.368,0.000000000,1.077162981,-0.261128128,-1.146282434
536,10719.990,1786879751216.435,14539034.370,0.000000000,0.866961181,-0.174297184,-1.144178152
537,10739.989,1786879751236.434,14539054.369,0.000000000,0.544853091,0.070511423,-1.063738704
538,10760.001,1786879751256.446,14539074.381,0.000000000,0.284456968,0.235067084,-0.979203939
539,10779.992,1786879751276.437,14539094.372,0.000000000,-0.031447999,0.459426641,-0.836658180
540,10799.986,1786879751296.431,14539114.366,0.000000000,-0.304296732,0.587733626,-0.664023221
541,10819.989,1786879751316.435,14539134.369,0.000000000,-0.506434023,0.594148040,-0.497957975
542,10839.990,1786879751336.436,14539154.370,0.000000000,-0.649113178,0.423994392,-0.291312337
543,10859.991,1786879751356.436,14539174.371,0.000000000,-0.729031622,0.143452451,-0.052255049
544,10879.996,1786879751376.442,14539194.377,0.000000000,-0.770025194,-0.192408383,0.212797180
545,10899.994,1786879751396.439,14539214.374,0.000000000,-0.647962928,-0.668680370,0.459695905
546,10919.991,1786879751416.436,14539234.371,0.000000000,-0.220266923,-0.951098621,0.651430249
547,10939.991,1786879751436.436,14539254.371,0.000000000,0.145316392,-1.044106126,0.656923652
548,10959.987,1786879751456.433,14539274.367,0.000000000,0.439423025,-0.239241317,0.522852898
549,10979.987,1786879751476.433,14539294.368,0.000000000,0.431635916,-0.258257955,0.426294893
550,10999.988,1786879751496.434,14539314.368,0.000000000,0.152062014,-0.107047923,0.247411370
551,11019.991,1786879751516.436,14539334.371,0.000000000,-0.237118736,0.189346626,0.018374143
552,11039.988,1786879751536.433,14539354.368,0.000000000,-0.453637809,0.415487796,-0.137945309
553,11059.989,1786879751556.434,14539374.369,0.000000000,-0.533585787,0.538154006,-0.242762670
554,11079.988,1786879751576.433,14539394.368,0.000000000,-0.576126754,0.417440951,-0.331594139
555,11099.985,1786879751596.430,14539414.365,0.000000000,-0.625201464,0.155041069,-0.325822234
556,11119.985,1786879751616.430,14539434.366,0.000000000,-0.703716338,-0.198541164,-0.055183403
557,11139.987,1786879751636.432,14539454.367,0.000000000,-0.338507533,-0.698234797,0.583105028
558,11159.989,1786879751656.434,14539474.369,0.000000000,-0.122016177,-1.171564937,0.958701372
559,11179.991,1786879751676.436,14539494.371,0.000000000,-0.096603587,-0.956932306,0.733762085
560,11199.989,1786879751696.435,14539514.370,0.000000000,0.080066852,-0.606813967,0.234613478
561,11219.990,1786879751716.435,14539534.370,0.000000000,0.270185292,-0.053668808,-0.216240883
562,11239.989,1786879751736.435,14539554.370,0.000000000,0.334772885,-0.008484664,-0.294097781
563,11259.990,1786879751756.435,14539574.370,0.000000000,0.023520974,-0.001442612,-0.389552057
564,11279.990,1786879751776.436,14539594.370,0.000000000,-0.384755045,0.084963880,-0.515152991
565,11299.990,1786879751796.435,14539614.370,0.000000000,-0.582902730,0.212241292,-0.609626353
566,11319.988,1786879751816.434,14539634.369,0.000000000,-0.653550804,0.255861044,-0.727879882
567,11339.987,1786879751836.432,14539654.367,0.000000000,-0.702194333,0.123287790,-0.703883052
568,11359.984,1786879751856.430,14539674.365,0.000000000,-0.913912714,-0.059850816,-0.233435422
569,11379.985,1786879751876.430,14539694.365,0.000000000,-0.630993962,-0.576142907,0.876889050
570,11399.985,1786879751896.430,14539714.365,0.000000000,-0.410447776,-1.095821857,1.816877007
571,11419.985,1786879751916.430,14539734.365,0.000000000,-0.387122929,-0.984451830,1.595427036
572,11439.984,1786879751936.429,14539754.364,0.000000000,-0.032823205,-0.671170533,0.718885243
573,11459.983,1786879751956.428,14539774.363,0.000000000,0.467500985,-0.347041041,-0.278661609
574,11479.987,1786879751976.432,14539794.367,0.000000000,0.813810766,-0.045702621,-0.724742055
575,11499.985,1786879751996.430,14539814.365,0.000000000,0.622076571,-0.465317667,-0.671038985
576,11519.988,1786879752016.433,14539834.368,0.000000000,-0.083975866,-0.463275909,-0.559563458
577,11539.990,1786879752036.435,14539854.370,0.000000000,-0.745052874,-0.523832262,-0.777537644
578,11559.987,1786879752056.432,14539874.367,0.000000000,-0.974338055,-0.341268063,-1.057307720
579,11579.987,1786879752076.432,14539894.367,0.000000000,-1.020707011,-0.311705470,-1.196982503
580,11599.986,1786879752096.431,14539914.366,0.000000000,-1.120217919,-0.282683730,-0.789685309
581,11619.988,1786879752116.433,14539934.368,0.000000000,-0.952267468,-0.168048218,0.375456989
582,11639.991,1786879752136.436,14539954.371,0.000000000,-1.052692294,-0.656081796,1.664862037
583,11659.988,1786879752156.433,14539974.368,0.000000000,-0.946956277,-0.789013088,1.853173614
584,11679.987,1786879752176.432,14539994.367,0.000000000,-0.576693118,-0.577788413,1.656119704
585,11699.987,1786879752196.432,14540014.367,0.000000000,0.167936176,-0.124479838,0.922712922
586,11719.989,1786879752216.434,14540034.369,0.000000000,1.027595043,0.378406376,-0.133954287
587,11739.984,1786879752236.429,14540054.364,0.000000000,1.413553834,0.426988333,-0.602657080
588,11759.989,1786879752256.434,14540074.369,0.000000000,1.066201448,-0.335999578,-0.485880822
589,11779.986,1786879752276.431,14540094.366,0.000000000,-0.099735133,-0.873979270,-0.367455214
590,11799.986,1786879752296.431,14540114.366,0.000000000,-1.228166938,-1.052457213,-0.556541264
591,11819.991,1786879752316.436,14540134.371,0.000000000,-1.711167336,-1.051177859,-0.836267412
592,11839.989,1786879752336.434,14540154.369,0.000000000,-1.888326287,-1.153658152,-0.873760998
593,11859.985,1786879752356.430,14540174.365,0.000000000,-1.937639117,-0.881156981,-0.449067205
594,11879.985,1786879752376.430,14540194.365,0.000000000,-1.624917746,-0.316855043,0.805936456
595,11899.984,1786879752396.429,14540214.364,0.000000000,-1.772205472,-0.633322060,2.189337254
596,11919.986,1786879752416.432,14540234.367,0.000000000,-1.651515603,-1.356164098,2.705000401
597,11939.984,1786879752436.430,14540254.365,0.000000000,-1.079836845,-2.030312061,3.035214424
598,11959.987,1786879752456.432,14540274.367,0.000000000,-0.390028358,-1.817992330,2.974791050
599,11979.985,1786879752476.430,14540294.365,0.000000000,-0.192632481,-1.057846308,1.623871684
600,11999.988,1786879752496.433,14540314.368,0.000000000,0.288954020,0.446325541,-0.843863189
601,12019.986,1786879752516.431,14540334.366,0.000000000,0.462196171,0.960129499,-1.247637391
602,12039.986,1786879752536.431,14540354.366,0.000000000,-1.032586694,-0.211749256,-0.189489737
603,12059.983,1786879752556.428,14540374.364,0.000000000,-3.198549271,-1.049271584,0.916565597
604,12079.986,1786879752576.431,14540394.366,0.000000000,-4.447057247,-1.422026396,1.338231802
605,12099.984,1786879752596.429,14540414.364,0.000000000,-5.347663879,-1.685500145,1.762965441
606,12119.985,1786879752616.430,14540434.365,0.000000000,-5.631827831,-0.843513548,3.216327429
607,12139.985,1786879752636.430,14540454.365,0.000000000,-5.148281574,-0.090876587,4.027636051
608,12159.985,1786879752656.430,14540474.365,0.000000000,-4.394202232,-1.133557677,3.904129982
609,12179.985,1786879752676.430,14540494.365,0.000000000,-4.754767418,-1.726720095,2.496003389
610,12199.986,1786879752696.431,14540514.366,0.000000000,-4.971259594,-1.461190343,1.344842911
611,12219.985,1786879752716.430,14540534.366,0.000000000,-4.782443047,-0.201390639,0.171205655
612,12239.989,1786879752736.434,14540554.369,0.000000000,-4.085235596,1.298111558,-0.568584263
613,12259.989,1786879752756.435,14540574.370,0.000000000,-2.431564331,1.468215108,0.407183439
614,12279.991,1786879752776.436,14540594.371,0.000000000,-2.802330732,1.455877542,1.126314759
615,12299.995,1786879752796.440,14540614.375,0.000000000,-3.269264698,1.387446761,1.042562962
616,12319.991,1786879752816.436,14540634.371,0.000000000,-3.663204908,0.871759295,-0.205720529
617,12339.993,1786879752836.438,14540654.373,0.000000000,-5.034379482,0.785626233,-1.531076312
618,12359.993,1786879752856.438,14540674.373,0.000000000,-4.686970234,1.693150282,-2.395957470
619,12379.989,1786879752876.434,14540694.369,0.000000000,-2.283165693,3.013210297,-1.058772802
620,12399.991,1786879752896.436,14540714.371,0.000000000,-1.162994146,0.260333717,-0.236371875
621,12419.987,1786879752916.432,14540734.367,0.000000000,-1.207481742,-2.528933525,2.293143511
622,12439.987,1786879752936.432,14540754.367,0.000000000,-1.585434079,-3.640353918,3.883577585
623,12459.991,1786879752956.436,14540774.371,0.000000000,-2.410101414,-4.177992344,4.375258923
624,12479.988,1786879752976.434,14540794.369,0.000000000,-2.242876530,-4.813103676,3.337978840
625,12499.986,1786879752996.431,14540814.366,0.000000000,-1.285313368,-1.153072357,-0.726466238
626,12519.990,1786879753016.436,14540834.371,0.000000000,-0.253819734,0.255784869,-0.536052704
627,12539.992,1786879753036.437,14540854.372,0.000000000,-0.258459538,0.448789060,0.289019525
628,12559.989,1786879753056.434,14540874.369,0.000000000,-0.008381255,0.119560242,0.829860151
629,12579.989,1786879753076.434,14540894.369,0.000000000,-0.085996412,-0.134862825,0.050638907
630,12599.986,1786879753096.432,14540914.367,0.000000000,0.140754417,-0.340749055,-0.641260922
631,12619.988,1786879753116.433,14540934.368,0.000000000,0.421391815,-0.516592264,-0.955657661
632,12639.986,1786879753136.431,14540954.366,0.000000000,0.541070223,-0.933856189,-0.388537645
633,12659.992,1786879753156.437,14540974.372,0.000000000,0.334740013,-1.507759929,-0.450673282
634,12679.993,1786879753176.438,14540994.374,0.000000000,0.245166972,-2.053351879,-0.464938045
635,12699.992,1786879753196.438,14541014.373,0.000000000,0.146745607,-2.303092241,-0.242747292
636,12719.992,1786879753216.437,14541034.372,0.000000000,0.159005612,-2.093849897,0.142013833
637,12739.995,1786879753236.440,14541054.375,0.000000000,0.339995593,-1.889867902,0.555913508
638,12759.987,1786879753256.433,14541074.368,0.000000000,0.505793571,-1.723915935,0.904535472
639,12779.991,1786879753276.436,14541094.371,0.000000000,0.620164394,-1.569192529,1.153312802
640,12799.986,1786879753296.431,14541114.366,0.000000000,0.634861171,-1.473829508,1.328926802
641,12819.990,1786879753316.435,14541134.370,0.000000000,0.517570496,-1.387632370,1.424182415
642,12839.990,1786879753336.435,14541154.370,0.000000000,0.514020145,-1.460273147,1.469653606
643,12859.988,1786879753356.433,14541174.368,0.000000000,0.525931776,-1.229073763,1.584917903
644,12879.985,1786879753376.430,14541194.365,0.000000000,0.460629910,-1.029017329,1.749439836
645,12899.985,1786879753396.430,14541214.365,0.000000000,0.000000000,0.000000000,0.000000000
646,12919.990,1786879753416.435,14541234.370,0.000000000,-0.077969909,2.321982145,0.533396065
647,12939.989,1786879753436.435,14541254.369,0.000000000,-0.930093110,3.444768667,2.019050121
648,12959.990,1786879753456.435,14541274.370,0.000000000,-2.761567831,2.326693773,3.266072512
649,12979.990,1786879753476.435,14541294.370,0.000000000,-4.216814518,2.449556112,3.117293358
650,12999.986,1786879753496.431,14541314.366,0.000000000,-3.782049179,2.669912100,0.455338269
651,13019.988,1786879753516.433,14541334.368,0.000000000,-1.643600225,2.088534594,-1.508858800
652,13039.987,1786879753536.432,14541354.367,0.000000000,0.261016130,0.327836514,-0.761197507
653,13059.985,1786879753556.430,14541374.365,0.000000000,1.260839105,-3.101270437,1.060214281
654,13079.985,1786879753576.430,14541394.365,0.000000000,1.131960273,-5.618476868,1.808492780
655,13099.985,1786879753596.430,14541414.365,0.000000000,0.604020774,-4.881462574,0.182542115
656,13119.986,1786879753616.431,14541434.366,0.000000000,1.043218255,-2.486709356,-2.107038975
657,13139.984,1786879753636.429,14541454.364,0.000000000,1.553580403,-0.389518380,-4.070703983
658,13159.984,1786879753656.429,14541474.364,0.000000000,1.366936564,1.016763091,-4.572439671
659,13179.985,1786879753676.430,14541494.365,0.000000000,0.834956229,1.489081383,-4.079111099
660,13199.987,1786879753696.432,14541514.367,0.000000000,0.175111488,2.282221079,-3.259739399
661,13219.985,1786879753716.430,14541534.365,0.000000000,-0.255802423,2.065259457,-2.592653990
662,13239.986,1786879753736.431,14541554.366,0.000000000,-0.054793544,1.491588354,-1.706796527
663,13259.986,1786879753756.431,14541574.366,0.000000000,0.607660472,0.241117701,-0.763826132
664,13279.985,1786879753776.430,14541594.365,0.000000000,1.398746490,-1.341220737,-0.703152180
665,13299.984,1786879753796.429,14541614.364,0.000000000,2.235132456,-2.087557554,-1.036069751
666,13319.986,1786879753816.431,14541634.366,0.000000000,3.077200890,-1.114402413,-1.213609099
667,13339.988,1786879753836.434,14541654.368,0.000000000,3.244364977,-0.909367025,-1.094678640
668,13359.985,1786879753856.430,14541674.365,0.000000000,2.035235643,-0.635527134,-1.442553401
669,13379.984,1786879753876.429,14541694.365,0.000000000,0.706670523,0.051432893,-1.572238803
670,13399.984,1786879753896.429,14541714.364,0.000000000,-0.263740122,0.593442023,-1.458004594
671,13419.984,1786879753916.429,14541734.364,0.000000000,-0.770351231,0.897198439,-1.250725627
672,13439.988,1786879753936.434,14541754.369,0.000000000,-0.958752632,0.870364070,-1.044108391
673,13459.987,1786879753956.432,14541774.367,0.000000000,-1.037787199,0.756319106,-0.769241512
674,13479.988,1786879753976.433,14541794.368,0.000000000,-1.046929717,0.595531106,-0.408328503
675,13499.990,1786879753996.435,14541814.370,0.000000000,-0.916001856,0.343578249,-0.119093455
676,13519.988,1786879754016.433,14541834.368,0.000000000,-0.780273974,0.138733447,-0.019531816
677,13539.988,1786879754036.433,14541854.368,0.000000000,-0.613302588,0.036695667,0.031663585
678,13559.985,1786879754056.430,14541874.366,0.000000000,-0.519174516,0.054139625,-0.007903207
679,13579.988,1786879754076.433,14541894.368,0.000000000,-0.470974058,-0.038952991,-0.056621410
680,13599.986,1786879754096.431,14541914.366,0.000000000,-0.446737021,-0.066462465,-0.164087117
681,13619.988,1786879754116.433,14541934.368,0.000000000,-0.475449443,-0.020175649,-0.246175885
682,13639.987,1786879754136.432,14541954.367,0.000000000,-0.459560961,-0.100514881,-0.244225621
683,13659.984,1786879754156.429,14541974.364,0.000000000,-0.593182743,-0.320062429,0.082097203
684,13679.989,1786879754176.435,14541994.370,0.000000000,-0.417366952,-0.504400909,0.577413857
685,13699.985,1786879754196.430,14542014.366,0.000000000,-0.028929193,-0.807195127,1.344176054
686,13719.990,1786879754216.436,14542034.371,0.000000000,0.139788792,-0.875801682,1.340853453
687,13739.990,1786879754236.435,14542054.370,0.000000000,0.325987786,-0.615255892,0.789724350
688,13759.990,1786879754256.436,14542074.371,0.000000000,0.478466600,-0.004715547,0.083965771
689,13779.990,1786879754276.436,14542094.371,0.000000000,0.643505931,-0.070120156,-0.059980765
690,13799.987,1786879754296.432,14542114.367,0.000000000,0.048820738,-0.218909085,-0.247786596
691,13819.990,1786879754316.435,14542134.370,0.000000000,-0.574716866,-0.204406172,-0.511162162
692,13839.988,1786879754336.433,14542154.368,0.000000000,-0.865884066,-0.164244726,-0.727583945
693,13859.989,1786879754356.434,14542174.369,0.000000000,-0.993143141,-0.174541965,-0.877099395
694,13879.988,1786879754376.433,14542194.368,0.000000000,-0.981149495,-0.283510804,-0.854791224
695,13899.985,1786879754396.430,14542214.365,0.000000000,-1.030474782,-0.399478436,-0.479949981
696,13919.989,1786879754416.434,14542234.369,0.000000000,-1.251118779,-0.326953262,0.190913215
697,13939.990,1786879754436.435,14542254.370,0.000000000,-0.906676412,-0.823500395,1.450231552
698,13959.989,1786879754456.434,14542274.369,0.000000000,-0.596821785,-1.452625394,2.166503668
699,13979.989,1786879754476.434,14542294.369,0.000000000,-0.494798720,-1.315549612,1.892374277
700,13999.986,1786879754496.431,14542314.366,0.000000000,-0.059161291,-0.706722200,0.863608360
701,14019.988,1786879754516.434,14542334.368,0.000000000,0.532640100,0.029627679,-0.407179743
702,14039.988,1786879754536.433,14542354.368,0.000000000,0.838518143,-0.125858188,-0.738459587
703,14059.986,1786879754556.431,14542374.366,0.000000000,0.322000146,-0.190558702,-0.713173926
704,14079.987,1786879754576.432,14542394.367,0.000000000,-0.529178858,-0.350190848,-0.733008385
705,14099.989,1786879754596.434,14542414.369,0.000000000,-0.823074579,-0.253294051,-0.924288929
706,14119.989,1786879754616.434,14542434.369,0.000000000,-0.939761639,-0.141633853,-0.996657848
707,14139.989,1786879754636.434,14542454.369,0.000000000,-0.972829401,-0.427466720,-0.937178791
708,14159.991,1786879754656.436,14542474.371,0.000000000,-1.040486932,-0.342443556,-0.563892126
709,14179.990,1786879754676.435,14542494.370,0.000000000,-0.988108993,-0.225104824,0.503361523
710,14199.990,1786879754696.435,14542514.370,0.000000000,-1.121351838,-0.736850858,1.691630721
711,14219.989,1786879754716.435,14542534.370,0.000000000,-0.765855491,-1.367122054,2.069180965
712,14239.990,1786879754736.435,14542554.370,0.000000000,-0.508197844,-1.498442769,1.972396374
713,14259.992,1786879754756.438,14542574.373,0.000000000,0.174190968,-0.990230203,1.330576420
714,14279.991,1786879754776.436,14542594.371,0.000000000,0.999572754,0.449414909,-0.143593431
715,14299.990,1786879754796.436,14542614.371,0.000000000,1.006798506,0.548943102,-0.845943987
716,14319.991,1786879754816.436,14542634.371,0.000000000,-0.425294846,-0.215347692,-0.622556031
717,14339.992,1786879754836.438,14542654.372,0.000000000,-1.655871749,-0.691792190,-0.400010020
718,14359.994,1786879754856.439,14542674.374,0.000000000,-2.379136801,-0.957258165,-0.379429132
719,14379.994,1786879754876.439,14542694.374,0.000000000,-2.584319353,-1.086334229,-0.341779053
720,14399.991,1786879754896.436,14542714.371,0.000000000,-2.808101177,-1.534718275,-0.049102928
721,14419.994,1786879754916.439,14542734.374,0.000000000,-2.976180553,-1.177403927,0.526338756
722,14439.993,1786879754936.438,14542754.373,0.000000000,-2.684768915,-0.890313148,1.641874552
723,14459.993,1786879754956.438,14542774.373,0.000000000,-2.852585554,-1.232079625,2.180690050
724,14479.989,1786879754976.434,14542794.369,0.000000000,-2.202926874,-2.809021711,2.814477205
725,14499.990,1786879754996.435,14542814.370,0.000000000,-2.363636732,-3.643821716,3.588856459
726,14519.991,1786879755016.436,14542834.371,0.000000000,-2.720092058,-1.633846164,2.059861422
727,14539.990,1786879755036.435,14542854.370,0.000000000,-2.453994513,0.976175725,-0.865227163
728,14559.989,1786879755056.435,14542874.370,0.000000000,-1.878680468,3.043599129,-2.005122662
729,14579.991,1786879755076.437,14542894.372,0.000000000,-2.408510923,2.367316246,-0.788454533
730,14599.990,1786879755096.435,14542914.370,0.000000000,-2.909520388,0.124777928,2.236687899
731,14619.989,1786879755116.434,14542934.369,0.000000000,-4.224569321,-1.195417047,2.765479088
732,14640.013,1786879755136.458,14542954.393,0.000000000,-5.651252270,-1.246061563,2.737153769
733,14660.004,1786879755156.450,14542974.385,0.000000000,-5.760319233,-0.616953671,2.315531254
734,14680.006,1786879755176.451,14542994.387,0.000000000,-5.902631760,-0.728008926,1.612622619
735,14700.010,1786879755196.455,14543014.390,0.000000000,-6.585690022,-0.495068133,0.554694653
736,14720.003,1786879755216.448,14543034.383,0.000000000,-4.339852810,-0.880257487,0.951534450
737,14740.003,1786879755236.448,14543054.383,0.000000000,-4.289008141,1.033997297,0.028345853
738,14760.003,1786879755256.448,14543074.383,0.000000000,-4.063746452,2.145796061,-0.054330088
739,14780.007,1786879755276.452,14543094.387,0.000000000,-4.312520981,2.491419792,0.474126518
740,14800.005,1786879755296.450,14543114.385,0.000000000,-3.494750500,3.720212698,-0.524451613
741,14820.002,1786879755316.447,14543134.382,0.000000000,-2.266938448,1.973311424,-0.899116337
742,14840.002,1786879755336.448,14543154.383,0.000000000,-1.627895951,-0.233440757,-0.840943515
743,14859.997,1786879755356.443,14543174.378,0.000000000,-1.552583814,-2.382548809,1.591432571
744,14880.003,1786879755376.448,14543194.383,0.000000000,-1.654586434,-3.667097330,3.298180580
745,14900.005,1786879755396.450,14543214.385,0.000000000,-1.404662013,-3.079715729,2.935866356
746,14919.995,1786879755416.440,14543234.376,0.000000000,-1.249424219,-1.602561474,1.468169570
747,14940.006,1786879755436.451,14543254.386,0.000000000,-0.652684927,-0.881918967,2.318200350
748,14960.010,1786879755456.455,14543274.390,0.000000000,-0.390478641,-0.677271307,1.833504081
749,14980.004,1786879755476.449,14543294.384,0.000000000,-0.483408034,-1.141757727,0.689610958
750,15000.002,1786879755496.447,14543314.382,0.000000000,-0.517692983,-1.354529500,0.211870581
751,15020.004,1786879755516.449,14543334.384,0.000000000,0.040638316,-1.115855455,-0.513165474
752,15040.004,1786879755536.449,14543354.384,0.000000000,0.369601160,-1.190206051,0.033773784
753,15059.998,1786879755556.443,14543374.378,0.000000000,0.643976569,-1.163840294,0.624210060
754,15080.001,1786879755576.447,14543394.382,0.000000000,0.890603900,-1.056868315,0.937888920
755,15099.998,1786879755596.443,14543414.378,0.000000000,0.818652272,-1.155697942,0.164062664
756,15119.999,1786879755616.444,14543434.379,0.000000000,1.181177139,-1.317735195,0.180373475
757,15140.001,1786879755636.446,14543454.381,0.000000000,1.060383916,-1.757184982,0.817602873
758,15160.007,1786879755656.452,14543474.387,0.000000000,1.228407383,-1.712973595,1.236496568
759,15180.001,1786879755676.447,14543494.382,0.000000000,0.761456072,-1.233767152,1.772872448
760,15199.995,1786879755696.440,14543514.375,0.000000000,-0.557214856,-0.302836508,2.541075230
761,15220.038,1786879755716.483,14543534.419,0.000000000,-1.039763927,1.257261634,4.379557610
762,15240.044,1786879755736.489,14543554.424,0.000000000,-1.862520218,2.935416222,4.026636124
763,15260.040,1786879755756.486,14543574.421,0.000000000,-1.327207565,3.361371040,-0.354089588
764,15280.039,1786879755776.484,14543594.419,0.000000000,-2.710493088,1.647860169,2.458377123
765,15300.040,1786879755796.485,14543614.420,0.000000000,-3.165047884,1.425192118,3.405423880
766,15320.046,1786879755816.491,14543634.426,0.000000000,-1.990115762,1.159739137,1.293172598
767,15339.995,1786879755836.440,14543654.375,0.000000000,0.188811913,0.464129448,-2.345384598
768,15359.992,1786879755856.437,14543674.372,0.000000000,1.519404769,0.308816344,-3.183667660
769,15379.989,1786879755876.435,14543694.370,0.000000000,1.632233143,-0.359374315,-1.041916966
770,15399.987,1786879755896.432,14543714.367,0.000000000,1.410009861,-1.694741964,0.734424055
771,15419.990,1786879755916.435,14543734.370,0.000000000,1.375216961,-2.306033373,0.477394462
772,15439.988,1786879755936.433,14543754.368,0.000000000,1.691385746,-2.112124443,-1.544561148
