index,time_ms,time_realtime_ms,time_monotonic_ms,ros_timestamp,left_hand_act_0,left_hand_act_1,left_hand_act_2,left_hand_act_3,left_hand_act_4,left_hand_act_5,left_hand_act_6
0,0.000,1786878741659.440,13529477.375,0.000000000,0.000000000,0.000000000,0.000000000,0.000000000,0.000000000,0.000000000,0.000000000
1,19.993,1786878741679.433,13529497.368,0.000000000,0.000000000,0.000000000,1.750000000,-1.570000000,-1.750000000,-1.570000000,-1.750000000
2,39.988,1786878741699.428,13529517.363,0.000000000,0.000000000,0.000000000,1.750000000,-1.570000000,-1.750000000,-1.570000000,-1.750000000
3,59.992,1786878741719.432,13529537.367,0.000000000,0.000000000,0.000000000,1.750000000,-1.570000000,-1.750000000,-1.570000000,-1.750000000
4,80.029,1786878741739.470,13529557.405,0.000000000,0.000000000,0.000000000,1.750000000,-1.570000000,-1.750000000,-1.570000000,-1.750000000
5,99.991,1786878741759.431,13529577.366,0.000000000,0.000000000,0.000000000,1.750000000,-1.570000000,-1.750000000,-1.570000000,-1.750000000
6,119.988,1786878741779.428,13529597.363,0.000000000,0.000000000,0.000000000,1.750000000,-1.570000000,-1.750000000,-1.570000000,-1.750000000
7,139.988,1786878741799.428,13529617.363,0.000000000,0.000000000,0.000000000,1.750000000,-1.570000000,-1.750000000,-1.570000000,-1.750000000
8,159.987,1786878741819.427,13529637.362,0.000000000,0.000000000,0.000000000,1.750000000,-1.570000000,-1.750000000,-1.570000000,-1.750000000
9,179.986,1786878741839.426,13529657.361,0.000000000,0.000000000,0.000000000,1.750000000,-1.570000000,-1.750000000,-1.570000000,-1.750000000
10,199.986,1786878741859.427,13529677.361,0.000000000,0.000000000,0.000000000,1.750000000,-1.570000000,-1.750000000,-1.570000000,-1.750000000
11,219.986,1786878741879.426,13529697.361,0.000000000,0.000000000,0.000000000,1.750000000,-1.570000000,-1.750000000,-1.570000000,-1.750000000
12,239.987,1786878741899.427,13529717.362,0.000000000,0.000000000,0.000000000,1.750000000,-1.570000000,-1.750000000,-1.570000000,-1.750000000
13,259.988,1786878741919.428,13529737.363,0.000000000,0.000000000,0.000000000,1.750000000,-1.570000000,-1.750000000,-1.570000000,-1.750000000
14,279.988,1786878741939.428,13529757.363,0.000000000,0.000000000,0.000000000,1.750000000,-1.570000000,-1.750000000,-1.570000000,-1.750000000
15,299.988,1786878741959.429,13529777.364,0.000000000,0.000000000,0.000000000,1.750000000,-1.570000000,-1.750000000,-1.570000000,-1.750000000
16,319.987,1786878741979.427,13529797.362,0.000000000,0.000000000,0.000000000,1.750000000,-1.570000000,-1.750000000,-1.570000000,-1.750000000
17,339.986,1786878741999.427,13529817.362,0.000000000,0.000000000,0.000000000,1.750000000,-1.570000000,-1.750000000,-1.570000000,-1.750000000
18,359.986,1786878742019.427,13529837.362,0.000000000,0.000000000,0.000000000,1.750000000,-1.570000000,-1.750000000,-1.570000000,-1.750000000
19,379.988,1786878742039.428,13529857.363,0.000000000,0.000000000,0.000000000,1.750000000,-1.570000000,-1.750000000,-1.570000000,-1.750000000
20,399.987,1786878742059.427,13529877.362,0.000000000,0.000000000,0.000000000,1.750000000,-1.570000000,-1.750000000,-1.570000000,-1.750000000
21,419.987,1786878742079.427,13529897.363,0.000000000,0.000000000,0.000000000,1.750000000,-1.570000000,-1.750000000,-1.570000000,-1.750000000
22,439.987,1786878742099.427,13529917.362,0.000000000,0.000000000,0.000000000,1.750000000,-1.570000000,-1.750000000,-1.570000000,-1.750000000
23,459.986,1786878742119.427,13529937.362,0.000000000,0.000000000,0.000000000,1.750000000,-1.570000000,-1.750000000,-1.570000000,-1.750000000
24,479.988,1786878742139.428,13529957.363,0.000000000,0.000000000,0.000000000,1.750000000,-1.570000000,-1.750000000,-1.570000000,-1.750000000
25,499.987,1786878742159.427,13529977.362,0.000000000,0.000000000,0.000000000,1.750000000,-1.570000000,-1.750000000,-1.570000000,-1.750000000
26,519.988,1786878742179.428,13529997.363,0.000000000,0.000000000,0.000000000,1.750000000,-1.570000000,-1.750000000,-1.570000000,-1.750000000
27,539.988,1786878742199.428,13530017.363,0.000000000,0.000000000,0.000000000,1.750000000,-1.570000000,-1.750000000,-1.570000000,-1.750000000
28,559.987,1786878742219.428,13530037.363,0.000000000,0.000000000,0.000000000,1.750000000,-1.570000000,-1.750000000,-1.570000000,-1.750000000
29,579.987,1786878742239.427,13530057.362,0.000000000,0.000000000,0.000000000,1.750000000,-1.570000000,-1.750000000,-1.570000000,-1.750000000
30,599.986,1786878742259.427,13530077.362,0.000000000,0.000000000,0.000000000,1.750000000,-1.570000000,-1.750000000,-1.570000000,-1.750000000
31,619.986,1786878742279.427,13530097.362,0.000000000,0.000000000,0.000000000,1.750000000,-1.570000000,-1.750000000,-1.570000000,-1.750000000
32,639.987,1786878742299.428,13530117.363,0.000000000,0.000000000,0.000000000,1.750000000,-1.570000000,-1.750000000,-1.570000000,-1.750000000
33,659.986,1786878742319.427,13530137.361,0.000000000,0.000000000,0.000000000,1.750000000,-1.570000000,-1.750000000,-1.570000000,-1.750000000
34,679.987,1786878742339.427,13530157.362,0.000000000,0.000000000,0.000000000,1.750000000,-1.570000000,-1.750000000,-1.570000000,-1.750000000
35,699.988,1786878742359.428,13530177.363,0.000000000,0.000000000,0.000000000,1.750000000,-1.570000000,-1.750000000,-1.570000000,-1.750000000
36,719.987,1786878742379.427,13530197.362,0.000000000,0.000000000,0.000000000,1.750000000,-1.570000000,-1.750000000,-1.570000000,-1.750000000
37,739.986,1786878742399.426,13530217.361,0.000000000,0.000000000,0.000000000,1.750000000,-1.570000000,-1.750000000,-1.570000000,-1.750000000
38,759.988,1786878742419.428,13530237.363,0.000000000,0.000000000,0.000000000,1.750000000,-1.570000000,-1.750000000,-1.570000000,-1.750000000
39,779.987,1786878742439.427,13530257.362,0.000000000,0.000000000,0.000000000,1.750000000,-1.570000000,-1.750000000,-1.570000000,-1.750000000
40,799.988,1786878742459.428,13530277.364,0.000000000,0.000000000,0.000000000,1.750000000,-1.570000000,-1.750000000,-1.570000000,-1.750000000
41,819.987,1786878742479.427,13530297.363,0.000000000,0.000000000,0.000000000,1.750000000,-1.570000000,-1.750000000,-1.570000000,-1.750000000
42,839.989,1786878742499.429,13530317.364,0.000000000,0.000000000,0.000000000,1.750000000,-1.570000000,-1.750000000,-1.570000000,-1.750000000
43,859.987,1786878742519.427,13530337.362,0.000000000,0.000000000,0.000000000,1.750000000,-1.570000000,-1.750000000,-1.570000000,-1.750000000
44,879.987,1786878742539.427,13530357.362,0.000000000,0.000000000,0.000000000,1.750000000,-1.570000000,-1.750000000,-1.570000000,-1.750000000
45,899.987,1786878742559.427,13530377.362,0.000000000,0.000000000,0.000000000,1.750000000,-1.570000000,-1.750000000,-1.570000000,-1.750000000
46,919.987,1786878742579.427,13530397.362,0.000000000,0.000000000,0.000000000,1.750000000,-1.570000000,-1.750000000,-1.570000000,-1.750000000
47,939.988,1786878742599.428,13530417.363,0.000000000,0.000000000,0.000000000,1.750000000,-1.570000000,-1.750000000,-1.570000000,-1.750000000
48,959.988,1786878742619.428,13530437.363,0.000000000,0.000000000,0.000000000,1.750000000,-1.570000000,-1.750000000,-1.570000000,-1.750000000
49,979.987,1786878742639.427,13530457.363,0.000000000,0.000000000,0.000000000,1.750000000,-1.570000000,-1.750000000,-1.570000000,-1.750000000
50,999.988,1786878742659.428,13530477.363,0.000000000,0.000000000,0.000000000,1.750000000,-1.570000000,-1.750000000,-1.570000000,-1.750000000
51,1019.987,1786878742679.428,13530497.363,0.000000000,0.000000000,0.000000000,1.750000000,-1.570000000,-1.750000000,-1.570000000,-1.750000000
52,1039.986,1786878742699.427,13530517.361,0.000000000,0.000000000,0.000000000,1.750000000,-1.570000000,-1.750000000,-1.570000000,-1.750000000
53,1059.987,1786878742719.427,13530537.362,0.000000000,0.000000000,0.000000000,1.750000000,-1.570000000,-1.750000000,-1.570000000,-1.750000000
54,1079.987,1786878742739.427,13530557.362,0.000000000,0.000000000,0.000000000,1.750000000,-1.570000000,-1.750000000,-1.570000000,-1.750000000
55,1099.986,1786878742759.426,13530577.361,0.000000000,0.000000000,0.000000000,1.750000000,-1.570000000,-1.750000000,-1.570000000,-1.750000000
56,1119.986,1786878742779.427,13530597.361,0.000000000,0.000000000,0.000000000,1.750000000,-1.570000000,-1.750000000,-1.570000000,-1.750000000
57,1139.986,1786878742799.427,13530617.362,0.000000000,0.000000000,0.000000000,1.750000000,-1.570000000,-1.750000000,-1.570000000,-1.750000000
58,1159.987,1786878742819.428,13530637.363,0.000000000,0.000000000,0.000000000,1.750000000,-1.570000000,-1.750000000,-1.570000000,-1.750000000
59,1179.986,1786878742839.427,13530657.361,0.000000000,0.000000000,0.000000000,1.750000000,-1.570000000,-1.750000000,-1.570000000,-1.750000000
60,1199.989,1786878742859.429,13530677.364,0.000000000,0.000000000,0.000000000,1.750000000,-1.570000000,-1.750000000,-1.570000000,-1.750000000
61,1219.989,1786878742879.429,13530697.364,0.000000000,0.000000000,0.000000000,1.750000000,-1.570000000,-1.750000000,-1.570000000,-1.750000000
62,1239.987,1786878742899.427,13530717.362,0.000000000,0.000000000,0.000000000,1.750000000,-1.570000000,-1.750000000,-1.570000000,-1.750000000
63,1259.987,1786878742919.427,13530737.362,0.000000000,0.000000000,0.000000000,1.750000000,-1.570000000,-1.750000000,-1.570000000,-1.750000000
64,1279.987,1786878742939.427,13530757.362,0.000000000,0.000000000,0.000000000,1.750000000,-1.570000000,-1.750000000,-1.570000000,-1.750000000
65,1299.988,1786878742959.428,13530777.363,0.000000000,0.000000000,0.000000000,1.750000000,-1.570000000,-1.750000000,-1.570000000,-1.750000000
66,1319.987,1786878742979.427,13530797.363,0.000000000,0.000000000,0.000000000,1.750000000,-1.570000000,-1.750000000,-1.570000000,-1.750000000
67,1339.987,1786878742999.427,13530817.362,0.000000000,0.000000000,0.000000000,1.750000000,-1.570000000,-1.750000000,-1.570000000,-1.750000000
68,1359.987,1786878743019.427,13530837.362,0.000000000,0.000000000,0.000000000,1.750000000,-1.570000000,-1.750000000,-1.570000000,-1.750000000
69,1379.986,1786878743039.427,13530857.362,0.000000000,0.000000000,0.000000000,1.750000000,-1.570000000,-1.750000000,-1.570000000,-1.750000000
70,1399.987,1786878743059.427,13530877.362,0.000000000,0.000000000,0.000000000,1.750000000,-1.570000000,-1.750000000,-1.570000000,-1.750000000
71,1419.989,1786878743079.429,13530897.364,0.000000000,0.000000000,0.000000000,1.750000000,-1.570000000,-1.750000000,-1.570000000,-1.750000000
72,1439.988,1786878743099.428,13530917.363,0.000000000,0.000000000,0.000000000,1.750000000,-1.570000000,-1.750000000,-1.570000000,-1.750000000
73,1459.987,1786878743119.427,13530937.362,0.000000000,0.000000000,0.000000000,1.750000000,-1.570000000,-1.750000000,-1.570000000,-1.750000000
74,1479.987,1786878743139.428,13530957.363,0.000000000,0.000000000,0.000000000,1.750000000,-1.570000000,-1.750000000,-1.570000000,-1.750000000
75,1499.986,1786878743159.427,13530977.361,0.000000000,0.000000000,0.000000000,1.750000000,-1.570000000,-1.750000000,-1.570000000,-1.750000000
76,1519.990,1786878743179.430,13530997.365,0.000000000,0.000000000,0.000000000,1.750000000,-1.570000000,-1.750000000,-1.570000000,-1.750000000
77,1539.987,1786878743199.428,13531017.363,0.000000000,0.000000000,0.000000000,1.750000000,-1.570000000,-1.750000000,-1.570000000,-1.750000000
78,1559.986,1786878743219.427,13531037.362,0.000000000,0.000000000,0.000000000,1.750000000,-1.570000000,-1.750000000,-1.570000000,-1.750000000
79,1579.987,1786878743239.427,13531057.362,0.000000000,0.000000000,0.000000000,1.750000000,-1.570000000,-1.750000000,-1.570000000,-1.750000000
80,1599.986,1786878743259.426,13531077.361,0.000000000,0.000000000,0.000000000,1.750000000,-1.570000000,-1.750000000,-1.570000000,-1.750000000
81,1619.988,1786878743279.428,13531097.363,0.000000000,0.000000000,0.000000000,1.750000000,-1.570000000,-1.750000000,-1.570000000,-1.750000000
82,1639.988,1786878743299.428,13531117.363,0.000000000,0.000000000,0.000000000,1.750000000,-1.570000000,-1.750000000,-1.570000000,-1.750000000
83,1659.987,1786878743319.427,13531137.362,0.000000000,0.000000000,0.000000000,1.750000000,-1.570000000,-1.750000000,-1.570000000,-1.750000000
84,1679.987,1786878743339.427,13531157.362,0.000000000,0.000000000,0.000000000,1.750000000,-1.570000000,-1.750000000,-1.570000000,-1.750000000
85,1699.987,1786878743359.427,13531177.362,0.000000000,0.000000000,0.000000000,1.750000000,-1.570000000,-1.750000000,-1.570000000,-1.750000000
86,1719.987,1786878743379.427,13531197.362,0.000000000,0.000000000,0.000000000,1.750000000,-1.570000000,-1.750000000,-1.570000000,-1.750000000
87,1739.987,1786878743399.427,13531217.362,0.000000000,0.000000000,0.000000000,1.750000000,-1.570000000,-1.750000000,-1.570000000,-1.750000000
88,1759.987,1786878743419.427,13531237.362,0.000000000,0.000000000,0.000000000,1.750000000,-1.570000000,-1.750000000,-1.570000000,-1.750000000
89,1779.987,1786878743439.427,13531257.362,0.000000000,0.000000000,0.000000000,1.750000000,-1.570000000,-1.750000000,-1.570000000,-1.750000000
90,1799.987,1786878743459.427,13531277.362,0.000000000,0.000000000,0.000000000,1.750000000,-1.570000000,-1.750000000,-1.570000000,-1.750000000
91,1819.986,1786878743479.427,13531297.361,0.000000000,0.000000000,0.000000000,1.750000000,-1.570000000,-1.750000000,-1.570000000,-1.750000000
92,1839.987,1786878743499.428,13531317.363,0.000000000,0.000000000,0.000000000,1.750000000,-1.570000000,-1.750000000,-1.570000000,-1.750000000
93,1859.986,1786878743519.427,13531337.362,0.000000000,0.000000000,0.000000000,1.750000000,-1.570000000,-1.750000000,-1.570000000,-1.750000000
94,1879.988,1786878743539.428,13531357.363,0.000000000,0.000000000,0.000000000,1.750000000,-1.570000000,-1.750000000,-1.570000000,-1.750000000
95,1899.987,1786878743559.428,13531377.363,0.000000000,0.000000000,0.000000000,1.750000000,-1.570000000,-1.750000000,-1.570000000,-1.750000000
96,1919.987,1786878743579.427,13531397.362,0.000000000,0.000000000,0.000000000,1.750000000,-1.570000000,-1.750000000,-1.570000000,-1.750000000
97,1939.987,1786878743599.428,13531417.363,0.000000000,0.000000000,0.000000000,1.750000000,-1.570000000,-1.750000000,-1.570000000,-1.750000000
98,1959.987,1786878743619.427,13531437.362,0.000000000,0.000000000,0.000000000,1.750000000,-1.570000000,-1.750000000,-1.570000000,-1.750000000
99,1979.987,1786878743639.427,13531457.362,0.000000000,0.000000000,0.000000000,1.750000000,-1.570000000,-1.750000000,-1.570000000,-1.750000000
100,1999.988,1786878743659.428,13531477.363,0.000000000,0.000000000,0.000000000,1.750000000,-1.570000000,-1.750000000,-1.570000000,-1.750000000
101,2019.988,1786878743679.428,13531497.363,0.000000000,0.000000000,0.000000000,1.750000000,-1.570000000,-1.750000000,-1.570000000,-1.750000000
102,2039.992,1786878743699.432,13531517.367,0.000000000,0.000000000,0.000000000,1.750000000,-1.570000000,-1.750000000,-1.570000000,-1.750000000
103,2059.988,1786878743719.428,13531537.363,0.000000000,0.000000000,0.000000000,1.750000000,-1.570000000,-1.750000000,-1.570000000,-1.750000000
104,2079.987,1786878743739.427,13531557.362,0.000000000,0.000000000,0.000000000,1.750000000,-1.570000000,-1.750000000,-1.570000000,-1.750000000
105,2099.988,1786878743759.428,13531577.363,0.000000000,0.000000000,0.000000000,1.750000000,-1.570000000,-1.750000000,-1.570000000,-1.750000000
106,2119.987,1786878743779.427,13531597.362,0.000000000,0.000000000,0.000000000,1.750000000,-1.570000000,-1.750000000,-1.570000000,-1.750000000
107,2139.987,1786878743799.427,13531617.362,0.000000000,0.000000000,0.000000000,1.750000000,-1.570000000,-1.750000000,-1.570000000,-1.750000000
108,2159.987,1786878743819.427,13531637.362,0.000000000,0.000000000,0.000000000,1.750000000,-1.570000000,-1.750000000,-1.570000000,-1.750000000
109,2179.987,1786878743839.427,13531657.362,0.000000000,0.000000000,0.000000000,1.750000000,-1.570000000,-1.750000000,-1.570000000,-1.750000000
110,2199.988,1786878743859.428,13531677.363,0.000000000,0.000000000,0.000000000,1.750000000,-1.570000000,-1.750000000,-1.570000000,-1.750000000
111,2219.987,1786878743879.427,13531697.362,0.000000000,0.000000000,0.000000000,1.750000000,-1.570000000,-1.750000000,-1.570000000,-1.750000000
112,2239.988,1786878743899.428,13531717.363,0.000000000,0.000000000,0.000000000,1.750000000,-1.570000000,-1.750000000,-1.570000000,-1.750000000
113,2259.986,1786878743919.426,13531737.361,0.000000000,0.000000000,0.000000000,1.750000000,-1.570000000,-1.750000000,-1.570000000,-1.750000000
114,2279.987,1786878743939.427,13531757.363,0.000000000,0.000000000,0.000000000,1.750000000,-1.570000000,-1.750000000,-1.570000000,-1.750000000
115,2299.986,1786878743959.427,13531777.362,0.000000000,0.000000000,0.000000000,1.750000000,-1.570000000,-1.750000000,-1.570000000,-1.750000000
116,2319.986,1786878743979.426,13531797.361,0.000000000,0.000000000,0.000000000,1.750000000,-1.570000000,-1.750000000,-1.570000000,-1.750000000
117,2339.988,1786878743999.428,13531817.363,0.000000000,0.000000000,0.000000000,1.750000000,-1.570000000,-1.750000000,-1.570000000,-1.750000000
118,2359.987,1786878744019.428,13531837.363,0.000000000,0.000000000,0.000000000,1.750000000,-1.570000000,-1.750000000,-1.570000000,-1.750000000
119,2379.987,1786878744039.427,13531857.362,0.000000000,0.000000000,0.000000000,1.750000000,-1.570000000,-1.750000000,-1.570000000,-1.750000000
120,2399.987,1786878744059.427,13531877.362,0.000000000,0.000000000,0.000000000,1.750000000,-1.570000000,-1.750000000,-1.570000000,-1.750000000
121,2419.988,1786878744079.428,13531897.363,0.000000000,0.000000000,0.000000000,1.750000000,-1.570000000,-1.750000000,-1.570000000,-1.750000000
122,2439.989,1786878744099.429,13531917.364,0.000000000,0.000000000,0.000000000,1.750000000,-1.570000000,-1.750000000,-1.570000000,-1.750000000
123,2459.991,1786878744119.431,13531937.366,0.000000000,0.000000000,0.000000000,1.750000000,-1.570000000,-1.750000000,-1.570000000,-1.750000000
124,2479.989,1786878744139.430,13531957.365,0.000000000,0.000000000,0.000000000,1.750000000,-1.570000000,-1.750000000,-1.570000000,-1.750000000
125,2499.988,1786878744159.428,13531977.364,0.000000000,0.000000000,0.000000000,1.750000000,-1.570000000,-1.750000000,-1.570000000,-1.750000000
126,2519.989,1786878744179.429,13531997.364,0.000000000,0.000000000,0.000000000,1.750000000,-1.570000000,-1.750000000,-1.570000000,-1.750000000
127,2539.989,1786878744199.429,13532017.364,0.000000000,0.000000000,0.000000000,1.750000000,-1.570000000,-1.750000000,-1.570000000,-1.750000000
128,2559.987,1786878744219.427,13532037.362,0.000000000,0.000000000,0.000000000,1.750000000,-1.570000000,-1.750000000,-1.570000000,-1.750000000
129,2579.987,1786878744239.427,13532057.363,0.000000000,0.000000000,0.000000000,1.750000000,-1.570000000,-1.750000000,-1.570000000,-1.750000000
130,2599.986,1786878744259.427,13532077.362,0.000000000,0.000000000,0.000000000,1.750000000,-1.570000000,-1.750000000,-1.570000000,-1.750000000
131,2619.987,1786878744279.427,13532097.362,0.000000000,0.000000000,0.000000000,1.750000000,-1.570000000,-1.750000000,-1.570000000,-1.750000000
132,2639.987,1786878744299.427,13532117.362,0.000000000,0.000000000,0.000000000,1.750000000,-1.570000000,-1.750000000,-1.570000000,-1.750000000
133,2659.986,1786878744319.427,13532137.362,0.000000000,0.000000000,0.000000000,1.750000000,-1.570000000,-1.750000000,-1.570000000,-1.750000000
134,2679.987,1786878744339.428,13532157.363,0.000000000,0.000000000,0.000000000,1.750000000,-1.570000000,-1.750000000,-1.570000000,-1.750000000
135,2699.987,1786878744359.427,13532177.362,0.000000000,0.000000000,0.000000000,1.750000000,-1.570000000,-1.750000000,-1.570000000,-1.750000000
136,2719.987,1786878744379.427,13532197.362,0.000000000,0.000000000,0.000000000,1.750000000,-1.570000000,-1.750000000,-1.570000000,-1.750000000
137,2739.986,1786878744399.427,13532217.362,0.000000000,0.000000000,0.000000000,1.750000000,-1.570000000,-1.750000000,-1.570000000,-1.750000000
138,2759.988,1786878744419.428,13532237.363,0.000000000,0.000000000,0.000000000,1.750000000,-1.570000000,-1.750000000,-1.570000000,-1.750000000
139,2779.986,1786878744439.427,13532257.361,0.000000000,0.000000000,0.000000000,1.750000000,-1.570000000,-1.750000000,-1.570000000,-1.750000000
140,2799.988,1786878744459.428,13532277.363,0.000000000,0.000000000,0.000000000,1.750000000,-1.570000000,-1.750000000,-1.570000000,-1.750000000
141,2819.988,1786878744479.428,13532297.363,0.000000000,0.000000000,0.000000000,1.750000000,-1.570000000,-1.750000000,-1.570000000,-1.750000000
142,2839.987,1786878744499.427,13532317.362,0.000000000,0.000000000,0.000000000,1.750000000,-1.570000000,-1.750000000,-1.570000000,-1.750000000
143,2859.986,1786878744519.426,13532337.361,0.000000000,0.000000000,0.000000000,1.750000000,-1.570000000,-1.750000000,-1.570000000,-1.750000000
144,2879.986,1786878744539.427,13532357.362,0.000000000,0.000000000,0.000000000,1.750000000,-1.570000000,-1.750000000,-1.570000000,-1.750000000
145,2899.989,1786878744559.429,13532377.364,0.000000000,0.000000000,0.000000000,1.750000000,-1.570000000,-1.750000000,-1.570000000,-1.750000000
146,2919.988,1786878744579.428,13532397.363,0.000000000,0.000000000,0.000000000,1.750000000,-1.570000000,-1.750000000,-1.570000000,-1.750000000
147,2939.987,1786878744599.427,13532417.362,0.000000000,0.000000000,0.000000000,1.750000000,-1.570000000,-1.750000000,-1.570000000,-1.750000000
148,2959.987,1786878744619.427,13532437.362,0.000000000,0.000000000,0.000000000,1.750000000,-1.570000000,-1.750000000,-1.570000000,-1.750000000
149,2979.987,1786878744639.427,13532457.362,0.000000000,0.000000000,0.000000000,1.750000000,-1.570000000,-1.750000000,-1.570000000,-1.750000000
150,2999.987,1786878744659.427,13532477.362,0.000000000,0.000000000,0.000000000,1.750000000,-1.570000000,-1.750000000,-1.570000000,-1.750000000
151,3019.988,1786878744679.428,13532497.363,0.000000000,0.000000000,0.000000000,1.750000000,-1.570000000,-1.750000000,-1.570000000,-1.750000000
152,3039.987,1786878744699.427,13532517.362,0.000000000,0.000000000,0.000000000,1.750000000,-1.570000000,-1.750000000,-1.570000000,-1.750000000
153,3059.987,1786878744719.427,13532537.362,0.000000000,0.000000000,0.000000000,1.750000000,-1.570000000,-1.750000000,-1.570000000,-1.750000000
154,3079.987,1786878744739.427,13532557.362,0.000000000,0.000000000,0.000000000,1.750000000,-1.570000000,-1.750000000,-1.570000000,-1.750000000
155,3099.986,1786878744759.427,13532577.362,0.000000000,0.000000000,0.000000000,1.750000000,-1.570000000,-1.750000000,-1.570000000,-1.750000000
156,3119.986,1786878744779.427,13532597.361,0.000000000,0.000000000,0.000000000,1.750000000,-1.570000000,-1.750000000,-1.570000000,-1.750000000
157,3139.988,1786878744799.428,13532617.363,0.000000000,0.000000000,0.000000000,1.750000000,-1.570000000,-1.750000000,-1.570000000,-1.750000000
158,3159.986,1786878744819.427,13532637.362,0.000000000,0.000000000,0.000000000,1.750000000,-1.570000000,-1.750000000,-1.570000000,-1.750000000
159,3179.987,1786878744839.427,13532657.362,0.000000000,0.000000000,0.000000000,1.750000000,-1.570000000,-1.750000000,-1.570000000,-1.750000000
160,3199.987,1786878744859.428,13532677.363,0.000000000,0.000000000,0.000000000,1.750000000,-1.570000000,-1.750000000,-1.570000000,-1.750000000
161,3219.987,1786878744879.427,13532697.362,0.000000000,0.000000000,0.000000000,1.750000000,-1.570000000,-1.750000000,-1.570000000,-1.750000000
162,3239.988,1786878744899.428,13532717.363,0.000000000,0.000000000,0.000000000,1.750000000,-1.570000000,-1.750000000,-1.570000000,-1.750000000
163,3259.988,1786878744919.428,13532737.363,0.000000000,0.000000000,0.000000000,1.750000000,-1.570000000,-1.750000000,-1.570000000,-1.750000000
164,3279.987,1786878744939.427,13532757.363,0.000000000,0.000000000,0.000000000,1.750000000,-1.570000000,-1.750000000,-1.570000000,-1.750000000
165,3299.988,1786878744959.428,13532777.363,0.000000000,0.000000000,0.000000000,1.750000000,-1.570000000,-1.750000000,-1.570000000,-1.750000000
166,3319.987,1786878744979.427,13532797.362,0.000000000,0.000000000,0.000000000,1.750000000,-1.570000000,-1.750000000,-1.570000000,-1.750000000
167,3339.986,1786878744999.426,13532817.361,0.000000000,0.000000000,0.000000000,1.750000000,-1.570000000,-1.750000000,-1.570000000,-1.750000000
168,3359.988,1786878745019.428,13532837.363,0.000000000,0.000000000,0.000000000,1.750000000,-1.570000000,-1.750000000,-1.570000000,-1.750000000
169,3379.987,1786878745039.427,13532857.362,0.000000000,0.000000000,0.000000000,1.750000000,-1.570000000,-1.750000000,-1.570000000,-1.750000000
170,3399.986,1786878745059.426,13532877.361,0.000000000,0.000000000,0.000000000,1.750000000,-1.570000000,-1.750000000,-1.570000000,-1.750000000
171,3419.987,1786878745079.427,13532897.362,0.000000000,0.000000000,0.000000000,1.750000000,-1.570000000,-1.750000000,-1.570000000,-1.750000000
172,3439.987,1786878745099.427,13532917.362,0.000000000,0.000000000,0.000000000,1.750000000,-1.570000000,-1.750000000,-1.570000000,-1.750000000
173,3459.986,1786878745119.426,13532937.361,0.000000000,0.000000000,0.000000000,1.750000000,-1.570000000,-1.750000000,-1.570000000,-1.750000000
174,3479.989,1786878745139.429,13532957.365,0.000000000,0.000000000,0.000000000,1.750000000,-1.570000000,-1.750000000,-1.570000000,-1.750000000
175,3499.988,1786878745159.428,13532977.363,0.000000000,0.000000000,0.000000000,1.750000000,-1.570000000,-1.750000000,-1.570000000,-1.750000000
176,3520.013,1786878745179.454,13532997.389,0.000000000,0.000000000,0.000000000,1.750000000,-1.570000000,-1.750000000,-1.570000000,-1.750000000
177,3539.990,1786878745199.431,13533017.366,0.000000000,0.000000000,0.000000000,1.750000000,-1.570000000,-1.750000000,-1.570000000,-1.750000000
178,3560.025,1786878745219.465,13533037.400,0.000000000,0.000000000,0.000000000,1.750000000,-1.570000000,-1.750000000,-1.570000000,-1.750000000
179,3579.992,1786878745239.432,13533057.367,0.000000000,0.000000000,0.000000000,1.750000000,-1.570000000,-1.750000000,-1.570000000,-1.750000000
180,3600.031,1786878745259.471,13533077.406,0.000000000,0.000000000,0.000000000,1.750000000,-1.570000000,-1.750000000,-1.570000000,-1.750000000
181,3619.990,1786878745279.430,13533097.365,0.000000000,0.000000000,0.000000000,1.750000000,-1.570000000,-1.750000000,-1.570000000,-1.750000000
182,3639.989,1786878745299.429,13533117.365,0.000000000,0.000000000,0.000000000,1.750000000,-1.570000000,-1.750000000,-1.570000000,-1.750000000
183,3660.022,1786878745319.462,13533137.397,0.000000000,0.000000000,0.000000000,1.750000000,-1.570000000,-1.750000000,-1.570000000,-1.750000000
184,3680.036,1786878745339.476,13533157.411,0.000000000,0.000000000,0.000000000,1.750000000,-1.570000000,-1.750000000,-1.570000000,-1.750000000
185,3699.989,1786878745359.429,13533177.365,0.000000000,0.000000000,0.000000000,1.750000000,-1.570000000,-1.750000000,-1.570000000,-1.750000000
186,3719.989,1786878745379.430,13533197.365,0.000000000,0.000000000,0.000000000,1.750000000,-1.570000000,-1.750000000,-1.570000000,-1.750000000
187,3740.023,1786878745399.464,13533217.399,0.000000000,0.000000000,0.000000000,1.750000000,-1.570000000,-1.750000000,-1.570000000,-1.750000000
188,3760.000,1786878745419.440,13533237.375,0.000000000,0.000000000,0.000000000,1.750000000,-1.570000000,-1.750000000,-1.570000000,-1.750000000
189,3779.999,1786878745439.439,13533257.374,0.000000000,0.000000000,0.000000000,1.750000000,-1.570000000,-1.750000000,-1.570000000,-1.750000000
190,3800.004,1786878745459.444,13533277.379,0.000000000,0.000000000,0.000000000,1.750000000,-1.570000000,-1.750000000,-1.570000000,-1.750000000
191,3820.001,1786878745479.441,13533297.376,0.000000000,0.000000000,0.000000000,1.750000000,-1.570000000,-1.750000000,-1.570000000,-1.750000000
192,3840.000,1786878745499.440,13533317.375,0.000000000,0.000000000,0.000000000,1.750000000,-1.570000000,-1.750000000,-1.570000000,-1.750000000
193,3860.003,1786878745519.444,13533337.379,0.000000000,0.000000000,0.000000000,1.750000000,-1.570000000,-1.750000000,-1.570000000,-1.750000000
194,3880.004,1786878745539.444,13533357.379,0.000000000,0.000000000,0.000000000,1.750000000,-1.570000000,-1.750000000,-1.570000000,-1.750000000
195,3899.995,1786878745559.435,13533377.370,0.000000000,0.000000000,0.000000000,1.750000000,-1.570000000,-1.750000000,-1.570000000,-1.750000000
196,3919.999,1786878745579.439,13533397.374,0.000000000,0.000000000,0.000000000,1.750000000,-1.570000000,-1.750000000,-1.570000000,-1.750000000
197,3939.990,1786878745599.430,13533417.365,0.000000000,0.000000000,0.000000000,1.750000000,-1.570000000,-1.750000000,-1.570000000,-1.750000000
198,3959.989,1786878745619.429,13533437.364,0.000000000,0.000000000,0.000000000,1.750000000,-1.570000000,-1.750000000,-1.570000000,-1.750000000
199,3979.987,1786878745639.428,13533457.363,0.000000000,0.000000000,0.000000000,1.750000000,-1.570000000,-1.750000000,-1.570000000,-1.750000000
200,3999.987,1786878745659.427,13533477.362,0.000000000,0.000000000,0.000000000,1.750000000,-1.570000000,-1.750000000,-1.570000000,-1.750000000
201,4019.988,1786878745679.428,13533497.363,0.000000000,0.000000000,0.000000000,1.750000000,-1.570000000,-1.750000000,-1.570000000,-1.750000000
202,4039.986,1786878745699.427,13533517.362,0.000000000,0.000000000,0.000000000,1.750000000,-1.570000000,-1.750000000,-1.570000000,-1.750000000
203,4059.987,1786878745719.427,13533537.362,0.000000000,0.000000000,0.000000000,1.750000000,-1.570000000,-1.750000000,-1.570000000,-1.750000000
204,4079.987,1786878745739.427,13533557.362,0.000000000,0.000000000,0.000000000,1.750000000,-1.570000000,-1.750000000,-1.570000000,-1.750000000
205,4099.987,1786878745759.427,13533577.362,0.000000000,0.000000000,0.000000000,1.750000000,-1.570000000,-1.750000000,-1.570000000,-1.750000000
206,4119.988,1786878745779.429,13533597.364,0.000000000,0.000000000,0.000000000,1.750000000,-1.570000000,-1.750000000,-1.570000000,-1.750000000
207,4139.986,1786878745799.427,13533617.361,0.000000000,0.000000000,0.000000000,1.750000000,-1.570000000,-1.750000000,-1.570000000,-1.750000000
208,4159.989,1786878745819.429,13533637.364,0.000000000,0.000000000,0.000000000,1.750000000,-1.570000000,-1.750000000,-1.570000000,-1.750000000
209,4179.989,1786878745839.429,13533657.364,0.000000000,0.000000000,0.000000000,1.750000000,-1.570000000,-1.750000000,-1.570000000,-1.750000000
210,4199.987,1786878745859.427,13533677.362,0.000000000,0.000000000,0.000000000,1.750000000,-1.570000000,-1.750000000,-1.570000000,-1.750000000
211,4219.987,1786878745879.428,13533697.363,0.000000000,0.000000000,0.000000000,1.750000000,-1.570000000,-1.750000000,-1.570000000,-1.750000000
212,4239.987,1786878745899.427,13533717.362,0.000000000,0.000000000,0.000000000,1.750000000,-1.570000000,-1.750000000,-1.570000000,-1.750000000
213,4259.988,1786878745919.428,13533737.363,0.000000000,0.000000000,0.000000000,1.750000000,-1.570000000,-1.750000000,-1.570000000,-1.750000000
214,4279.987,1786878745939.427,13533757.362,0.000000000,0.000000000,0.000000000,1.750000000,-1.570000000,-1.750000000,-1.570000000,-1.750000000
215,4299.987,1786878745959.428,13533777.363,0.000000000,0.000000000,0.000000000,1.750000000,-1.570000000,-1.750000000,-1.570000000,-1.750000000
216,4319.987,1786878745979.427,13533797.362,0.000000000,0.000000000,0.000000000,1.750000000,-1.570000000,-1.750000000,-1.570000000,-1.750000000
217,4339.986,1786878745999.427,13533817.362,0.000000000,0.000000000,0.000000000,1.750000000,-1.570000000,-1.750000000,-1.570000000,-1.750000000
218,4359.987,1786878746019.428,13533837.363,0.000000000,0.000000000,0.000000000,1.750000000,-1.570000000,-1.750000000,-1.570000000,-1.750000000
219,4379.988,1786878746039.428,13533857.363,0.000000000,0.000000000,0.000000000,1.750000000,-1.570000000,-1.750000000,-1.570000000,-1.750000000
220,4399.987,1786878746059.427,13533877.362,0.000000000,0.000000000,0.000000000,1.750000000,-1.570000000,-1.750000000,-1.570000000,-1.750000000
221,4419.986,1786878746079.427,13533897.361,0.000000000,0.000000000,0.000000000,1.750000000,-1.570000000,-1.750000000,-1.570000000,-1.750000000
222,4439.986,1786878746099.427,13533917.362,0.000000000,0.000000000,0.000000000,1.750000000,-1.570000000,-1.750000000,-1.570000000,-1.750000000
223,4459.987,1786878746119.427,13533937.362,0.000000000,0.000000000,0.000000000,1.750000000,-1.570000000,-1.750000000,-1.570000000,-1.750000000
224,4479.988,1786878746139.428,13533957.363,0.000000000,0.000000000,0.000000000,1.750000000,-1.570000000,-1.750000000,-1.570000000,-1.750000000
225,4499.986,1786878746159.426,13533977.361,0.000000000,0.000000000,0.000000000,1.750000000,-1.570000000,-1.750000000,-1.570000000,-1.750000000
226,4519.988,1786878746179.428,13533997.363,0.000000000,0.000000000,0.000000000,1.750000000,-1.570000000,-1.750000000,-1.570000000,-1.750000000
227,4539.988,1786878746199.429,13534017.364,0.000000000,0.000000000,0.000000000,1.750000000,-1.570000000,-1.750000000,-1.570000000,-1.750000000
228,4559.990,1786878746219.430,13534037.365,0.000000000,0.000000000,0.000000000,1.750000000,-1.570000000,-1.750000000,-1.570000000,-1.750000000
229,4579.986,1786878746239.427,13534057.361,0.000000000,0.000000000,0.000000000,1.750000000,-1.570000000,-1.750000000,-1.570000000,-1.750000000
230,4599.988,1786878746259.428,13534077.363,0.000000000,0.000000000,0.000000000,1.750000000,-1.570000000,-1.750000000,-1.570000000,-1.750000000
231,4619.988,1786878746279.428,13534097.363,0.000000000,0.000000000,0.000000000,1.750000000,-1.570000000,-1.750000000,-1.570000000,-1.750000000
232,4639.987,1786878746299.427,13534117.362,0.000000000,0.000000000,0.000000000,1.750000000,-1.570000000,-1.750000000,-1.570000000,-1.750000000
233,4659.986,1786878746319.427,13534137.362,0.000000000,0.000000000,0.000000000,1.750000000,-1.570000000,-1.750000000,-1.570000000,-1.750000000
234,4679.986,1786878746339.426,13534157.361,0.000000000,0.000000000,0.000000000,1.750000000,-1.570000000,-1.750000000,-1.570000000,-1.750000000
235,4699.986,1786878746359.426,13534177.361,0.000000000,0.000000000,0.000000000,1.750000000,-1.570000000,-1.750000000,-1.570000000,-1.750000000
236,4719.986,1786878746379.426,13534197.361,0.000000000,0.000000000,0.000000000,1.750000000,-1.570000000,-1.750000000,-1.570000000,-1.750000000
237,4739.986,1786878746399.426,13534217.361,0.000000000,0.000000000,0.000000000,1.750000000,-1.570000000,-1.750000000,-1.570000000,-1.750000000
238,4759.986,1786878746419.427,13534237.361,0.000000000,0.000000000,0.000000000,1.750000000,-1.570000000,-1.750000000,-1.570000000,-1.750000000
239,4779.986,1786878746439.427,13534257.362,0.000000000,0.000000000,0.000000000,1.750000000,-1.570000000,-1.750000000,-1.570000000,-1.750000000
240,4799.987,1786878746459.427,13534277.362,0.000000000,0.000000000,0.000000000,1.750000000,-1.570000000,-1.750000000,-1.570000000,-1.750000000
241,4819.986,1786878746479.426,13534297.361,0.000000000,0.000000000,0.000000000,1.750000000,-1.570000000,-1.750000000,-1.570000000,-1.750000000
242,4839.988,1786878746499.428,13534317.363,0.000000000,0.000000000,0.000000000,1.750000000,-1.570000000,-1.750000000,-1.570000000,-1.750000000
243,4859.988,1786878746519.428,13534337.363,0.000000000,0.000000000,0.000000000,1.750000000,-1.570000000,-1.750000000,-1.570000000,-1.750000000
244,4879.987,1786878746539.427,13534357.363,0.000000000,0.000000000,0.000000000,1.750000000,-1.570000000,-1.750000000,-1.570000000,-1.750000000
245,4899.986,1786878746559.427,13534377.362,0.000000000,0.000000000,0.000000000,1.750000000,-1.570000000,-1.750000000,-1.570000000,-1.750000000
246,4919.986,1786878746579.426,13534397.361,0.000000000,0.000000000,0.000000000,1.750000000,-1.570000000,-1.750000000,-1.570000000,-1.750000000
247,4939.986,1786878746599.426,13534417.361,0.000000000,0.000000000,0.000000000,1.750000000,-1.570000000,-1.750000000,-1.570000000,-1.750000000
248,4959.987,1786878746619.427,13534437.362,0.000000000,0.000000000,0.000000000,1.750000000,-1.570000000,-1.750000000,-1.570000000,-1.750000000
249,4979.986,1786878746639.426,13534457.361,0.000000000,0.000000000,0.000000000,1.750000000,-1.570000000,-1.750000000,-1.570000000,-1.750000000
250,4999.988,1786878746659.428,13534477.363,0.000000000,0.000000000,0.000000000,1.750000000,-1.570000000,-1.750000000,-1.570000000,-1.750000000
251,5019.986,1786878746679.427,13534497.361,0.000000000,0.000000000,0.000000000,1.750000000,-1.570000000,-1.750000000,-1.570000000,-1.750000000
252,5039.986,1786878746699.426,13534517.361,0.000000000,0.000000000,0.000000000,1.750000000,-1.570000000,-1.750000000,-1.570000000,-1.750000000
253,5059.989,1786878746719.429,13534537.364,0.000000000,0.000000000,0.000000000,1.750000000,-1.570000000,-1.750000000,-1.570000000,-1.750000000
254,5079.989,1786878746739.429,13534557.364,0.000000000,0.000000000,0.000000000,1.750000000,-1.570000000,-1.750000000,-1.570000000,-1.750000000
255,5099.987,1786878746759.427,13534577.362,0.000000000,0.000000000,0.000000000,1.750000000,-1.570000000,-1.750000000,-1.570000000,-1.750000000
256,5119.987,1786878746779.427,13534597.362,0.000000000,0.000000000,0.000000000,1.750000000,-1.570000000,-1.750000000,-1.570000000,-1.750000000
257,5139.988,1786878746799.428,13534617.363,0.000000000,0.000000000,0.000000000,1.750000000,-1.570000000,-1.750000000,-1.570000000,-1.750000000
258,5159.987,1786878746819.427,13534637.362,0.000000000,0.000000000,0.000000000,1.750000000,-1.570000000,-1.750000000,-1.570000000,-1.750000000
259,5179.986,1786878746839.427,13534657.362,0.000000000,0.000000000,0.000000000,1.750000000,-1.570000000,-1.750000000,-1.570000000,-1.750000000
260,5199.987,1786878746859.427,13534677.362,0.000000000,0.000000000,0.000000000,1.750000000,-1.570000000,-1.750000000,-1.570000000,-1.750000000
261,5219.987,1786878746879.427,13534697.362,0.000000000,0.000000000,0.000000000,1.750000000,-1.570000000,-1.750000000,-1.570000000,-1.750000000
262,5239.988,1786878746899.428,13534717.363,0.000000000,0.000000000,0.000000000,1.750000000,-1.570000000,-1.750000000,-1.570000000,-1.750000000
263,5259.987,1786878746919.427,13534737.362,0.000000000,0.000000000,0.000000000,1.750000000,-1.570000000,-1.750000000,-1.570000000,-1.750000000
264,5279.986,1786878746939.427,13534757.362,0.000000000,0.000000000,0.000000000,1.750000000,-1.570000000,-1.750000000,-1.570000000,-1.750000000
265,5299.988,1786878746959.428,13534777.363,0.000000000,0.000000000,0.000000000,1.750000000,-1.570000000,-1.750000000,-1.570000000,-1.750000000
266,5319.987,1786878746979.428,13534797.363,0.000000000,0.000000000,0.000000000,1.750000000,-1.570000000,-1.750000000,-1.570000000,-1.750000000
267,5340.012,1786878746999.452,13534817.387,0.000000000,0.000000000,0.000000000,1.750000000,-1.570000000,-1.750000000,-1.570000000,-1.750000000
268,5360.025,1786878747019.466,13534837.401,0.000000000,0.000000000,0.000000000,1.750000000,-1.570000000,-1.750000000,-1.570000000,-1.750000000
269,5379.997,1786878747039.437,13534857.372,0.000000000,0.000000000,0.000000000,1.750000000,-1.570000000,-1.750000000,-1.570000000,-1.750000000
270,5399.988,1786878747059.428,13534877.363,0.000000000,0.000000000,0.000000000,1.750000000,-1.570000000,-1.750000000,-1.570000000,-1.750000000
271,5419.987,1786878747079.427,13534897.362,0.000000000,0.000000000,0.000000000,1.750000000,-1.570000000,-1.750000000,-1.570000000,-1.750000000
272,5439.986,1786878747099.426,13534917.361,0.000000000,0.000000000,0.000000000,1.750000000,-1.570000000,-1.750000000,-1.570000000,-1.750000000
273,5459.986,1786878747119.426,13534937.361,0.000000000,0.000000000,0.000000000,1.750000000,-1.570000000,-1.750000000,-1.570000000,-1.750000000
274,5479.986,1786878747139.427,13534957.362,0.000000000,0.000000000,0.000000000,1.750000000,-1.570000000,-1.750000000,-1.570000000,-1.750000000
275,5499.987,1786878747159.427,13534977.362,0.000000000,0.000000000,0.000000000,1.750000000,-1.570000000,-1.750000000,-1.570000000,-1.750000000
276,5519.987,1786878747179.427,13534997.362,0.000000000,0.000000000,0.000000000,1.750000000,-1.570000000,-1.750000000,-1.570000000,-1.750000000
277,5540.000,1786878747199.440,13535017.375,0.000000000,0.000000000,0.000000000,1.750000000,-1.570000000,-1.750000000,-1.570000000,-1.750000000
278,5559.989,1786878747219.429,13535037.365,0.000000000,0.000000000,0.000000000,1.750000000,-1.570000000,-1.750000000,-1.570000000,-1.750000000
279,5579.988,1786878747239.428,13535057.363,0.000000000,0.000000000,0.000000000,1.750000000,-1.570000000,-1.750000000,-1.570000000,-1.750000000
280,5599.987,1786878747259.427,13535077.362,0.000000000,0.000000000,0.000000000,1.750000000,-1.570000000,-1.750000000,-1.570000000,-1.750000000
281,5620.021,1786878747279.461,13535097.396,0.000000000,0.000000000,0.000000000,1.750000000,-1.570000000,-1.750000000,-1.570000000,-1.750000000
282,5639.994,1786878747299.435,13535117.370,0.000000000,0.000000000,0.000000000,1.750000000,-1.570000000,-1.750000000,-1.570000000,-1.750000000
283,5659.988,1786878747319.428,13535137.363,0.000000000,0.000000000,0.000000000,1.750000000,-1.570000000,-1.750000000,-1.570000000,-1.750000000
284,5679.987,1786878747339.427,13535157.363,0.000000000,0.000000000,0.000000000,1.750000000,-1.570000000,-1.750000000,-1.570000000,-1.750000000
285,5699.986,1786878747359.427,13535177.361,0.000000000,0.000000000,0.000000000,1.750000000,-1.570000000,-1.750000000,-1.570000000,-1.750000000
286,5719.988,1786878747379.428,13535197.364,0.000000000,0.000000000,0.000000000,1.750000000,-1.570000000,-1.750000000,-1.570000000,-1.750000000
287,5739.986,1786878747399.427,13535217.362,0.000000000,0.000000000,0.000000000,1.750000000,-1.570000000,-1.750000000,-1.570000000,-1.750000000
288,5759.988,1786878747419.429,13535237.364,0.000000000,0.000000000,0.000000000,1.750000000,-1.570000000,-1.750000000,-1.570000000,-1.750000000
289,5779.988,1786878747439.428,13535257.363,0.000000000,0.000000000,0.000000000,1.750000000,-1.570000000,-1.750000000,-1.570000000,-1.750000000
290,5799.989,1786878747459.429,13535277.364,0.000000000,0.000000000,0.000000000,1.750000000,-1.570000000,-1.750000000,-1.570000000,-1.750000000
291,5819.987,1786878747479.427,13535297.362,0.000000000,0.000000000,0.000000000,1.750000000,-1.570000000,-1.750000000,-1.570000000,-1.750000000
292,5839.987,1786878747499.427,13535317.362,0.000000000,0.000000000,0.000000000,1.750000000,-1.570000000,-1.750000000,-1.570000000,-1.750000000
293,5859.987,1786878747519.427,13535337.362,0.000000000,0.000000000,0.000000000,1.750000000,-1.570000000,-1.750000000,-1.570000000,-1.750000000
294,5879.988,1786878747539.428,13535357.363,0.000000000,0.000000000,0.000000000,1.750000000,-1.570000000,-1.750000000,-1.570000000,-1.750000000
295,5899.986,1786878747559.427,13535377.361,0.000000000,0.000000000,0.000000000,1.750000000,-1.570000000,-1.750000000,-1.570000000,-1.750000000
296,5919.986,1786878747579.427,13535397.361,0.000000000,0.000000000,0.000000000,1.750000000,-1.570000000,-1.750000000,-1.570000000,-1.750000000
297,5939.987,1786878747599.427,13535417.363,0.000000000,0.000000000,0.000000000,1.750000000,-1.570000000,-1.750000000,-1.570000000,-1.750000000
298,5959.986,1786878747619.426,13535437.361,0.000000000,0.000000000,0.000000000,1.750000000,-1.570000000,-1.750000000,-1.570000000,-1.750000000
299,5979.990,1786878747639.430,13535457.365,0.000000000,0.000000000,0.000000000,1.750000000,-1.570000000,-1.750000000,-1.570000000,-1.750000000
300,5999.988,1786878747659.428,13535477.363,0.000000000,0.000000000,0.000000000,1.750000000,-1.570000000,-1.750000000,-1.570000000,-1.750000000
301,6019.987,1786878747679.427,13535497.362,0.000000000,0.000000000,0.000000000,1.750000000,-1.570000000,-1.750000000,-1.570000000,-1.750000000
302,6039.989,1786878747699.429,13535517.364,0.000000000,0.000000000,0.000000000,1.750000000,-1.570000000,-1.750000000,-1.570000000,-1.750000000
303,6059.987,1786878747719.427,13535537.363,0.000000000,0.000000000,0.000000000,1.750000000,-1.570000000,-1.750000000,-1.570000000,-1.750000000
304,6079.987,1786878747739.428,13535557.363,0.000000000,0.000000000,0.000000000,1.750000000,-1.570000000,-1.750000000,-1.570000000,-1.750000000
305,6099.987,1786878747759.427,13535577.362,0.000000000,0.000000000,0.000000000,1.750000000,-1.570000000,-1.750000000,-1.570000000,-1.750000000
306,6119.987,1786878747779.427,13535597.362,0.000000000,0.000000000,0.000000000,1.750000000,-1.570000000,-1.750000000,-1.570000000,-1.750000000
307,6139.987,1786878747799.427,13535617.362,0.000000000,0.000000000,0.000000000,1.750000000,-1.570000000,-1.750000000,-1.570000000,-1.750000000
308,6159.986,1786878747819.427,13535637.361,0.000000000,0.000000000,0.000000000,1.750000000,-1.570000000,-1.750000000,-1.570000000,-1.750000000
309,6179.987,1786878747839.427,13535657.363,0.000000000,0.000000000,0.000000000,1.750000000,-1.570000000,-1.750000000,-1.570000000,-1.750000000
310,6199.990,1786878747859.430,13535677.365,0.000000000,0.000000000,0.000000000,1.750000000,-1.570000000,-1.750000000,-1.570000000,-1.750000000
311,6219.989,1786878747879.429,13535697.364,0.000000000,0.000000000,0.000000000,1.750000000,-1.570000000,-1.750000000,-1.570000000,-1.750000000
312,6239.988,1786878747899.428,13535717.363,0.000000000,0.000000000,0.000000000,1.750000000,-1.570000000,-1.750000000,-1.570000000,-1.750000000
313,6259.987,1786878747919.427,13535737.362,0.000000000,0.000000000,0.000000000,1.750000000,-1.570000000,-1.750000000,-1.570000000,-1.750000000
314,6279.987,1786878747939.427,13535757.362,0.000000000,0.000000000,0.000000000,1.750000000,-1.570000000,-1.750000000,-1.570000000,-1.750000000
315,6299.987,1786878747959.427,13535777.362,0.000000000,0.000000000,0.000000000,1.750000000,-1.570000000,-1.750000000,-1.570000000,-1.750000000
316,6319.987,1786878747979.427,13535797.362,0.000000000,0.000000000,0.000000000,1.750000000,-1.570000000,-1.750000000,-1.570000000,-1.750000000
317,6339.986,1786878747999.427,13535817.361,0.000000000,0.000000000,0.000000000,1.750000000,-1.570000000,-1.750000000,-1.570000000,-1.750000000
318,6359.987,1786878748019.427,13535837.363,0.000000000,0.000000000,0.000000000,1.750000000,-1.570000000,-1.750000000,-1.570000000,-1.750000000
319,6379.986,1786878748039.427,13535857.362,0.000000000,0.000000000,0.000000000,1.750000000,-1.570000000,-1.750000000,-1.570000000,-1.750000000
320,6399.988,1786878748059.428,13535877.363,0.000000000,0.000000000,0.000000000,1.750000000,-1.570000000,-1.750000000,-1.570000000,-1.750000000
321,6419.987,1786878748079.427,13535897.362,0.000000000,0.000000000,0.000000000,1.750000000,-1.570000000,-1.750000000,-1.570000000,-1.750000000
322,6439.990,1786878748099.430,13535917.365,0.000000000,0.000000000,0.000000000,1.750000000,-1.570000000,-1.750000000,-1.570000000,-1.750000000
323,6459.988,1786878748119.428,13535937.363,0.000000000,0.000000000,0.000000000,1.750000000,-1.570000000,-1.750000000,-1.570000000,-1.750000000
324,6479.987,1786878748139.428,13535957.363,0.000000000,0.000000000,0.000000000,1.750000000,-1.570000000,-1.750000000,-1.570000000,-1.750000000
325,6499.987,1786878748159.427,13535977.362,0.000000000,0.000000000,0.000000000,1.750000000,-1.570000000,-1.750000000,-1.570000000,-1.750000000
326,6519.987,1786878748179.427,13535997.362,0.000000000,0.000000000,0.000000000,1.750000000,-1.570000000,-1.750000000,-1.570000000,-1.750000000
327,6539.989,1786878748199.429,13536017.364,0.000000000,0.000000000,0.000000000,1.750000000,-1.570000000,-1.750000000,-1.570000000,-1.750000000
328,6559.986,1786878748219.427,13536037.361,0.000000000,0.000000000,0.000000000,1.750000000,-1.570000000,-1.750000000,-1.570000000,-1.750000000
329,6579.986,1786878748239.427,13536057.362,0.000000000,0.000000000,0.000000000,1.750000000,-1.570000000,-1.750000000,-1.570000000,-1.750000000
330,6599.987,1786878748259.427,13536077.362,0.000000000,0.000000000,0.000000000,1.750000000,-1.570000000,-1.750000000,-1.570000000,-1.750000000
331,6619.986,1786878748279.427,13536097.362,0.000000000,0.000000000,0.000000000,1.750000000,-1.570000000,-1.750000000,-1.570000000,-1.750000000
332,6639.986,1786878748299.426,13536117.361,0.000000000,0.000000000,0.000000000,1.750000000,-1.570000000,-1.750000000,-1.570000000,-1.750000000
333,6659.988,1786878748319.428,13536137.364,0.000000000,0.000000000,0.000000000,1.750000000,-1.570000000,-1.750000000,-1.570000000,-1.750000000
334,6679.989,1786878748339.429,13536157.364,0.000000000,0.000000000,0.000000000,1.750000000,-1.570000000,-1.750000000,-1.570000000,-1.750000000
335,6699.988,1786878748359.429,13536177.364,0.000000000,0.000000000,0.000000000,1.750000000,-1.570000000,-1.750000000,-1.570000000,-1.750000000
336,6719.986,1786878748379.427,13536197.362,0.000000000,0.000000000,0.000000000,1.750000000,-1.570000000,-1.750000000,-1.570000000,-1.750000000
337,6739.987,1786878748399.427,13536217.362,0.000000000,0.000000000,0.000000000,1.750000000,-1.570000000,-1.750000000,-1.570000000,-1.750000000
338,6759.987,1786878748419.427,13536237.362,0.000000000,0.000000000,0.000000000,1.750000000,-1.570000000,-1.750000000,-1.570000000,-1.750000000
339,6779.986,1786878748439.427,13536257.361,0.000000000,0.000000000,0.000000000,1.750000000,-1.570000000,-1.750000000,-1.570000000,-1.750000000
340,6799.987,1786878748459.427,13536277.362,0.000000000,0.000000000,0.000000000,1.750000000,-1.570000000,-1.750000000,-1.570000000,-1.750000000
341,6819.987,1786878748479.427,13536297.362,0.000000000,0.000000000,0.000000000,1.750000000,-1.570000000,-1.750000000,-1.570000000,-1.750000000
342,6839.986,1786878748499.426,13536317.361,0.000000000,0.000000000,0.000000000,1.750000000,-1.570000000,-1.750000000,-1.570000000,-1.750000000
343,6859.988,1786878748519.428,13536337.363,0.000000000,0.000000000,0.000000000,1.750000000,-1.570000000,-1.750000000,-1.570000000,-1.750000000
344,6879.986,1786878748539.427,13536357.361,0.000000000,0.000000000,0.000000000,1.750000000,-1.570000000,-1.750000000,-1.570000000,-1.750000000
345,6899.989,1786878748559.429,13536377.364,0.000000000,0.000000000,0.000000000,1.750000000,-1.570000000,-1.750000000,-1.570000000,-1.750000000
346,6919.989,1786878748579.429,13536397.364,0.000000000,0.000000000,0.000000000,1.750000000,-1.570000000,-1.750000000,-1.570000000,-1.750000000
347,6939.987,1786878748599.428,13536417.363,0.000000000,0.000000000,0.000000000,1.750000000,-1.570000000,-1.750000000,-1.570000000,-1.750000000
348,6959.989,1786878748619.429,13536437.364,0.000000000,0.000000000,0.000000000,1.750000000,-1.570000000,-1.750000000,-1.570000000,-1.750000000
349,6979.989,1786878748639.429,13536457.364,0.000000000,0.000000000,0.000000000,1.750000000,-1.570000000,-1.750000000,-1.570000000,-1.750000000
350,6999.989,1786878748659.429,13536477.364,0.000000000,0.000000000,0.000000000,1.750000000,-1.570000000,-1.750000000,-1.570000000,-1.750000000
351,7019.987,1786878748679.427,13536497.362,0.000000000,0.000000000,0.000000000,1.750000000,-1.570000000,-1.750000000,-1.570000000,-1.750000000
352,7039.986,1786878748699.427,13536517.361,0.000000000,0.000000000,0.000000000,1.750000000,-1.570000000,-1.750000000,-1.570000000,-1.750000000
353,7059.987,1786878748719.427,13536537.362,0.000000000,0.000000000,0.000000000,1.750000000,-1.570000000,-1.750000000,-1.570000000,-1.750000000
354,7079.987,1786878748739.427,13536557.362,0.000000000,0.000000000,0.000000000,1.750000000,-1.570000000,-1.750000000,-1.570000000,-1.750000000
355,7099.986,1786878748759.427,13536577.361,0.000000000,0.000000000,0.000000000,1.750000000,-1.570000000,-1.750000000,-1.570000000,-1.750000000
356,7119.988,1786878748779.428,13536597.363,0.000000000,0.000000000,0.000000000,1.750000000,-1.570000000,-1.750000000,-1.570000000,-1.750000000
357,7139.988,1786878748799.428,13536617.363,0.000000000,0.000000000,0.000000000,1.750000000,-1.570000000,-1.750000000,-1.570000000,-1.750000000
358,7159.987,1786878748819.428,13536637.363,0.000000000,0.000000000,0.000000000,1.750000000,-1.570000000,-1.750000000,-1.570000000,-1.750000000
359,7179.987,1786878748839.427,13536657.362,0.000000000,0.000000000,0.000000000,1.750000000,-1.570000000,-1.750000000,-1.570000000,-1.750000000
360,7199.987,1786878748859.427,13536677.362,0.000000000,0.000000000,0.000000000,1.750000000,-1.570000000,-1.750000000,-1.570000000,-1.750000000
361,7219.988,1786878748879.428,13536697.363,0.000000000,0.000000000,0.000000000,1.750000000,-1.570000000,-1.750000000,-1.570000000,-1.750000000
362,7239.987,1786878748899.427,13536717.363,0.000000000,0.000000000,0.000000000,1.750000000,-1.570000000,-1.750000000,-1.570000000,-1.750000000
363,7259.987,1786878748919.427,13536737.362,0.000000000,0.000000000,0.000000000,1.750000000,-1.570000000,-1.750000000,-1.570000000,-1.750000000
364,7279.987,1786878748939.427,13536757.363,0.000000000,0.000000000,0.000000000,1.750000000,-1.570000000,-1.750000000,-1.570000000,-1.750000000
365,7299.987,1786878748959.427,13536777.362,0.000000000,0.000000000,0.000000000,1.750000000,-1.570000000,-1.750000000,-1.570000000,-1.750000000
366,7319.987,1786878748979.427,13536797.362,0.000000000,0.000000000,0.000000000,1.750000000,-1.570000000,-1.750000000,-1.570000000,-1.750000000
367,7339.988,1786878748999.428,13536817.364,0.000000000,0.000000000,0.000000000,1.750000000,-1.570000000,-1.750000000,-1.570000000,-1.750000000
368,7359.988,1786878749019.428,13536837.364,0.000000000,0.000000000,0.000000000,1.750000000,-1.570000000,-1.750000000,-1.570000000,-1.750000000
369,7379.988,1786878749039.428,13536857.364,0.000000000,0.000000000,0.000000000,1.750000000,-1.570000000,-1.750000000,-1.570000000,-1.750000000
370,7399.987,1786878749059.427,13536877.363,0.000000000,0.000000000,0.000000000,1.750000000,-1.570000000,-1.750000000,-1.570000000,-1.750000000
371,7419.986,1786878749079.427,13536897.361,0.000000000,0.000000000,0.000000000,1.750000000,-1.570000000,-1.750000000,-1.570000000,-1.750000000
372,7439.988,1786878749099.428,13536917.363,0.000000000,0.000000000,0.000000000,1.750000000,-1.570000000,-1.750000000,-1.570000000,-1.750000000
373,7459.987,1786878749119.427,13536937.362,0.000000000,0.000000000,0.000000000,1.750000000,-1.570000000,-1.750000000,-1.570000000,-1.750000000
374,7479.987,1786878749139.427,13536957.362,0.000000000,0.000000000,0.000000000,1.750000000,-1.570000000,-1.750000000,-1.570000000,-1.750000000
375,7499.989,1786878749159.429,13536977.364,0.000000000,0.000000000,0.000000000,1.750000000,-1.570000000,-1.750000000,-1.570000000,-1.750000000
376,7519.987,1786878749179.427,13536997.363,0.000000000,0.000000000,0.000000000,1.750000000,-1.570000000,-1.750000000,-1.570000000,-1.750000000
377,7539.987,1786878749199.428,13537017.363,0.000000000,0.000000000,0.000000000,1.750000000,-1.570000000,-1.750000000,-1.570000000,-1.750000000
378,7559.988,1786878749219.428,13537037.363,0.000000000,0.000000000,0.000000000,1.750000000,-1.570000000,-1.750000000,-1.570000000,-1.750000000
379,7579.989,1786878749239.429,13537057.364,0.000000000,0.000000000,0.000000000,1.750000000,-1.570000000,-1.750000000,-1.570000000,-1.750000000
380,7599.987,1786878749259.428,13537077.363,0.000000000,0.000000000,0.000000000,1.750000000,-1.570000000,-1.750000000,-1.570000000,-1.750000000
381,7619.988,1786878749279.428,13537097.363,0.000000000,0.000000000,0.000000000,1.750000000,-1.570000000,-1.750000000,-1.570000000,-1.750000000
382,7639.991,1786878749299.431,13537117.366,0.000000000,0.000000000,0.000000000,1.750000000,-1.570000000,-1.750000000,-1.570000000,-1.750000000
383,7659.989,1786878749319.429,13537137.365,0.000000000,0.000000000,0.000000000,1.750000000,-1.570000000,-1.750000000,-1.570000000,-1.750000000
384,7679.989,1786878749339.429,13537157.364,0.000000000,0.000000000,0.000000000,1.750000000,-1.570000000,-1.750000000,-1.570000000,-1.750000000
385,7699.990,1786878749359.430,13537177.365,0.000000000,0.000000000,0.000000000,1.750000000,-1.570000000,-1.750000000,-1.570000000,-1.750000000
386,7719.988,1786878749379.428,13537197.363,0.000000000,0.000000000,0.000000000,1.750000000,-1.570000000,-1.750000000,-1.570000000,-1.750000000
387,7739.989,1786878749399.429,13537217.364,0.000000000,0.000000000,0.000000000,1.750000000,-1.570000000,-1.750000000,-1.570000000,-1.750000000
388,7759.990,1786878749419.431,13537237.365,0.000000000,0.000000000,0.000000000,1.750000000,-1.570000000,-1.750000000,-1.570000000,-1.750000000
389,7779.989,1786878749439.430,13537257.365,0.000000000,0.000000000,0.000000000,1.750000000,-1.570000000,-1.750000000,-1.570000000,-1.750000000
390,7799.996,1786878749459.436,13537277.371,0.000000000,0.000000000,0.000000000,1.750000000,-1.570000000,-1.750000000,-1.570000000,-1.750000000
391,7819.996,1786878749479.436,13537297.371,0.000000000,0.000000000,0.000000000,1.750000000,-1.570000000,-1.750000000,-1.570000000,-1.750000000
392,7839.999,1786878749499.439,13537317.375,0.000000000,0.000000000,0.000000000,1.750000000,-1.570000000,-1.750000000,-1.570000000,-1.750000000
393,7859.996,1786878749519.436,13537337.371,0.000000000,0.000000000,0.000000000,1.750000000,-1.570000000,-1.750000000,-1.570000000,-1.750000000
394,7879.996,1786878749539.437,13537357.371,0.000000000,0.000000000,0.000000000,1.750000000,-1.570000000,-1.750000000,-1.570000000,-1.750000000
395,7899.995,1786878749559.435,13537377.370,0.000000000,0.000000000,0.000000000,1.750000000,-1.570000000,-1.750000000,-1.570000000,-1.750000000
396,7919.995,1786878749579.435,13537397.370,0.000000000,0.000000000,0.000000000,1.750000000,-1.570000000,-1.750000000,-1.570000000,-1.750000000
397,7940.011,1786878749599.452,13537417.387,0.000000000,0.000000000,0.000000000,1.750000000,-1.570000000,-1.750000000,-1.570000000,-1.750000000
398,7959.995,1786878749619.436,13537437.371,0.000000000,0.000000000,0.000000000,1.750000000,-1.570000000,-1.750000000,-1.570000000,-1.750000000
399,7979.993,1786878749639.433,13537457.368,0.000000000,0.000000000,0.000000000,1.750000000,-1.570000000,-1.750000000,-1.570000000,-1.750000000
400,7999.996,1786878749659.436,13537477.371,0.000000000,0.000000000,0.000000000,1.750000000,-1.570000000,-1.750000000,-1.570000000,-1.750000000
401,8019.995,1786878749679.435,13537497.370,0.000000000,0.000000000,0.000000000,1.750000000,-1.570000000,-1.750000000,-1.570000000,-1.750000000
402,8039.995,1786878749699.435,13537517.370,0.000000000,0.000000000,0.000000000,1.750000000,-1.570000000,-1.750000000,-1.570000000,-1.750000000
403,8059.996,1786878749719.437,13537537.371,0.000000000,0.000000000,0.000000000,1.750000000,-1.570000000,-1.750000000,-1.570000000,-1.750000000
404,8079.993,1786878749739.434,13537557.369,0.000000000,0.000000000,0.000000000,1.750000000,-1.570000000,-1.750000000,-1.570000000,-1.750000000
405,8099.993,1786878749759.433,13537577.368,0.000000000,0.000000000,0.000000000,1.750000000,-1.570000000,-1.750000000,-1.570000000,-1.750000000
406,8119.989,1786878749779.429,13537597.364,0.000000000,0.000000000,0.000000000,1.750000000,-1.570000000,-1.750000000,-1.570000000,-1.750000000
407,8139.994,1786878749799.434,13537617.369,0.000000000,0.000000000,0.000000000,1.750000000,-1.570000000,-1.750000000,-1.570000000,-1.750000000
408,8159.997,1786878749819.438,13537637.373,0.000000000,0.000000000,0.000000000,1.750000000,-1.570000000,-1.750000000,-1.570000000,-1.750000000
409,8179.992,1786878749839.432,13537657.367,0.000000000,0.000000000,0.000000000,1.750000000,-1.570000000,-1.750000000,-1.570000000,-1.750000000
410,8199.992,1786878749859.432,13537677.367,0.000000000,0.000000000,0.000000000,1.750000000,-1.570000000,-1.750000000,-1.570000000,-1.750000000
411,8219.991,1786878749879.431,13537697.366,0.000000000,0.000000000,0.000000000,1.750000000,-1.570000000,-1.750000000,-1.570000000,-1.750000000
412,8239.988,1786878749899.429,13537717.364,0.000000000,0.000000000,0.000000000,1.750000000,-1.570000000,-1.750000000,-1.570000000,-1.750000000
413,8259.990,1786878749919.430,13537737.365,0.000000000,0.000000000,0.000000000,1.750000000,-1.570000000,-1.750000000,-1.570000000,-1.750000000
414,8279.992,1786878749939.432,13537757.367,0.000000000,0.000000000,0.000000000,1.750000000,-1.570000000,-1.750000000,-1.570000000,-1.750000000
415,8299.990,1786878749959.430,13537777.365,0.000000000,0.000000000,0.000000000,1.750000000,-1.570000000,-1.750000000,-1.570000000,-1.750000000
416,8319.989,1786878749979.429,13537797.364,0.000000000,0.000000000,0.000000000,1.750000000,-1.570000000,-1.750000000,-1.570000000,-1.750000000
417,8339.992,1786878749999.432,13537817.367,0.000000000,0.000000000,0.000000000,1.750000000,-1.570000000,-1.750000000,-1.570000000,-1.750000000
418,8359.993,1786878750019.433,13537837.368,0.000000000,0.000000000,0.000000000,1.750000000,-1.570000000,-1.750000000,-1.570000000,-1.750000000
419,8380.002,1786878750039.443,13537857.377,0.000000000,0.000000000,0.000000000,1.750000000,-1.570000000,-1.750000000,-1.570000000,-1.750000000
420,8399.996,1786878750059.436,13537877.371,0.000000000,0.000000000,0.000000000,1.750000000,-1.570000000,-1.750000000,-1.570000000,-1.750000000
421,8419.993,1786878750079.433,13537897.368,0.000000000,0.000000000,0.000000000,1.750000000,-1.570000000,-1.750000000,-1.570000000,-1.750000000
422,8439.991,1786878750099.432,13537917.366,0.000000000,0.000000000,0.000000000,1.750000000,-1.570000000,-1.750000000,-1.570000000,-1.750000000
423,8459.993,1786878750119.433,13537937.368,0.000000000,0.000000000,0.000000000,1.750000000,-1.570000000,-1.750000000,-1.570000000,-1.750000000
424,8479.990,1786878750139.430,13537957.365,0.000000000,0.000000000,0.000000000,1.750000000,-1.570000000,-1.750000000,-1.570000000,-1.750000000
425,8499.992,1786878750159.432,13537977.367,0.000000000,0.000000000,0.000000000,1.750000000,-1.570000000,-1.750000000,-1.570000000,-1.750000000
426,8519.991,1786878750179.431,13537997.366,0.000000000,0.000000000,0.000000000,1.750000000,-1.570000000,-1.750000000,-1.570000000,-1.750000000
427,8539.990,1786878750199.430,13538017.365,0.000000000,0.000000000,0.000000000,1.750000000,-1.570000000,-1.750000000,-1.570000000,-1.750000000
428,8559.991,1786878750219.431,13538037.366,0.000000000,0.000000000,0.000000000,1.750000000,-1.570000000,-1.750000000,-1.570000000,-1.750000000
429,8579.990,1786878750239.430,13538057.365,0.000000000,0.000000000,0.000000000,1.750000000,-1.570000000,-1.750000000,-1.570000000,-1.750000000
430,8599.987,1786878750259.427,13538077.362,0.000000000,0.000000000,0.000000000,1.750000000,-1.570000000,-1.750000000,-1.570000000,-1.750000000
431,8619.987,1786878750279.427,13538097.362,0.000000000,0.000000000,0.000000000,1.750000000,-1.570000000,-1.750000000,-1.570000000,-1.750000000
432,8639.987,1786878750299.427,13538117.362,0.000000000,0.000000000,0.000000000,1.750000000,-1.570000000,-1.750000000,-1.570000000,-1.750000000
433,8659.987,1786878750319.428,13538137.363,0.000000000,0.000000000,0.000000000,1.750000000,-1.570000000,-1.750000000,-1.570000000,-1.750000000
434,8679.989,1786878750339.429,13538157.364,0.000000000,0.000000000,0.000000000,1.750000000,-1.570000000,-1.750000000,-1.570000000,-1.750000000
435,8699.989,1786878750359.429,13538177.364,0.000000000,0.000000000,0.000000000,1.750000000,-1.570000000,-1.750000000,-1.570000000,-1.750000000
436,8719.988,1786878750379.428,13538197.363,0.000000000,0.000000000,0.000000000,1.750000000,-1.570000000,-1.750000000,-1.570000000,-1.750000000
437,8739.985,1786878750399.426,13538217.361,0.000000000,0.000000000,0.000000000,1.750000000,-1.570000000,-1.750000000,-1.570000000,-1.750000000
438,8759.990,1786878750419.431,13538237.366,0.000000000,0.000000000,0.000000000,1.750000000,-1.570000000,-1.750000000,-1.570000000,-1.750000000
439,8779.988,1786878750439.428,13538257.363,0.000000000,0.000000000,0.000000000,1.750000000,-1.570000000,-1.750000000,-1.570000000,-1.750000000
440,8799.988,1786878750459.428,13538277.363,0.000000000,0.000000000,0.000000000,1.750000000,-1.570000000,-1.750000000,-1.570000000,-1.750000000
441,8819.988,1786878750479.428,13538297.363,0.000000000,0.000000000,0.000000000,1.750000000,-1.570000000,-1.750000000,-1.570000000,-1.750000000
442,8839.987,1786878750499.428,13538317.363,0.000000000,0.000000000,0.000000000,1.750000000,-1.570000000,-1.750000000,-1.570000000,-1.750000000
443,8859.988,1786878750519.428,13538337.363,0.000000000,0.000000000,0.000000000,1.750000000,-1.570000000,-1.750000000,-1.570000000,-1.750000000
444,8879.987,1786878750539.427,13538357.363,0.000000000,0.000000000,0.000000000,1.750000000,-1.570000000,-1.750000000,-1.570000000,-1.750000000
445,8899.986,1786878750559.427,13538377.362,0.000000000,0.000000000,0.000000000,1.750000000,-1.570000000,-1.750000000,-1.570000000,-1.750000000
446,8919.988,1786878750579.429,13538397.364,0.000000000,0.000000000,0.000000000,1.750000000,-1.570000000,-1.750000000,-1.570000000,-1.750000000
447,8939.989,1786878750599.429,13538417.364,0.000000000,0.000000000,0.000000000,1.750000000,-1.570000000,-1.750000000,-1.570000000,-1.750000000
448,8959.987,1786878750619.427,13538437.362,0.000000000,0.000000000,0.000000000,1.750000000,-1.570000000,-1.750000000,-1.570000000,-1.750000000
449,8979.991,1786878750639.431,13538457.366,0.000000000,0.000000000,0.000000000,1.750000000,-1.570000000,-1.750000000,-1.570000000,-1.750000000
450,8999.990,1786878750659.430,13538477.365,0.000000000,0.000000000,0.000000000,1.750000000,-1.570000000,-1.750000000,-1.570000000,-1.750000000
451,9019.996,1786878750679.436,13538497.371,0.000000000,0.000000000,0.000000000,1.750000000,-1.570000000,-1.750000000,-1.570000000,-1.750000000
452,9039.990,1786878750699.430,13538517.365,0.000000000,0.000000000,0.000000000,1.750000000,-1.570000000,-1.750000000,-1.570000000,-1.750000000
453,9059.990,1786878750719.430,13538537.365,0.000000000,0.000000000,0.000000000,1.750000000,-1.570000000,-1.750000000,-1.570000000,-1.750000000
454,9079.990,1786878750739.430,13538557.365,0.000000000,0.000000000,0.000000000,1.750000000,-1.570000000,-1.750000000,-1.570000000,-1.750000000
455,9099.992,1786878750759.432,13538577.367,0.000000000,0.000000000,0.000000000,1.750000000,-1.570000000,-1.750000000,-1.570000000,-1.750000000
456,9119.989,1786878750779.429,13538597.364,0.000000000,0.000000000,0.000000000,1.750000000,-1.570000000,-1.750000000,-1.570000000,-1.750000000
457,9139.989,1786878750799.429,13538617.365,0.000000000,0.000000000,0.000000000,1.750000000,-1.570000000,-1.750000000,-1.570000000,-1.750000000
458,9159.990,1786878750819.430,13538637.365,0.000000000,0.000000000,0.000000000,1.750000000,-1.570000000,-1.750000000,-1.570000000,-1.750000000
459,9179.988,1786878750839.428,13538657.363,0.000000000,0.000000000,0.000000000,1.750000000,-1.570000000,-1.750000000,-1.570000000,-1.750000000
460,9199.988,1786878750859.428,13538677.363,0.000000000,0.000000000,0.000000000,1.750000000,-1.570000000,-1.750000000,-1.570000000,-1.750000000
461,9219.990,1786878750879.430,13538697.365,0.000000000,0.000000000,0.000000000,1.750000000,-1.570000000,-1.750000000,-1.570000000,-1.750000000
462,9239.990,1786878750899.431,13538717.366,0.000000000,0.000000000,0.000000000,1.750000000,-1.570000000,-1.750000000,-1.570000000,-1.750000000
463,9259.992,1786878750919.432,13538737.367,0.000000000,0.000000000,0.000000000,1.750000000,-1.570000000,-1.750000000,-1.570000000,-1.750000000
464,9279.994,1786878750939.434,13538757.369,0.000000000,0.000000000,0.000000000,1.750000000,-1.570000000,-1.750000000,-1.570000000,-1.750000000
465,9299.993,1786878750959.434,13538777.369,0.000000000,0.000000000,0.000000000,1.750000000,-1.570000000,-1.750000000,-1.570000000,-1.750000000
466,9319.993,1786878750979.433,13538797.368,0.000000000,0.000000000,0.000000000,1.750000000,-1.570000000,-1.750000000,-1.570000000,-1.750000000
467,9339.993,1786878750999.433,13538817.368,0.000000000,0.000000000,0.000000000,1.750000000,-1.570000000,-1.750000000,-1.570000000,-1.750000000
468,9359.992,1786878751019.432,13538837.367,0.000000000,0.000000000,0.000000000,1.750000000,-1.570000000,-1.750000000,-1.570000000,-1.750000000
469,9379.996,1786878751039.437,13538857.372,0.000000000,0.000000000,0.000000000,1.750000000,-1.570000000,-1.750000000,-1.570000000,-1.750000000
470,9399.991,1786878751059.431,13538877.366,0.000000000,0.000000000,0.000000000,1.750000000,-1.570000000,-1.750000000,-1.570000000,-1.750000000
471,9419.989,1786878751079.429,13538897.365,0.000000000,0.000000000,0.000000000,1.750000000,-1.570000000,-1.750000000,-1.570000000,-1.750000000
472,9439.992,1786878751099.432,13538917.367,0.000000000,0.000000000,0.000000000,1.750000000,-1.570000000,-1.750000000,-1.570000000,-1.750000000
473,9459.990,1786878751119.430,13538937.365,0.000000000,0.000000000,0.000000000,1.750000000,-1.570000000,-1.750000000,-1.570000000,-1.750000000
474,9479.990,1786878751139.430,13538957.365,0.000000000,0.000000000,0.000000000,1.750000000,-1.570000000,-1.750000000,-1.570000000,-1.750000000
475,9499.995,1786878751159.435,13538977.370,0.000000000,0.000000000,0.000000000,1.750000000,-1.570000000,-1.750000000,-1.570000000,-1.750000000
476,9519.996,1786878751179.436,13538997.371,0.000000000,0.000000000,0.000000000,1.750000000,-1.570000000,-1.750000000,-1.570000000,-1.750000000
477,9539.994,1786878751199.434,13539017.369,0.000000000,0.000000000,0.000000000,1.750000000,-1.570000000,-1.750000000,-1.570000000,-1.750000000
478,9559.993,1786878751219.433,13539037.368,0.000000000,0.000000000,0.000000000,1.750000000,-1.570000000,-1.750000000,-1.570000000,-1.750000000
479,9580.000,1786878751239.441,13539057.375,0.000000000,0.000000000,0.000000000,1.750000000,-1.570000000,-1.750000000,-1.570000000,-1.750000000
480,9599.992,1786878751259.432,13539077.367,0.000000000,0.000000000,0.000000000,1.750000000,-1.570000000,-1.750000000,-1.570000000,-1.750000000
481,9619.992,1786878751279.433,13539097.368,0.000000000,0.000000000,0.000000000,1.750000000,-1.570000000,-1.750000000,-1.570000000,-1.750000000
482,9639.991,1786878751299.431,13539117.366,0.000000000,0.000000000,0.000000000,1.750000000,-1.570000000,-1.750000000,-1.570000000,-1.750000000
483,9659.997,1786878751319.438,13539137.373,0.000000000,0.000000000,0.000000000,1.750000000,-1.570000000,-1.750000000,-1.570000000,-1.750000000
484,9679.990,1786878751339.430,13539157.365,0.000000000,0.000000000,0.000000000,1.750000000,-1.570000000,-1.750000000,-1.570000000,-1.750000000
485,9699.990,1786878751359.430,13539177.365,0.000000000,0.000000000,0.000000000,1.750000000,-1.570000000,-1.750000000,-1.570000000,-1.750000000
486,9719.990,1786878751379.431,13539197.366,0.000000000,0.000000000,0.000000000,1.750000000,-1.570000000,-1.750000000,-1.570000000,-1.750000000
487,9739.992,1786878751399.432,13539217.367,0.000000000,0.000000000,0.000000000,1.750000000,-1.570000000,-1.750000000,-1.570000000,-1.750000000
488,9759.988,1786878751419.429,13539237.364,0.000000000,0.000000000,0.000000000,1.750000000,-1.570000000,-1.750000000,-1.570000000,-1.750000000
489,9779.988,1786878751439.428,13539257.363,0.000000000,0.000000000,0.000000000,1.750000000,-1.570000000,-1.750000000,-1.570000000,-1.750000000
490,9799.987,1786878751459.428,13539277.363,0.000000000,0.000000000,0.000000000,1.750000000,-1.570000000,-1.750000000,-1.570000000,-1.750000000
491,9819.987,1786878751479.427,13539297.362,0.000000000,0.000000000,0.000000000,1.750000000,-1.570000000,-1.750000000,-1.570000000,-1.750000000
492,9839.987,1786878751499.427,13539317.363,0.000000000,0.000000000,0.000000000,1.750000000,-1.570000000,-1.750000000,-1.570000000,-1.750000000
493,9859.991,1786878751519.431,13539337.366,0.000000000,0.000000000,0.000000000,1.750000000,-1.570000000,-1.750000000,-1.570000000,-1.750000000
494,9879.989,1786878751539.429,13539357.364,0.000000000,0.000000000,0.000000000,1.750000000,-1.570000000,-1.750000000,-1.570000000,-1.750000000
495,9899.988,1786878751559.428,13539377.363,0.000000000,0.000000000,0.000000000,1.750000000,-1.570000000,-1.750000000,-1.570000000,-1.750000000
496,9919.995,1786878751579.435,13539397.370,0.000000000,0.000000000,0.000000000,1.750000000,-1.570000000,-1.750000000,-1.570000000,-1.750000000
497,9939.989,1786878751599.429,13539417.364,0.000000000,0.000000000,0.000000000,1.750000000,-1.570000000,-1.750000000,-1.570000000,-1.750000000
498,9959.987,1786878751619.427,13539437.363,0.000000000,0.000000000,0.000000000,1.750000000,-1.570000000,-1.750000000,-1.570000000,-1.750000000
499,9979.989,1786878751639.429,13539457.364,0.000000000,0.000000000,0.000000000,1.750000000,-1.570000000,-1.750000000,-1.570000000,-1.750000000
500,9999.989,1786878751659.429,13539477.364,0.000000000,0.000000000,0.000000000,1.750000000,-1.570000000,-1.750000000,-1.570000000,-1.750000000
501,10019.989,1786878751679.429,13539497.364,0.000000000,0.000000000,0.000000000,1.750000000,-1.570000000,-1.750000000,-1.570000000,-1.750000000
502,10039.990,1786878751699.430,13539517.365,0.000000000,0.000000000,0.000000000,1.750000000,-1.570000000,-1.750000000,-1.570000000,-1.750000000
503,10059.990,1786878751719.430,13539537.365,0.000000000,0.000000000,0.000000000,1.750000000,-1.570000000,-1.750000000,-1.570000000,-1.750000000
504,10079.992,1786878751739.432,13539557.367,0.000000000,0.000000000,0.000000000,1.750000000,-1.570000000,-1.750000000,-1.570000000,-1.750000000
505,10099.989,1786878751759.429,13539577.365,0.000000000,0.000000000,0.000000000,1.750000000,-1.570000000,-1.750000000,-1.570000000,-1.750000000
506,10119.989,1786878751779.429,13539597.365,0.000000000,0.000000000,0.000000000,1.750000000,-1.570000000,-1.750000000,-1.570000000,-1.750000000
507,10139.989,1786878751799.429,13539617.364,0.000000000,0.000000000,0.000000000,1.750000000,-1.570000000,-1.750000000,-1.570000000,-1.750000000
508,10159.991,1786878751819.431,13539637.366,0.000000000,0.000000000,0.000000000,1.750000000,-1.570000000,-1.750000000,-1.570000000,-1.750000000
509,10179.991,1786878751839.431,13539657.366,0.000000000,0.000000000,0.000000000,1.750000000,-1.570000000,-1.750000000,-1.570000000,-1.750000000
510,10199.989,1786878751859.429,13539677.364,0.000000000,0.000000000,0.000000000,1.750000000,-1.570000000,-1.750000000,-1.570000000,-1.750000000
511,10219.989,1786878751879.429,13539697.364,0.000000000,0.000000000,0.000000000,1.750000000,-1.570000000,-1.750000000,-1.570000000,-1.750000000
512,10239.989,1786878751899.429,13539717.364,0.000000000,0.000000000,0.000000000,1.750000000,-1.570000000,-1.750000000,-1.570000000,-1.750000000
513,10259.989,1786878751919.429,13539737.364,0.000000000,0.000000000,0.000000000,1.750000000,-1.570000000,-1.750000000,-1.570000000,-1.750000000
514,10279.988,1786878751939.428,13539757.364,0.000000000,0.000000000,0.000000000,1.750000000,-1.570000000,-1.750000000,-1.570000000,-1.750000000
515,10299.988,1786878751959.428,13539777.363,0.000000000,0.000000000,0.000000000,1.750000000,-1.570000000,-1.750000000,-1.570000000,-1.750000000
516,10319.990,1786878751979.430,13539797.365,0.000000000,0.000000000,0.000000000,1.750000000,-1.570000000,-1.750000000,-1.570000000,-1.750000000
517,10339.989,1786878751999.429,13539817.364,0.000000000,0.000000000,0.000000000,1.750000000,-1.570000000,-1.750000000,-1.570000000,-1.750000000
518,10359.993,1786878752019.433,13539837.368,0.000000000,0.000000000,0.000000000,1.750000000,-1.570000000,-1.750000000,-1.570000000,-1.750000000
519,10379.993,1786878752039.434,13539857.369,0.000000000,0.000000000,0.000000000,1.750000000,-1.570000000,-1.750000000,-1.570000000,-1.750000000
520,10399.991,1786878752059.431,13539877.366,0.000000000,0.000000000,0.000000000,1.750000000,-1.570000000,-1.750000000,-1.570000000,-1.750000000
521,10419.991,1786878752079.431,13539897.366,0.000000000,0.000000000,0.000000000,1.750000000,-1.570000000,-1.750000000,-1.570000000,-1.750000000
522,10439.990,1786878752099.430,13539917.365,0.000000000,0.000000000,0.000000000,1.750000000,-1.570000000,-1.750000000,-1.570000000,-1.750000000
523,10459.990,1786878752119.430,13539937.365,0.000000000,0.000000000,0.000000000,1.750000000,-1.570000000,-1.750000000,-1.570000000,-1.750000000
524,10479.994,1786878752139.435,13539957.370,0.000000000,0.000000000,0.000000000,1.750000000,-1.570000000,-1.750000000,-1.570000000,-1.750000000
525,10499.996,1786878752159.436,13539977.371,0.000000000,0.000000000,0.000000000,1.750000000,-1.570000000,-1.750000000,-1.570000000,-1.750000000
526,10519.997,1786878752179.437,13539997.372,0.000000000,0.000000000,0.000000000,1.750000000,-1.570000000,-1.750000000,-1.570000000,-1.750000000
527,10539.993,1786878752199.433,13540017.368,0.000000000,0.000000000,0.000000000,1.750000000,-1.570000000,-1.750000000,-1.570000000,-1.750000000
528,10559.993,1786878752219.434,13540037.369,0.000000000,0.000000000,0.000000000,1.750000000,-1.570000000,-1.750000000,-1.570000000,-1.750000000
529,10579.991,1786878752239.431,13540057.366,0.000000000,0.000000000,0.000000000,1.750000000,-1.570000000,-1.750000000,-1.570000000,-1.750000000
530,10599.992,1786878752259.432,13540077.367,0.000000000,0.000000000,0.000000000,1.750000000,-1.570000000,-1.750000000,-1.570000000,-1.750000000
531,10619.994,1786878752279.434,13540097.369,0.000000000,0.000000000,0.000000000,1.750000000,-1.570000000,-1.750000000,-1.570000000,-1.750000000
532,10639.992,1786878752299.433,13540117.368,0.000000000,0.000000000,0.000000000,1.750000000,-1.570000000,-1.750000000,-1.570000000,-1.750000000
533,10659.992,1786878752319.432,13540137.367,0.000000000,0.000000000,0.000000000,1.750000000,-1.570000000,-1.750000000,-1.570000000,-1.750000000
534,10679.992,1786878752339.432,13540157.367,0.000000000,0.000000000,0.000000000,1.750000000,-1.570000000,-1.750000000,-1.570000000,-1.750000000
535,10699.990,1786878752359.430,13540177.365,0.000000000,0.000000000,0.000000000,1.750000000,-1.570000000,-1.750000000,-1.570000000,-1.750000000
536,10719.989,1786878752379.429,13540197.365,0.000000000,0.000000000,0.000000000,1.750000000,-1.570000000,-1.750000000,-1.570000000,-1.750000000
537,10739.989,1786878752399.429,13540217.365,0.000000000,0.000000000,0.000000000,1.750000000,-1.570000000,-1.750000000,-1.570000000,-1.750000000
538,10759.988,1786878752419.428,13540237.364,0.000000000,0.000000000,0.000000000,1.750000000,-1.570000000,-1.750000000,-1.570000000,-1.750000000
539,10779.988,1786878752439.428,13540257.364,0.000000000,0.000000000,0.000000000,1.750000000,-1.570000000,-1.750000000,-1.570000000,-1.750000000
540,10799.986,1786878752459.427,13540277.361,0.000000000,0.000000000,0.000000000,1.750000000,-1.570000000,-1.750000000,-1.570000000,-1.750000000
541,10819.990,1786878752479.430,13540297.365,0.000000000,0.000000000,0.000000000,1.750000000,-1.570000000,-1.750000000,-1.570000000,-1.750000000
542,10839.994,1786878752499.435,13540317.370,0.000000000,0.000000000,0.000000000,1.750000000,-1.570000000,-1.750000000,-1.570000000,-1.750000000
543,10859.993,1786878752519.433,13540337.368,0.000000000,0.000000000,0.000000000,1.750000000,-1.570000000,-1.750000000,-1.570000000,-1.750000000
544,10879.995,1786878752539.435,13540357.370,0.000000000,0.000000000,0.000000000,1.750000000,-1.570000000,-1.750000000,-1.570000000,-1.750000000
545,10899.993,1786878752559.433,13540377.368,0.000000000,0.000000000,0.000000000,1.750000000,-1.570000000,-1.750000000,-1.570000000,-1.750000000
546,10919.991,1786878752579.431,13540397.366,0.000000000,0.000000000,0.000000000,1.750000000,-1.570000000,-1.750000000,-1.570000000,-1.750000000
547,10939.989,1786878752599.429,13540417.365,0.000000000,0.000000000,0.000000000,1.750000000,-1.570000000,-1.750000000,-1.570000000,-1.750000000
548,10959.990,1786878752619.431,13540437.366,0.000000000,0.000000000,0.000000000,1.750000000,-1.570000000,-1.750000000,-1.570000000,-1.750000000
549,10979.992,1786878752639.432,13540457.367,0.000000000,0.000000000,0.000000000,1.750000000,-1.570000000,-1.750000000,-1.570000000,-1.750000000
550,10999.991,1786878752659.432,13540477.367,0.000000000,0.000000000,0.000000000,1.750000000,-1.570000000,-1.750000000,-1.570000000,-1.750000000
551,11019.992,1786878752679.432,13540497.367,0.000000000,0.000000000,0.000000000,1.750000000,-1.570000000,-1.750000000,-1.570000000,-1.750000000
552,11039.989,1786878752699.429,13540517.365,0.000000000,0.000000000,0.000000000,1.750000000,-1.570000000,-1.750000000,-1.570000000,-1.750000000
553,11059.990,1786878752719.431,13540537.366,0.000000000,0.000000000,0.000000000,1.750000000,-1.570000000,-1.750000000,-1.570000000,-1.750000000
554,11079.988,1786878752739.428,13540557.363,0.000000000,0.000000000,0.000000000,1.750000000,-1.570000000,-1.750000000,-1.570000000,-1.750000000
555,11099.988,1786878752759.429,13540577.364,0.000000000,0.000000000,0.000000000,1.750000000,-1.570000000,-1.750000000,-1.570000000,-1.750000000
556,11119.988,1786878752779.428,13540597.364,0.000000000,0.000000000,0.000000000,1.750000000,-1.570000000,-1.750000000,-1.570000000,-1.750000000
557,11139.988,1786878752799.428,13540617.363,0.000000000,0.000000000,0.000000000,1.750000000,-1.570000000,-1.750000000,-1.570000000,-1.750000000
558,11159.991,1786878752819.431,13540637.366,0.000000000,0.000000000,0.000000000,1.750000000,-1.570000000,-1.750000000,-1.570000000,-1.750000000
559,11179.990,1786878752839.430,13540657.365,0.000000000,0.000000000,0.000000000,1.750000000,-1.570000000,-1.750000000,-1.570000000,-1.750000000
560,11199.990,1786878752859.431,13540677.366,0.000000000,0.000000000,0.000000000,1.750000000,-1.570000000,-1.750000000,-1.570000000,-1.750000000
561,11219.991,1786878752879.431,13540697.366,0.000000000,0.000000000,0.000000000,1.750000000,-1.570000000,-1.750000000,-1.570000000,-1.750000000
562,11239.989,1786878752899.430,13540717.365,0.000000000,0.000000000,0.000000000,1.750000000,-1.570000000,-1.750000000,-1.570000000,-1.750000000
563,11259.988,1786878752919.429,13540737.364,0.000000000,0.000000000,0.000000000,1.750000000,-1.570000000,-1.750000000,-1.570000000,-1.750000000
564,11279.988,1786878752939.428,13540757.363,0.000000000,0.000000000,0.000000000,1.750000000,-1.570000000,-1.750000000,-1.570000000,-1.750000000
565,11299.990,1786878752959.430,13540777.365,0.000000000,0.000000000,0.000000000,1.750000000,-1.570000000,-1.750000000,-1.570000000,-1.750000000
566,11319.991,1786878752979.432,13540797.367,0.000000000,0.000000000,0.000000000,1.750000000,-1.570000000,-1.750000000,-1.570000000,-1.750000000
567,11339.991,1786878752999.431,13540817.366,0.000000000,0.000000000,0.000000000,1.750000000,-1.570000000,-1.750000000,-1.570000000,-1.750000000
568,11359.991,1786878753019.431,13540837.366,0.000000000,0.000000000,0.000000000,1.750000000,-1.570000000,-1.750000000,-1.570000000,-1.750000000
569,11379.993,1786878753039.433,13540857.368,0.000000000,0.000000000,0.000000000,1.750000000,-1.570000000,-1.750000000,-1.570000000,-1.750000000
570,11399.989,1786878753059.429,13540877.364,0.000000000,0.000000000,0.000000000,1.750000000,-1.570000000,-1.750000000,-1.570000000,-1.750000000
571,11419.988,1786878753079.428,13540897.363,0.000000000,0.000000000,0.000000000,1.750000000,-1.570000000,-1.750000000,-1.570000000,-1.750000000
572,11439.991,1786878753099.431,13540917.366,0.000000000,0.000000000,0.000000000,1.750000000,-1.570000000,-1.750000000,-1.570000000,-1.750000000
573,11459.987,1786878753119.428,13540937.363,0.000000000,0.000000000,0.000000000,1.750000000,-1.570000000,-1.750000000,-1.570000000,-1.750000000
574,11479.991,1786878753139.431,13540957.366,0.000000000,0.000000000,0.000000000,1.750000000,-1.570000000,-1.750000000,-1.570000000,-1.750000000
575,11499.989,1786878753159.429,13540977.364,0.000000000,0.000000000,0.000000000,1.750000000,-1.570000000,-1.750000000,-1.570000000,-1.750000000
576,11519.990,1786878753179.431,13540997.365,0.000000000,0.000000000,0.000000000,1.750000000,-1.570000000,-1.750000000,-1.570000000,-1.750000000
577,11539.989,1786878753199.429,13541017.364,0.000000000,0.000000000,0.000000000,1.750000000,-1.570000000,-1.750000000,-1.570000000,-1.750000000
578,11559.993,1786878753219.433,13541037.368,0.000000000,0.000000000,0.000000000,1.750000000,-1.570000000,-1.750000000,-1.570000000,-1.750000000
579,11579.988,1786878753239.429,13541057.364,0.000000000,0.000000000,0.000000000,1.750000000,-1.570000000,-1.750000000,-1.570000000,-1.750000000
580,11599.988,1786878753259.428,13541077.363,0.000000000,0.000000000,0.000000000,1.750000000,-1.570000000,-1.750000000,-1.570000000,-1.750000000
581,11619.987,1786878753279.427,13541097.362,0.000000000,0.000000000,0.000000000,1.750000000,-1.570000000,-1.750000000,-1.570000000,-1.750000000
582,11639.987,1786878753299.428,13541117.363,0.000000000,0.000000000,0.000000000,1.750000000,-1.570000000,-1.750000000,-1.570000000,-1.750000000
583,11659.989,1786878753319.429,13541137.364,0.000000000,0.000000000,0.000000000,1.750000000,-1.570000000,-1.750000000,-1.570000000,-1.750000000
584,11679.987,1786878753339.428,13541157.363,0.000000000,0.000000000,0.000000000,1.750000000,-1.570000000,-1.750000000,-1.570000000,-1.750000000
585,11699.989,1786878753359.429,13541177.364,0.000000000,0.000000000,0.000000000,1.750000000,-1.570000000,-1.750000000,-1.570000000,-1.750000000
586,11719.989,1786878753379.429,13541197.364,0.000000000,0.000000000,0.000000000,1.750000000,-1.570000000,-1.750000000,-1.570000000,-1.750000000
587,11739.988,1786878753399.428,13541217.363,0.000000000,0.000000000,0.000000000,1.750000000,-1.570000000,-1.750000000,-1.570000000,-1.750000000
588,11759.990,1786878753419.431,13541237.366,0.000000000,0.000000000,0.000000000,1.750000000,-1.570000000,-1.750000000,-1.570000000,-1.750000000
589,11779.987,1786878753439.427,13541257.363,0.000000000,0.000000000,0.000000000,1.750000000,-1.570000000,-1.750000000,-1.570000000,-1.750000000
590,11799.988,1786878753459.428,13541277.364,0.000000000,0.000000000,0.000000000,1.750000000,-1.570000000,-1.750000000,-1.570000000,-1.750000000
591,11819.987,1786878753479.427,13541297.362,0.000000000,0.000000000,0.000000000,1.750000000,-1.570000000,-1.750000000,-1.570000000,-1.750000000
592,11839.987,1786878753499.427,13541317.362,0.000000000,0.000000000,0.000000000,1.750000000,-1.570000000,-1.750000000,-1.570000000,-1.750000000
593,11859.987,1786878753519.427,13541337.362,0.000000000,0.000000000,0.000000000,1.750000000,-1.570000000,-1.750000000,-1.570000000,-1.750000000
594,11879.989,1786878753539.429,13541357.365,0.000000000,0.000000000,0.000000000,1.750000000,-1.570000000,-1.750000000,-1.570000000,-1.750000000
595,11899.989,1786878753559.429,13541377.364,0.000000000,0.000000000,0.000000000,1.750000000,-1.570000000,-1.750000000,-1.570000000,-1.750000000
596,11919.986,1786878753579.427,13541397.362,0.000000000,0.000000000,0.000000000,1.750000000,-1.570000000,-1.750000000,-1.570000000,-1.750000000
597,11939.989,1786878753599.429,13541417.364,0.000000000,0.000000000,0.000000000,1.750000000,-1.570000000,-1.750000000,-1.570000000,-1.750000000
598,11959.987,1786878753619.428,13541437.363,0.000000000,0.000000000,0.000000000,1.750000000,-1.570000000,-1.750000000,-1.570000000,-1.750000000
599,11979.989,1786878753639.429,13541457.364,0.000000000,0.000000000,0.000000000,1.750000000,-1.570000000,-1.750000000,-1.570000000,-1.750000000
600,11999.988,1786878753659.428,13541477.363,0.000000000,0.000000000,0.000000000,1.750000000,-1.570000000,-1.750000000,-1.570000000,-1.750000000
601,12019.988,1786878753679.428,13541497.363,0.000000000,0.000000000,0.000000000,1.750000000,-1.570000000,-1.750000000,-1.570000000,-1.750000000
602,12039.987,1786878753699.427,13541517.362,0.000000000,0.000000000,0.000000000,1.750000000,-1.570000000,-1.750000000,-1.570000000,-1.750000000
603,12059.990,1786878753719.430,13541537.365,0.000000000,0.000000000,0.000000000,1.750000000,-1.570000000,-1.750000000,-1.570000000,-1.750000000
604,12079.987,1786878753739.428,13541557.363,0.000000000,0.000000000,0.000000000,1.750000000,-1.570000000,-1.750000000,-1.570000000,-1.750000000
605,12099.987,1786878753759.427,13541577.362,0.000000000,0.000000000,0.000000000,1.750000000,-1.570000000,-1.750000000,-1.570000000,-1.750000000
606,12119.989,1786878753779.429,13541597.365,0.000000000,0.000000000,0.000000000,1.750000000,-1.570000000,-1.750000000,-1.570000000,-1.750000000
607,12139.986,1786878753799.426,13541617.361,0.000000000,0.000000000,0.000000000,1.750000000,-1.570000000,-1.750000000,-1.570000000,-1.750000000
608,12159.988,1786878753819.428,13541637.363,0.000000000,0.000000000,0.000000000,1.750000000,-1.570000000,-1.750000000,-1.570000000,-1.750000000
609,12179.987,1786878753839.428,13541657.363,0.000000000,0.000000000,0.000000000,1.750000000,-1.570000000,-1.750000000,-1.570000000,-1.750000000
610,12200.015,1786878753859.455,13541677.390,0.000000000,0.000000000,0.000000000,1.750000000,-1.570000000,-1.750000000,-1.570000000,-1.750000000
611,12219.991,1786878753879.431,13541697.366,0.000000000,0.000000000,0.000000000,1.750000000,-1.570000000,-1.750000000,-1.570000000,-1.750000000
612,12239.988,1786878753899.428,13541717.363,0.000000000,0.000000000,0.000000000,1.750000000,-1.570000000,-1.750000000,-1.570000000,-1.750000000
613,12259.992,1786878753919.432,13541737.367,0.000000000,0.000000000,0.000000000,1.750000000,-1.570000000,-1.750000000,-1.570000000,-1.750000000
614,12279.988,1786878753939.429,13541757.364,0.000000000,0.000000000,0.000000000,1.750000000,-1.570000000,-1.750000000,-1.570000000,-1.750000000
615,12299.988,1786878753959.428,13541777.363,0.000000000,0.000000000,0.000000000,1.750000000,-1.570000000,-1.750000000,-1.570000000,-1.750000000
616,12319.988,1786878753979.428,13541797.363,0.000000000,0.000000000,0.000000000,1.750000000,-1.570000000,-1.750000000,-1.570000000,-1.750000000
617,12339.991,1786878753999.431,13541817.366,0.000000000,0.000000000,0.000000000,1.750000000,-1.570000000,-1.750000000,-1.570000000,-1.750000000
618,12359.998,1786878754019.438,13541837.373,0.000000000,0.000000000,0.000000000,1.750000000,-1.570000000,-1.750000000,-1.570000000,-1.750000000
619,12379.995,1786878754039.435,13541857.370,0.000000000,0.000000000,0.000000000,1.750000000,-1.570000000,-1.750000000,-1.570000000,-1.750000000
620,12399.993,1786878754059.433,13541877.368,0.000000000,0.000000000,0.000000000,1.750000000,-1.570000000,-1.750000000,-1.570000000,-1.750000000
621,12419.994,1786878754079.434,13541897.369,0.000000000,0.000000000,0.000000000,1.750000000,-1.570000000,-1.750000000,-1.570000000,-1.750000000
622,12439.991,1786878754099.431,13541917.366,0.000000000,0.000000000,0.000000000,1.750000000,-1.570000000,-1.750000000,-1.570000000,-1.750000000
623,12459.990,1786878754119.430,13541937.365,0.000000000,0.000000000,0.000000000,1.750000000,-1.570000000,-1.750000000,-1.570000000,-1.750000000
624,12479.996,1786878754139.436,13541957.371,0.000000000,0.000000000,0.000000000,1.750000000,-1.570000000,-1.750000000,-1.570000000,-1.750000000
625,12499.993,1786878754159.433,13541977.368,0.000000000,0.000000000,0.000000000,1.750000000,-1.570000000,-1.750000000,-1.570000000,-1.750000000
626,12519.991,1786878754179.432,13541997.367,0.000000000,0.000000000,0.000000000,1.750000000,-1.570000000,-1.750000000,-1.570000000,-1.750000000
627,12539.993,1786878754199.433,13542017.368,0.000000000,0.000000000,0.000000000,1.750000000,-1.570000000,-1.750000000,-1.570000000,-1.750000000
628,12559.994,1786878754219.434,13542037.369,0.000000000,0.000000000,0.000000000,1.750000000,-1.570000000,-1.750000000,-1.570000000,-1.750000000
629,12579.990,1786878754239.430,13542057.365,0.000000000,0.000000000,0.000000000,1.750000000,-1.570000000,-1.750000000,-1.570000000,-1.750000000
630,12599.992,1786878754259.432,13542077.367,0.000000000,0.000000000,0.000000000,1.750000000,-1.570000000,-1.750000000,-1.570000000,-1.750000000
631,12619.992,1786878754279.432,13542097.367,0.000000000,0.000000000,0.000000000,1.750000000,-1.570000000,-1.750000000,-1.570000000,-1.750000000
632,12639.999,1786878754299.440,13542117.375,0.000000000,0.000000000,0.000000000,1.750000000,-1.570000000,-1.750000000,-1.570000000,-1.750000000
633,12659.993,1786878754319.433,13542137.368,0.000000000,0.000000000,0.000000000,1.750000000,-1.570000000,-1.750000000,-1.570000000,-1.750000000
634,12680.024,1786878754339.465,13542157.400,0.000000000,0.000000000,0.000000000,1.750000000,-1.570000000,-1.750000000,-1.570000000,-1.750000000
635,12699.990,1786878754359.430,13542177.365,0.000000000,0.000000000,0.000000000,1.750000000,-1.570000000,-1.750000000,-1.570000000,-1.750000000
636,12719.988,1786878754379.428,13542197.363,0.000000000,0.000000000,0.000000000,1.750000000,-1.570000000,-1.750000000,-1.570000000,-1.750000000
637,12739.993,1786878754399.433,13542217.368,0.000000000,0.000000000,0.000000000,1.750000000,-1.570000000,-1.750000000,-1.570000000,-1.750000000
638,12759.993,1786878754419.433,13542237.368,0.000000000,0.000000000,0.000000000,1.750000000,-1.570000000,-1.750000000,-1.570000000,-1.750000000
639,12779.991,1786878754439.431,13542257.366,0.000000000,0.000000000,0.000000000,1.750000000,-1.570000000,-1.750000000,-1.570000000,-1.750000000
640,12799.992,1786878754459.432,13542277.367,0.000000000,0.000000000,0.000000000,1.750000000,-1.570000000,-1.750000000,-1.570000000,-1.750000000
641,12819.990,1786878754479.430,13542297.365,0.000000000,0.000000000,0.000000000,1.750000000,-1.570000000,-1.750000000,-1.570000000,-1.750000000
642,12839.990,1786878754499.430,13542317.365,0.000000000,0.000000000,0.000000000,1.750000000,-1.570000000,-1.750000000,-1.570000000,-1.750000000
643,12859.990,1786878754519.430,13542337.365,0.000000000,0.000000000,0.000000000,1.750000000,-1.570000000,-1.750000000,-1.570000000,-1.750000000
644,12880.000,1786878754539.440,13542357.375,0.000000000,0.000000000,0.000000000,1.750000000,-1.570000000,-1.750000000,-1.570000000,-1.750000000
645,12899.992,1786878754559.432,13542377.367,0.000000000,0.000000000,0.000000000,1.750000000,-1.570000000,-1.750000000,-1.570000000,-1.750000000
646,12919.988,1786878754579.428,13542397.364,0.000000000,0.000000000,0.000000000,1.750000000,-1.570000000,-1.750000000,-1.570000000,-1.750000000
647,12939.995,1786878754599.436,13542417.371,0.000000000,0.000000000,0.000000000,1.750000000,-1.570000000,-1.750000000,-1.570000000,-1.750000000
648,12960.081,1786878754619.521,13542437.456,0.000000000,0.000000000,0.000000000,1.750000000,-1.570000000,-1.750000000,-1.570000000,-1.750000000
649,12979.990,1786878754639.430,13542457.365,0.000000000,0.000000000,0.000000000,1.750000000,-1.570000000,-1.750000000,-1.570000000,-1.750000000
650,13000.021,1786878754659.461,13542477.396,0.000000000,0.000000000,0.000000000,1.750000000,-1.570000000,-1.750000000,-1.570000000,-1.750000000
651,13020.025,1786878754679.466,13542497.401,0.000000000,0.000000000,0.000000000,1.750000000,-1.570000000,-1.750000000,-1.570000000,-1.750000000
652,13039.991,1786878754699.432,13542517.367,0.000000000,0.000000000,0.000000000,1.750000000,-1.570000000,-1.750000000,-1.570000000,-1.750000000
653,13060.022,1786878754719.463,13542537.398,0.000000000,0.000000000,0.000000000,1.750000000,-1.570000000,-1.750000000,-1.570000000,-1.750000000
654,13080.001,1786878754739.441,13542557.376,0.000000000,0.000000000,0.000000000,1.750000000,-1.570000000,-1.750000000,-1.570000000,-1.750000000
655,13099.997,1786878754759.438,13542577.372,0.000000000,0.000000000,0.000000000,1.750000000,-1.570000000,-1.750000000,-1.570000000,-1.750000000
656,13119.998,1786878754779.439,13542597.374,0.000000000,0.000000000,0.000000000,1.750000000,-1.570000000,-1.750000000,-1.570000000,-1.750000000
657,13139.996,1786878754799.436,13542617.371,0.000000000,0.000000000,0.000000000,1.750000000,-1.570000000,-1.750000000,-1.570000000,-1.750000000
658,13159.990,1786878754819.431,13542637.365,0.000000000,0.000000000,0.000000000,1.750000000,-1.570000000,-1.750000000,-1.570000000,-1.750000000
659,13179.994,1786878754839.434,13542657.369,0.000000000,0.000000000,0.000000000,1.750000000,-1.570000000,-1.750000000,-1.570000000,-1.750000000
660,13199.991,1786878754859.431,13542677.366,0.000000000,0.000000000,0.000000000,1.750000000,-1.570000000,-1.750000000,-1.570000000,-1.750000000
661,13219.988,1786878754879.428,13542697.364,0.000000000,0.000000000,0.000000000,1.750000000,-1.570000000,-1.750000000,-1.570000000,-1.750000000
662,13239.993,1786878754899.433,13542717.368,0.000000000,0.000000000,0.000000000,1.750000000,-1.570000000,-1.750000000,-1.570000000,-1.750000000
663,13259.989,1786878754919.429,13542737.364,0.000000000,0.000000000,0.000000000,1.750000000,-1.570000000,-1.750000000,-1.570000000,-1.750000000
664,13279.991,1786878754939.431,13542757.366,0.000000000,0.000000000,0.000000000,1.750000000,-1.570000000,-1.750000000,-1.570000000,-1.750000000
665,13299.992,1786878754959.433,13542777.368,0.000000000,0.000000000,0.000000000,1.750000000,-1.570000000,-1.750000000,-1.570000000,-1.750000000
666,13319.991,1786878754979.431,13542797.366,0.000000000,0.000000000,0.000000000,1.750000000,-1.570000000,-1.750000000,-1.570000000,-1.750000000
667,13339.992,1786878754999.432,13542817.367,0.000000000,0.000000000,0.000000000,1.750000000,-1.570000000,-1.750000000,-1.570000000,-1.750000000
668,13359.992,1786878755019.433,13542837.368,0.000000000,0.000000000,0.000000000,1.750000000,-1.570000000,-1.750000000,-1.570000000,-1.750000000
669,13379.994,1786878755039.434,13542857.369,0.000000000,0.000000000,0.000000000,1.750000000,-1.570000000,-1.750000000,-1.570000000,-1.750000000
670,13399.993,1786878755059.433,13542877.368,0.000000000,0.000000000,0.000000000,1.750000000,-1.570000000,-1.750000000,-1.570000000,-1.750000000
671,13419.993,1786878755079.433,13542897.368,0.000000000,0.000000000,0.000000000,1.750000000,-1.570000000,-1.750000000,-1.570000000,-1.750000000
672,13439.991,1786878755099.432,13542917.367,0.000000000,0.000000000,0.000000000,1.750000000,-1.570000000,-1.750000000,-1.570000000,-1.750000000
673,13459.997,1786878755119.437,13542937.372,0.000000000,0.000000000,0.000000000,1.750000000,-1.570000000,-1.750000000,-1.570000000,-1.750000000
674,13479.994,1786878755139.434,13542957.369,0.000000000,0.000000000,0.000000000,1.750000000,-1.570000000,-1.750000000,-1.570000000,-1.750000000
675,13499.993,1786878755159.433,13542977.368,0.000000000,0.000000000,0.000000000,1.750000000,-1.570000000,-1.750000000,-1.570000000,-1.750000000
676,13519.995,1786878755179.436,13542997.370,0.000000000,0.000000000,0.000000000,1.750000000,-1.570000000,-1.750000000,-1.570000000,-1.750000000
677,13539.990,1786878755199.430,13543017.365,0.000000000,0.000000000,0.000000000,1.750000000,-1.570000000,-1.750000000,-1.570000000,-1.750000000
678,13559.995,1786878755219.435,13543037.370,0.000000000,0.000000000,0.000000000,1.750000000,-1.570000000,-1.750000000,-1.570000000,-1.750000000
679,13579.996,1786878755239.437,13543057.371,0.000000000,0.000000000,0.000000000,1.750000000,-1.570000000,-1.750000000,-1.570000000,-1.750000000
680,13599.992,1786878755259.433,13543077.368,0.000000000,0.000000000,0.000000000,1.750000000,-1.570000000,-1.750000000,-1.570000000,-1.750000000
681,13619.991,1786878755279.432,13543097.367,0.000000000,0.000000000,0.000000000,1.750000000,-1.570000000,-1.750000000,-1.570000000,-1.750000000
682,13640.036,1786878755299.476,13543117.411,0.000000000,0.000000000,0.000000000,1.750000000,-1.570000000,-1.750000000,-1.570000000,-1.750000000
683,13660.032,1786878755319.473,13543137.407,0.000000000,0.000000000,0.000000000,1.750000000,-1.570000000,-1.750000000,-1.570000000,-1.750000000
684,13680.034,1786878755339.474,13543157.409,0.000000000,0.000000000,0.000000000,1.750000000,-1.570000000,-1.750000000,-1.570000000,-1.750000000
685,13700.032,1786878755359.472,13543177.407,0.000000000,0.000000000,0.000000000,1.750000000,-1.570000000,-1.750000000,-1.570000000,-1.750000000
686,13720.035,1786878755379.475,13543197.410,0.000000000,0.000000000,0.000000000,1.750000000,-1.570000000,-1.750000000,-1.570000000,-1.750000000
687,13740.022,1786878755399.463,13543217.398,0.000000000,0.000000000,0.000000000,1.750000000,-1.570000000,-1.750000000,-1.570000000,-1.750000000
688,13760.001,1786878755419.441,13543237.376,0.000000000,0.000000000,0.000000000,1.750000000,-1.570000000,-1.750000000,-1.570000000,-1.750000000
689,13779.992,1786878755439.433,13543257.368,0.000000000,0.000000000,0.000000000,1.750000000,-1.570000000,-1.750000000,-1.570000000,-1.750000000
690,13799.996,1786878755459.436,13543277.371,0.000000000,0.000000000,0.000000000,1.750000000,-1.570000000,-1.750000000,-1.570000000,-1.750000000
