index,time_ms,time_realtime_ms,time_monotonic_ms,ros_timestamp,left_hand_q_0,left_hand_q_1,left_hand_q_2,left_hand_q_3,left_hand_q_4,left_hand_q_5,left_hand_q_6
0,0.000,1786876906281.490,11694099.424,0.000000000,-0.006796283,0.144674301,0.074449062,-0.033657860,-0.039519183,-0.034216382,-0.039418094
1,19.992,1786876906301.481,11694119.416,0.000000000,-0.006776602,0.139827222,0.076017603,-0.035631333,-0.041376837,-0.035948012,-0.041240271
2,39.991,1786876906321.481,11694139.416,0.000000000,-0.006753655,0.133059099,0.086249053,-0.046172172,-0.051749919,-0.045875799,-0.051522423
3,59.991,1786876906341.480,11694159.415,0.000000000,-0.007272095,0.130910441,0.105521649,-0.063413560,-0.068840668,-0.063147254,-0.068617694
4,80.002,1786876906361.491,11694179.426,0.000000000,-0.007334636,0.128471866,0.129829496,-0.085173175,-0.090752460,-0.085240871,-0.090579174
5,99.990,1786876906381.479,11694199.414,0.000000000,-0.007316924,0.124145254,0.157151937,-0.110036537,-0.116135910,-0.110477485,-0.116018459
6,119.990,1786876906401.480,11694219.415,0.000000000,-0.007294215,0.118120387,0.186593935,-0.137102693,-0.144033596,-0.137720272,-0.143943042
7,139.991,1786876906421.481,11694239.416,0.000000000,-0.007278385,0.112470582,0.209643453,-0.158619732,-0.166211009,-0.159019440,-0.166088641
8,159.990,1786876906441.480,11694259.415,0.000000000,-0.007257616,0.103507131,0.241242081,-0.188899457,-0.197097331,-0.188612163,-0.196872815
9,179.990,1786876906461.480,11694279.415,0.000000000,-0.007236852,0.093473524,0.273524940,-0.220905498,-0.229174882,-0.219829038,-0.228832081
10,199.991,1786876906481.480,11694299.415,0.000000000,-0.007215979,0.083677948,0.306363106,-0.254332721,-0.262137622,-0.252437592,-0.261674732
11,219.990,1786876906501.480,11694319.415,0.000000000,-0.007191622,0.076237403,0.339841366,-0.288172215,-0.295608699,-0.285630316,-0.295057684
12,239.990,1786876906521.479,11694339.414,0.000000000,-0.007160956,0.072935432,0.374046803,-0.322079718,-0.329348743,-0.319356114,-0.328781545
13,259.990,1786876906541.480,11694359.415,0.000000000,-0.007125800,0.072479442,0.408837676,-0.356380373,-0.363300651,-0.353658915,-0.362734556
14,279.990,1786876906561.479,11694379.414,0.000000000,-0.007090731,0.072376758,0.443953067,-0.391137242,-0.397432685,-0.388739884,-0.396902680
15,299.991,1786876906581.481,11694399.416,0.000000000,-0.007059148,0.072258614,0.479199529,-0.426124960,-0.431701690,-0.424195021,-0.431224972
16,319.990,1786876906601.479,11694419.415,0.000000000,-0.007031265,0.072107337,0.514496744,-0.460768878,-0.466034710,-0.459154904,-0.465592563
17,339.992,1786876906621.481,11694439.416,0.000000000,-0.007007036,0.071939923,0.549846709,-0.494479388,-0.500347257,-0.493007749,-0.499924481
18,359.991,1786876906641.480,11694459.415,0.000000000,-0.006985147,0.071753271,0.585202694,-0.527533352,-0.534668624,-0.526167572,-0.534266829
19,379.991,1786876906661.480,11694479.415,0.000000000,-0.006965253,0.071499847,0.620490015,-0.560527682,-0.569064379,-0.559521854,-0.568721473
20,399.991,1786876906681.480,11694499.415,0.000000000,-0.006950991,0.071301222,0.646895945,-0.585476279,-0.594920397,-0.584943831,-0.594653845
21,419.998,1786876906701.488,11694519.423,0.000000000,-0.006931101,0.071092874,0.682045341,-0.619078934,-0.629455864,-0.619276106,-0.629309535
22,440.001,1786876906721.490,11694539.425,0.000000000,-0.006908928,0.070900917,0.717169106,-0.652888119,-0.664032817,-0.653667212,-0.663988769
23,459.994,1786876906741.483,11694559.418,0.000000000,-0.006883577,0.070697136,0.752287686,-0.686745524,-0.698649526,-0.687870622,-0.698668063
24,479.993,1786876906761.483,11694579.418,0.000000000,-0.006857580,0.070491672,0.787393212,-0.720656931,-0.733316720,-0.721938312,-0.733364403
25,499.993,1786876906781.483,11694599.418,0.000000000,-0.006832526,0.070282958,0.822462380,-0.754790962,-0.768021286,-0.756029308,-0.768080533
26,519.991,1786876906801.480,11694619.415,0.000000000,-0.006806452,0.070064642,0.857476413,-0.789216220,-0.802748621,-0.790323913,-0.802821159
27,539.990,1786876906821.479,11694639.414,0.000000000,-0.006775973,0.069866277,0.892422438,-0.823932588,-0.837465048,-0.824873924,-0.837540507
28,559.991,1786876906841.480,11694659.415,0.000000000,-0.006744036,0.069675542,0.927293241,-0.858902037,-0.872147918,-0.859655976,-0.872203290
29,579.990,1786876906861.479,11694679.414,0.000000000,-0.006713141,0.069485739,0.962102175,-0.893997073,-0.906795442,-0.894570410,-0.906810939
30,599.993,1786876906881.483,11694699.418,0.000000000,-0.006683492,0.069300957,0.996869624,-0.929010391,-0.941391170,-0.929509640,-0.941372514
31,619.992,1786876906901.481,11694719.416,0.000000000,-0.006653142,0.069120698,1.031621218,-0.963797987,-0.975930572,-0.964286506,-0.975885510
32,639.991,1786876906921.481,11694739.416,0.000000000,-0.006629915,0.068985812,1.057686329,-0.989723384,-1.001812816,-0.990214109,-1.001746893
33,660.003,1786876906941.492,11694759.427,0.000000000,-0.006599994,0.068803504,1.092440367,-1.024125218,-1.036307693,-1.024627686,-1.036211371
34,679.995,1786876906961.484,11694779.419,0.000000000,-0.006572325,0.068616845,1.127186298,-1.058428168,-1.070794106,-1.058938503,-1.070670485
35,699.990,1786876906981.480,11694799.415,0.000000000,-0.006546275,0.068425208,1.161928296,-1.092698932,-1.105291247,-1.093225002,-1.105148911
36,720.003,1786876907001.492,11694819.427,0.000000000,-0.006521194,0.068229757,1.196671963,-1.126974583,-1.139812589,-1.127537727,-1.139661431
37,740.028,1786876907021.518,11694839.453,0.000000000,-0.006496491,0.068031594,1.231417060,-1.161295056,-1.174361229,-1.161895752,-1.174211621
38,759.997,1786876907041.487,11694859.422,0.000000000,-0.006472006,0.067831956,1.266160965,-1.195654631,-1.208932757,-1.196307778,-1.208792925
39,779.996,1786876907061.486,11694879.420,0.000000000,-0.006447514,0.067629911,1.300905108,-1.230063915,-1.243529439,-1.230801225,-1.243406534
40,800.015,1786876907081.504,11694899.439,0.000000000,-0.006422438,0.067425601,1.335645318,-1.264544606,-1.278149247,-1.265390635,-1.278047085
41,820.026,1786876907101.515,11694919.450,0.000000000,-0.006397047,0.067220204,1.370376587,-1.299104214,-1.312785387,-1.300057292,-1.312704086
42,840.024,1786876907121.513,11694939.448,0.000000000,-0.006371455,0.067011915,1.405096292,-1.333728194,-1.347430468,-1.334784985,-1.347369432
43,860.026,1786876907141.515,11694959.450,0.000000000,-0.006345539,0.066785023,1.439798117,-1.367955923,-1.382077336,-1.369067192,-1.382036448
44,880.011,1786876907161.500,11694979.436,0.000000000,-0.006319004,0.066526972,1.474475026,-1.400296688,-1.416719913,-1.401404500,-1.416695595
45,899.997,1786876907181.487,11694999.421,0.000000000,-0.006298905,0.066317208,1.500466347,-1.422580123,-1.442698121,-1.423656821,-1.442682743
46,920.017,1786876907201.507,11695019.441,0.000000000,-0.006272053,0.066031724,1.534969211,-1.449035764,-1.477329373,-1.450041652,-1.477323890
47,940.014,1786876907221.503,11695039.438,0.000000000,-0.006245059,0.065770067,1.568079591,-1.471392512,-1.511955500,-1.472297311,-1.511959434
48,960.027,1786876907241.517,11695059.452,0.000000000,-0.006217907,0.065548249,1.598439097,-1.489542723,-1.546163559,-1.490324020,-1.546176195
49,980.011,1786876907261.500,11695079.435,0.000000000,-0.006190626,0.065343194,1.625190496,-1.503623486,-1.578485966,-1.504268765,-1.578505158
50,1000.026,1786876907281.515,11695099.450,0.000000000,-0.006163418,0.065141901,1.647891164,-1.513940573,-1.607738018,-1.514444232,-1.607761621
51,1020.026,1786876907301.516,11695119.451,0.000000000,-0.006136599,0.064942747,1.666424870,-1.520916462,-1.633204341,-1.521285295,-1.633231282
52,1040.072,1786876907321.561,11695139.496,0.000000000,-0.006109919,0.064744547,1.680922389,-1.525053144,-1.654554129,-1.525307894,-1.654583812
53,1060.006,1786876907341.496,11695159.431,0.000000000,-0.006082993,0.064546160,1.691690683,-1.526894450,-1.671758771,-1.527054310,-1.671788812
54,1080.030,1786876907361.520,11695179.455,0.000000000,-0.006056011,0.064347312,1.699145317,-1.527280688,-1.685006380,-1.527410150,-1.685034394
55,1100.025,1786876907381.514,11695199.449,0.000000000,-0.006029104,0.064148851,1.703764558,-1.527427077,-1.694640398,-1.527553558,-1.694664240
56,1120.027,1786876907401.516,11695219.451,0.000000000,-0.006002402,0.063951083,1.706048727,-1.527553797,-1.701103568,-1.527679563,-1.701122165
57,1139.996,1786876907421.485,11695239.420,0.000000000,-0.005982556,0.063803032,1.706568122,-1.527647257,-1.704165220,-1.527772903,-1.704179764
58,1160.027,1786876907441.516,11695259.451,0.000000000,-0.005956332,0.063606083,1.706767559,-1.527771235,-1.706270576,-1.527896643,-1.706280351
59,1179.998,1786876907461.488,11695279.423,0.000000000,-0.005930346,0.063409872,1.706903696,-1.527894616,-1.706779003,-1.528020024,-1.706786633
60,1199.995,1786876907481.485,11695299.420,0.000000000,-0.005904553,0.063214496,1.707034349,-1.528017282,-1.706939697,-1.528142810,-1.706947088
61,1220.025,1786876907501.514,11695319.449,0.000000000,-0.005878903,0.063020170,1.707164288,-1.528139234,-1.707072377,-1.528264880,-1.707079768
62,1239.997,1786876907521.487,11695339.422,0.000000000,-0.005853402,0.062826902,1.707293987,-1.528260589,-1.707202554,-1.528386354,-1.707209945
63,1259.999,1786876907541.489,11695359.424,0.000000000,-0.005827948,0.062633745,1.707423210,-1.528382063,-1.707332134,-1.528507948,-1.707339525
64,1280.027,1786876907561.516,11695379.451,0.000000000,-0.005802457,0.062440541,1.707552075,-1.528503776,-1.707461357,-1.528629661,-1.707468629
65,1299.998,1786876907581.488,11695399.423,0.000000000,-0.005776925,0.062247563,1.707680464,-1.528625369,-1.707589984,-1.528751135,-1.707597375
66,1320.010,1786876907601.499,11695419.434,0.000000000,-0.005751343,0.062055085,1.707808375,-1.528746963,-1.707718372,-1.528872371,-1.707725763
67,1339.993,1786876907621.483,11695439.418,0.000000000,-0.005725777,0.061863344,1.707936049,-1.528867960,-1.707846284,-1.528993130,-1.707853675
68,1359.992,1786876907641.481,11695459.416,0.000000000,-0.005700270,0.061672371,1.708063364,-1.528988719,-1.707973957,-1.529113531,-1.707981229
69,1379.991,1786876907661.480,11695479.415,0.000000000,-0.005674848,0.061482016,1.708190322,-1.529109240,-1.708101273,-1.529233575,-1.708108544
70,1399.991,1786876907681.481,11695499.415,0.000000000,-0.005655838,0.061339553,1.708285332,-1.529199362,-1.708196402,-1.529323459,-1.708203793
71,1419.992,1786876907701.482,11695519.417,0.000000000,-0.005630538,0.061149899,1.708411574,-1.529319525,-1.708323002,-1.529443145,-1.708330274
72,1440.025,1786876907721.514,11695539.449,0.000000000,-0.005605299,0.060960736,1.708537459,-1.529439330,-1.708449244,-1.529562593,-1.708456516
73,1459.996,1786876907741.486,11695559.421,0.000000000,-0.005580151,0.060772143,1.708662868,-1.529558778,-1.708575010,-1.529681563,-1.708582282
74,1479.996,1786876907761.486,11695579.420,0.000000000,-0.005555106,0.060584340,1.708787918,-1.529677629,-1.708700418,-1.529800057,-1.708707690
75,1499.994,1786876907781.484,11695599.419,0.000000000,-0.005530192,0.060397651,1.708912730,-1.529795766,-1.708825469,-1.529917836,-1.708832741
76,1520.020,1786876907801.510,11695619.445,0.000000000,-0.005505393,0.060211856,1.709037185,-1.529913425,-1.708950281,-1.530035019,-1.708957434
77,1539.992,1786876907821.481,11695639.416,0.000000000,-0.005480633,0.060026515,1.709161282,-1.530030847,-1.709074736,-1.530152202,-1.709081888
78,1559.994,1786876907841.483,11695659.418,0.000000000,-0.005456006,0.059841484,1.709285259,-1.530148864,-1.709198952,-1.530269504,-1.709206104
79,1580.021,1786876907861.510,11695679.445,0.000000000,-0.005431504,0.059656736,1.709408998,-1.530267119,-1.709322929,-1.530387163,-1.709330201
80,1600.020,1786876907881.510,11695699.445,0.000000000,-0.005407202,0.059472680,1.709532619,-1.530385494,-1.709446907,-1.530504704,-1.709454179
81,1620.063,1786876907901.553,11695719.488,0.000000000,-0.005383469,0.059289373,1.709656358,-1.530504465,-1.709570765,-1.530622959,-1.709578276
82,1639.995,1786876907921.484,11695739.419,0.000000000,-0.005366225,0.059152484,1.709749579,-1.530594349,-1.709663987,-1.530712962,-1.709671617
83,1660.022,1786876907941.511,11695759.446,0.000000000,-0.005344228,0.058970090,1.709874272,-1.530715346,-1.709788680,-1.530835748,-1.709796429
84,1680.021,1786876907961.511,11695779.446,0.000000000,-0.005322862,0.058788352,1.709998488,-1.530836463,-1.709912658,-1.530957699,-1.709921002
85,1699.992,1786876907981.481,11695799.416,0.000000000,-0.005300862,0.058604181,1.710120440,-1.530955553,-1.710034370,-1.531077981,-1.710043311
86,1720.020,1786876908001.510,11695819.445,0.000000000,-0.005275985,0.058419220,1.710239530,-1.531070232,-1.710153937,-1.531191707,-1.710162878
87,1740.021,1786876908021.510,11695839.445,0.000000000,-0.005248311,0.058232091,1.710356593,-1.531184435,-1.710271716,-1.531301737,-1.710280299
88,1760.021,1786876908041.510,11695859.445,0.000000000,-0.005220296,0.058047328,1.710473418,-1.531297445,-1.710389376,-1.531410098,-1.710397482
89,1780.020,1786876908061.509,11695879.444,0.000000000,-0.005192905,0.057868108,1.710590720,-1.531407237,-1.710507393,-1.531515837,-1.710514903
90,1799.993,1786876908081.482,11695899.417,0.000000000,-0.005166576,0.057693634,1.710708499,-1.531514525,-1.710626125,-1.531620264,-1.710632801
91,1820.020,1786876908101.510,11695919.445,0.000000000,-0.005140941,0.057522524,1.710826993,-1.531620741,-1.710745454,-1.531723976,-1.710751414
92,1839.994,1786876908121.483,11695939.418,0.000000000,-0.005116010,0.057353999,1.710945725,-1.531725883,-1.710865140,-1.531827331,-1.710870504
93,1859.993,1786876908141.482,11695959.417,0.000000000,-0.005091918,0.057187490,1.711064696,-1.531830192,-1.710984826,-1.531930566,-1.710989833
94,1879.995,1786876908161.485,11695979.420,0.000000000,-0.005069056,0.057021137,1.711183429,-1.531934500,-1.711104035,-1.532035112,-1.711109042
95,1900.020,1786876908181.510,11695999.445,0.000000000,-0.005052663,0.056895554,1.711272240,-1.532013297,-1.711192966,-1.532114744,-1.711198211
96,1919.995,1786876908201.485,11696019.420,0.000000000,-0.005031530,0.056725211,1.711389899,-1.532120228,-1.711310863,-1.532223701,-1.711316466
97,1940.023,1786876908221.512,11696039.447,0.000000000,-0.005010795,0.056550566,1.711506963,-1.532230139,-1.711427927,-1.532336235,-1.711434007
98,1959.997,1786876908241.486,11696059.421,0.000000000,-0.004989760,0.056372166,1.711623311,-1.532343149,-1.711544514,-1.532451868,-1.711550593
99,1979.991,1786876908261.480,11696079.415,0.000000000,-0.004967987,0.056191165,1.711739182,-1.532458782,-1.711660504,-1.532569051,-1.711666584
100,2000.040,1786876908281.530,11696099.465,0.000000000,-0.004945530,0.056009863,1.711854577,-1.532575607,-1.711775899,-1.532685995,-1.711782098
101,2020.003,1786876908301.492,11696119.427,0.000000000,-0.004922938,0.055828404,1.711969256,-1.532692194,-1.711890578,-1.532802224,-1.711896896
102,2040.026,1786876908321.516,11696139.451,0.000000000,-0.004900396,0.055647537,1.712083459,-1.532808065,-1.712004781,-1.532917738,-1.712011218
103,2059.995,1786876908341.484,11696159.419,0.000000000,-0.004877856,0.055467512,1.712197304,-1.532923818,-1.712118745,-1.533032775,-1.712125301
104,2080.027,1786876908361.517,11696179.452,0.000000000,-0.004855372,0.055288676,1.712311506,-1.533039451,-1.712232947,-1.533147931,-1.712239504
105,2099.994,1786876908381.484,11696199.419,0.000000000,-0.004833278,0.055113196,1.712425709,-1.533152938,-1.712347269,-1.533261299,-1.712353826
106,2120.026,1786876908401.515,11696219.450,0.000000000,-0.004811864,0.054939982,1.712539434,-1.533264041,-1.712461114,-1.533373117,-1.712467909
107,2139.993,1786876908421.482,11696239.417,0.000000000,-0.004795823,0.054810882,1.712624431,-1.533346415,-1.712546229,-1.533455968,-1.712553144
108,2160.061,1786876908441.550,11696259.485,0.000000000,-0.004774133,0.054639444,1.712737441,-1.533455849,-1.712659359,-1.533565760,-1.712666392
109,2179.992,1786876908461.481,11696279.416,0.000000000,-0.004752302,0.054466762,1.712849975,-1.533566594,-1.712772012,-1.533676147,-1.712779164
110,2200.002,1786876908481.492,11696299.427,0.000000000,-0.004730078,0.054290231,1.712962031,-1.533680916,-1.712883949,-1.533789754,-1.712891221
111,2220.006,1786876908501.496,11696319.431,0.000000000,-0.004707671,0.054113667,1.713073730,-1.533795595,-1.712995768,-1.533903599,-1.713003039
112,2240.008,1786876908521.498,11696339.432,0.000000000,-0.004685280,0.053939380,1.713185310,-1.533908606,-1.713107467,-1.534016013,-1.713114738
113,2259.998,1786876908541.488,11696359.423,0.000000000,-0.004663212,0.053767294,1.713296652,-1.534019828,-1.713219047,-1.534126878,-1.713226080
114,2280.003,1786876908561.492,11696379.427,0.000000000,-0.004641965,0.053597242,1.713407755,-1.534129262,-1.713330269,-1.534236193,-1.713337302
115,2300.005,1786876908581.494,11696399.429,0.000000000,-0.004621472,0.053430650,1.713518262,-1.534235120,-1.713441133,-1.534342766,-1.713448048
116,2320.003,1786876908601.493,11696419.428,0.000000000,-0.004602177,0.053267684,1.713627219,-1.534335017,-1.713550329,-1.534443736,-1.713557482
117,2340.025,1786876908621.515,11696439.450,0.000000000,-0.004584371,0.053101327,1.713733315,-1.534431219,-1.713656783,-1.534543514,-1.713664174
118,2360.025,1786876908641.515,11696459.450,0.000000000,-0.004567563,0.052937001,1.713837981,-1.534521818,-1.713762045,-1.534639597,-1.713769674
119,2380.024,1786876908661.513,11696479.448,0.000000000,-0.004550633,0.052779358,1.713945389,-1.534614444,-1.713869929,-1.534735322,-1.713877916
120,2400.025,1786876908681.515,11696499.450,0.000000000,-0.004532298,0.052618209,1.714057803,-1.534724116,-1.713982582,-1.534843802,-1.713990211
121,2420.024,1786876908701.514,11696519.449,0.000000000,-0.004518030,0.052489810,1.714143872,-1.534820557,-1.714068055,-1.534935832,-1.714076042
122,2440.024,1786876908721.514,11696539.449,0.000000000,-0.004498017,0.052307852,1.714257479,-1.534956336,-1.714180231,-1.535068154,-1.714189291
123,2460.002,1786876908741.491,11696559.426,0.000000000,-0.004475675,0.052114576,1.714367867,-1.535095692,-1.714289427,-1.535206318,-1.714299321
124,2480.010,1786876908761.499,11696579.434,0.000000000,-0.004450187,0.051920306,1.714475036,-1.535231233,-1.714395523,-1.535337567,-1.714406133
125,2500.029,1786876908781.519,11696599.453,0.000000000,-0.004421688,0.051729131,1.714579463,-1.535361052,-1.714499235,-1.535458326,-1.714510202
126,2520.003,1786876908801.493,11696619.428,0.000000000,-0.004392632,0.051546015,1.714681387,-1.535478950,-1.714601159,-1.535567045,-1.714611769
127,2540.046,1786876908821.535,11696639.470,0.000000000,-0.004364993,0.051368780,1.714782476,-1.535589695,-1.714702725,-1.535670280,-1.714712501
128,2559.997,1786876908841.487,11696659.422,0.000000000,-0.004339752,0.051193319,1.714884043,-1.535699606,-1.714804411,-1.535774708,-1.714813590
129,2580.028,1786876908861.518,11696679.453,0.000000000,-0.004316221,0.051018789,1.714986444,-1.535811901,-1.714906812,-1.535880804,-1.714915752
130,2600.028,1786876908881.518,11696699.453,0.000000000,-0.004295456,0.050853718,1.715090871,-1.535919547,-1.715011120,-1.535982847,-1.715019941
131,2620.030,1786876908901.520,11696719.455,0.000000000,-0.004278404,0.050694168,1.715195656,-1.536020994,-1.715115905,-1.536082506,-1.715124965
132,2640.025,1786876908921.514,11696739.449,0.000000000,-0.004264069,0.050537113,1.715300083,-1.536117435,-1.715219975,-1.536181927,-1.715230107
133,2660.028,1786876908941.518,11696759.453,0.000000000,-0.004249608,0.050378744,1.715404630,-1.536216021,-1.715323925,-1.536283016,-1.715335250
134,2680.028,1786876908961.518,11696779.453,0.000000000,-0.004238419,0.050257519,1.715482473,-1.536290765,-1.715401769,-1.536361217,-1.715413332
135,2700.036,1786876908981.525,11696799.460,0.000000000,-0.004223139,0.050092872,1.715585351,-1.536392212,-1.715504527,-1.536466718,-1.715516686
136,2720.028,1786876909001.518,11696819.453,0.000000000,-0.004207337,0.049928710,1.715687275,-1.536492467,-1.715606570,-1.536570787,-1.715619087
137,2740.000,1786876909021.490,11696839.425,0.000000000,-0.004191192,0.049763627,1.715787649,-1.536590934,-1.715707421,-1.536674142,-1.715719581
138,2760.007,1786876909041.496,11696859.431,0.000000000,-0.004174212,0.049602535,1.715886831,-1.536684036,-1.715807319,-1.536772490,-1.715818882
139,2780.028,1786876909061.518,11696879.452,0.000000000,-0.004155803,0.049444132,1.715983748,-1.536772490,-1.715905190,-1.536863327,-1.715916157
140,2800.008,1786876909081.498,11696899.432,0.000000000,-0.004136901,0.049288187,1.716079354,-1.536856890,-1.716001987,-1.536948800,-1.716012001
141,2820.027,1786876909101.517,11696919.452,0.000000000,-0.004118320,0.049139917,1.716175437,-1.536936402,-1.716099620,-1.537029386,-1.716108561
142,2839.995,1786876909121.484,11696939.419,0.000000000,-0.004100503,0.048997909,1.716272593,-1.537013292,-1.716198087,-1.537107348,-1.716205955
143,2860.049,1786876909141.538,11696959.473,0.000000000,-0.004083923,0.048854277,1.716370225,-1.537093520,-1.716296911,-1.537189484,-1.716303945
144,2880.025,1786876909161.514,11696979.449,0.000000000,-0.004067628,0.048708756,1.716468334,-1.537177801,-1.716395855,-1.537275434,-1.716402173
145,2900.028,1786876909181.518,11696999.452,0.000000000,-0.004051142,0.048559085,1.716566086,-1.537266612,-1.716494203,-1.537364721,-1.716499925
146,2920.009,1786876909201.498,11697019.433,0.000000000,-0.004034215,0.048405353,1.716662645,-1.537357688,-1.716591358,-1.537455916,-1.716596484
147,2940.026,1786876909221.515,11697039.450,0.000000000,-0.004020863,0.048290119,1.716734290,-1.537425160,-1.716663480,-1.537522554,-1.716668129
148,2960.026,1786876909241.515,11697059.450,0.000000000,-0.004002262,0.048136007,1.716828346,-1.537514329,-1.716758013,-1.537608385,-1.716762424
149,2980.025,1786876909261.514,11697079.449,0.000000000,-0.003983825,0.047980789,1.716921210,-1.537603140,-1.716851354,-1.537693381,-1.716855645
150,3000.027,1786876909281.516,11697099.451,0.000000000,-0.003965880,0.047827713,1.717013478,-1.537689209,-1.716944337,-1.537776351,-1.716948390
151,3020.045,1786876909301.535,11697119.470,0.000000000,-0.003948746,0.047678467,1.717105985,-1.537772417,-1.717037439,-1.537857294,-1.717041135
152,3040.024,1786876909321.514,11697139.449,0.000000000,-0.003932955,0.047530517,1.717198253,-1.537854195,-1.717130303,-1.537938476,-1.717133999
153,3060.073,1786876909341.562,11697159.497,0.000000000,-0.003918288,0.047382489,1.717290282,-1.537935734,-1.717222810,-1.538020849,-1.717226505
154,3080.003,1786876909361.492,11697179.427,0.000000000,-0.003904716,0.047233779,1.717382789,-1.538019061,-1.717315793,-1.538106799,-1.717319369
155,3100.027,1786876909381.516,11697199.451,0.000000000,-0.003891726,0.047084220,1.717475057,-1.538102865,-1.717408299,-1.538194299,-1.717412114
156,3120.010,1786876909401.500,11697219.434,0.000000000,-0.003878693,0.046931628,1.717565775,-1.538187146,-1.717499137,-1.538282275,-1.717503309
157,3140.025,1786876909421.515,11697239.450,0.000000000,-0.003864540,0.046779308,1.717655301,-1.538270235,-1.717588782,-1.538367271,-1.717593312
158,3160.038,1786876909441.528,11697259.463,0.000000000,-0.003850095,0.046627603,1.717743993,-1.538351893,-1.717677712,-1.538449883,-1.717682481
159,3180.024,1786876909461.514,11697279.449,0.000000000,-0.003836928,0.046480741,1.717833281,-1.538429379,-1.717767835,-1.538530350,-1.717772245
160,3200.065,1786876909481.554,11697299.489,0.000000000,-0.003824252,0.046340331,1.717923045,-1.538501859,-1.717858434,-1.538607597,-1.717862487
161,3220.033,1786876909501.522,11697319.457,0.000000000,-0.003814314,0.046239369,1.717990637,-1.538553357,-1.717926741,-1.538661480,-1.717930555
162,3240.002,1786876909521.492,11697339.427,0.000000000,-0.003801558,0.046112541,1.718081594,-1.538617015,-1.718019009,-1.538728476,-1.718022466
163,3260.023,1786876909541.512,11697359.447,0.000000000,-0.003788727,0.045989230,1.718172908,-1.538679004,-1.718111277,-1.538792729,-1.718114614
164,3280.025,1786876909561.515,11697379.450,0.000000000,-0.003775954,0.045867015,1.718264341,-1.538741112,-1.718203425,-1.538856864,-1.718207121
165,3300.031,1786876909581.520,11697399.455,0.000000000,-0.003762761,0.045743182,1.718355656,-1.538805723,-1.718295693,-1.538923025,-1.718299508
166,3320.031,1786876909601.520,11697419.455,0.000000000,-0.003749699,0.045618676,1.718447328,-1.538871765,-1.718388438,-1.538990736,-1.718391895
167,3340.029,1786876909621.519,11697439.454,0.000000000,-0.003738307,0.045497101,1.718539953,-1.538936138,-1.718482137,-1.539059520,-1.718485236
168,3360.054,1786876909641.543,11697459.478,0.000000000,-0.003728064,0.045383964,1.718633294,-1.538992047,-1.718576789,-1.539124012,-1.718579292
169,3380.032,1786876909661.522,11697479.457,0.000000000,-0.003717853,0.045280416,1.718726397,-1.539038658,-1.718671441,-1.539178729,-1.718673468
170,3400.041,1786876909681.530,11697499.465,0.000000000,-0.003709873,0.045174256,1.718817830,-1.539082170,-1.718765140,-1.539232969,-1.718765616
171,3420.003,1786876909701.493,11697519.428,0.000000000,-0.003702672,0.045071822,1.718907833,-1.539117813,-1.718856931,-1.539279342,-1.718856931
172,3439.996,1786876909721.485,11697539.420,0.000000000,-0.003694218,0.044980496,1.718996763,-1.539143085,-1.718947411,-1.539310813,-1.718948126
173,3460.002,1786876909741.491,11697559.426,0.000000000,-0.003684638,0.044897087,1.719085336,-1.539162040,-1.719037414,-1.539332390,-1.719039440
174,3480.002,1786876909761.492,11697579.427,0.000000000,-0.003676121,0.044833377,1.719150901,-1.539176822,-1.719104528,-1.539346933,-1.719106793
175,3499.997,1786876909781.486,11697599.421,0.000000000,-0.003662943,0.044737820,1.719238520,-1.539209723,-1.719194412,-1.539373279,-1.719196558
176,3519.995,1786876909801.485,11697619.420,0.000000000,-0.003649771,0.044638675,1.719328642,-1.539253354,-1.719286084,-1.539408326,-1.719288707
177,3539.995,1786876909821.484,11697639.420,0.000000000,-0.003636421,0.044543218,1.719420433,-1.539297700,-1.719379306,-1.539447546,-1.719382405
178,3559.994,1786876909841.484,11697659.419,0.000000000,-0.003621066,0.044441309,1.719512224,-1.539349556,-1.719472647,-1.539495468,-1.719475627
179,3580.060,1786876909861.549,11697679.484,0.000000000,-0.003602349,0.044307709,1.719606042,-1.539438367,-1.719567537,-1.539574742,-1.719569564
180,3600.027,1786876909881.517,11697699.452,0.000000000,-0.003583519,0.044166312,1.719704032,-1.539541960,-1.719666719,-1.539670467,-1.719666719
181,3620.025,1786876909901.514,11697719.449,0.000000000,-0.003568443,0.044061124,1.719805837,-1.539615273,-1.719770074,-1.539745808,-1.719769001
182,3640.025,1786876909921.515,11697739.450,0.000000000,-0.003556279,0.043998007,1.719909310,-1.539649725,-1.719875336,-1.539789796,-1.719874501
183,3660.025,1786876909941.515,11697759.450,0.000000000,-0.003542927,0.043961983,1.720010281,-1.539655924,-1.719978690,-1.539803863,-1.719977975
184,3680.028,1786876909961.517,11697779.452,0.000000000,-0.003528047,0.043928962,1.720107079,-1.539654851,-1.720077872,-1.539805293,-1.720077753
185,3700.028,1786876909981.518,11697799.453,0.000000000,-0.006320813,0.029142160,1.753962874,-1.578798890,-1.720467567,-1.556462884,-1.720143199
186,3719.994,1786876910001.484,11697819.419,0.000000000,-0.005564248,-0.211545020,1.781920552,-1.612558722,-1.720837235,-1.583135962,-1.720093489
187,3739.993,1786876910021.482,11697839.417,0.000000000,-0.004692515,-0.439241946,1.773513913,-1.601339102,-1.720904350,-1.580933690,-1.720129013
188,3759.996,1786876910041.486,11697859.421,0.000000000,0.000009312,-0.001651373,0.005827263,-0.006323459,-0.006070868,-0.006806890,-0.006144348
189,3780.002,1786876910061.491,11697879.426,0.000000000,0.000025936,-0.002048982,0.020097451,-0.023811499,-0.021082986,-0.024249753,-0.021148926
190,3799.991,1786876910081.481,11697899.416,0.000000000,0.000046028,-0.002011572,0.040233798,-0.050098736,-0.042134903,-0.049547598,-0.042049997
191,3819.991,1786876910101.481,11697919.416,0.000000000,0.000067847,-0.001952337,0.064564496,-0.083495602,-0.067701943,-0.081366643,-0.067378506
192,3839.990,1786876910121.480,11697939.415,0.000000000,0.000082714,-0.001834623,0.092054382,-0.121129423,-0.096415155,-0.117327295,-0.095841728
193,3859.993,1786876910141.483,11697959.418,0.000000000,0.000084707,-0.001370265,0.122079954,-0.160533443,-0.127199829,-0.155771241,-0.126488239
194,3879.992,1786876910161.481,11697979.416,0.000000000,0.000078777,0.000507202,0.154192865,-0.199953914,-0.159261748,-0.195184037,-0.158554241
195,3899.997,1786876910181.486,11697999.421,0.000000000,0.000072258,0.003992445,0.187927306,-0.238005817,-0.192004725,-0.233851254,-0.191385090
196,3919.999,1786876910201.489,11698019.424,0.000000000,0.000066073,0.007237403,0.222632304,-0.274949133,-0.225224257,-0.272152513,-0.224790722
197,3939.998,1786876910221.488,11698039.423,0.000000000,0.000060808,0.008783737,0.257838398,-0.310653687,-0.258738488,-0.309434712,-0.258517832
198,3960.000,1786876910241.489,11698059.424,0.000000000,0.000055609,0.009100403,0.293375134,-0.344446778,-0.292320102,-0.344204545,-0.292225391
199,3979.997,1786876910261.487,11698079.422,0.000000000,0.000049376,0.009201920,0.329101950,-0.376225650,-0.325877517,-0.376460671,-0.325835496
200,3999.997,1786876910281.486,11698099.421,0.000000000,0.000044439,0.009245064,0.355948895,-0.398909211,-0.351026654,-0.399449736,-0.351012617
201,4019.997,1786876910301.487,11698119.422,0.000000000,0.000038804,0.009265917,0.391719073,-0.428271413,-0.384602487,-0.429222941,-0.384617120
202,4040.000,1786876910321.490,11698139.425,0.000000000,0.000034880,0.009252679,0.427357227,-0.457745731,-0.418358594,-0.459046543,-0.418385088
203,4060.000,1786876910341.490,11698159.425,0.000000000,0.000032430,0.009224947,0.462830305,-0.488228589,-0.452372581,-0.489594519,-0.452370524
204,4080.000,1786876910361.490,11698179.425,0.000000000,0.000030377,0.009186156,0.498114735,-0.520313621,-0.486682057,-0.521396697,-0.486610085
205,4099.999,1786876910381.489,11698199.424,0.000000000,0.000027444,0.009130771,0.533209682,-0.553955376,-0.521252513,-0.554496706,-0.521090031
206,4119.998,1786876910401.488,11698219.423,0.000000000,0.000025262,0.009051043,0.568075895,-0.589412749,-0.556109309,-0.588829100,-0.555786550
207,4139.997,1786876910421.487,11698239.422,0.000000000,0.000026704,0.008946219,0.602626085,-0.627269804,-0.591296852,-0.625173569,-0.590741396
208,4159.996,1786876910441.485,11698259.420,0.000000000,0.000029504,0.008839376,0.636830091,-0.667566657,-0.626769423,-0.664129317,-0.625977874
209,4179.998,1786876910461.487,11698279.422,0.000000000,0.000035613,0.009475094,0.670934677,-0.900886416,-0.813169003,-0.781828940,-0.720509529
210,4200.001,1786876910481.490,11698299.425,0.000000000,0.000046102,0.011148974,0.705634892,-1.387438178,-1.069054484,-1.039365530,-0.921317577
211,4219.993,1786876910501.483,11698319.418,0.000000000,-0.029009214,-0.130661264,0.702324808,-1.745808959,-1.270412922,-1.249589443,-1.081850290
212,4239.998,1786876910521.487,11698339.422,0.000000000,-0.067983031,-0.213328943,0.743744910,-1.711653948,-1.427388906,-1.408033371,-1.207466722
213,4259.999,1786876910541.489,11698359.424,0.000000000,-0.090504058,-0.305926859,0.775388300,-1.663323283,-1.522690177,-1.503492713,-1.285122871
214,4279.992,1786876910561.481,11698379.416,0.000000000,-0.099821880,-0.518610418,0.809502721,-1.613462925,-1.626343012,-1.591979384,-1.372142673
215,4299.997,1786876910581.487,11698399.422,0.000000000,-0.033469643,-0.789779842,0.827350259,-1.578309774,-1.705585241,-1.593865633,-1.445090055
216,4319.997,1786876910601.486,11698419.421,0.000000000,0.252114028,-0.810434341,0.733980298,-1.552365541,-1.756874323,-1.584285140,-1.507492185
217,4339.995,1786876910621.484,11698439.419,0.000000000,0.547148705,-0.783739090,0.547829688,-1.536587596,-1.758229852,-1.578030348,-1.561753392
218,4359.995,1786876910641.484,11698459.419,0.000000000,0.765654564,-0.762658358,0.290363491,-1.529876828,-1.752961755,-1.574654222,-1.608049273
219,4380.001,1786876910661.490,11698479.425,0.000000000,0.911010504,-0.745874226,0.033972774,-1.529045224,-1.749475241,-1.572840810,-1.646283031
220,4399.999,1786876910681.488,11698499.423,0.000000000,1.000805497,-0.724628687,-0.072583951,-1.529087543,-1.747567296,-1.571885109,-1.675841808
221,4419.998,1786876910701.488,11698519.422,0.000000000,1.049139142,-0.699324787,-0.048813704,-1.529224753,-1.746580958,-1.571464419,-1.697893739
222,4439.997,1786876910721.487,11698539.422,0.000000000,1.055212855,-0.671444416,-0.019264277,-1.529365659,-1.746073008,-1.571269631,-1.713218093
223,4459.997,1786876910741.487,11698559.422,0.000000000,1.047125220,-0.642596900,0.011611556,-1.529480100,-1.745828152,-1.571152091,-1.722863793
224,4479.997,1786876910761.487,11698579.422,0.000000000,1.031528950,-0.610392630,0.043859240,-1.529504180,-1.745696783,-1.571017027,-1.727791309
225,4499.996,1786876910781.485,11698599.420,0.000000000,1.010556221,-0.573022008,0.077533148,-1.520153880,-1.746243000,-1.570808053,-1.729009151
226,4520.001,1786876910801.490,11698619.425,0.000000000,0.992762923,-0.543048739,0.103392906,-1.496711373,-1.746483564,-1.570405602,-1.729150772
227,4539.999,1786876910821.489,11698639.424,0.000000000,0.967536747,-0.502345860,0.138284788,-1.441231489,-1.746484876,-1.569883227,-1.729232550
228,4559.998,1786876910841.488,11698659.423,0.000000000,0.939107656,-0.462500542,0.173300281,-1.393901229,-1.746138573,-1.570417047,-1.729302764
229,4579.998,1786876910861.488,11698679.423,0.000000000,0.908738792,-0.424199671,0.208269402,-1.372170210,-1.745878339,-1.570532322,-1.729378223
230,4599.996,1786876910881.486,11698699.421,0.000000000,0.876477242,-0.387057602,0.243206784,-1.368749738,-1.745729327,-1.570826411,-1.729448080
231,4619.996,1786876910901.486,11698719.421,0.000000000,0.842947066,-0.349908948,0.278247654,-1.374028206,-1.745633483,-1.570849657,-1.729515195
232,4639.997,1786876910921.486,11698739.421,0.000000000,0.809048712,-0.312796772,0.313367337,-1.384200573,-1.745567322,-1.570829391,-1.729585767
233,4659.996,1786876910941.486,11698759.421,0.000000000,0.774604201,-0.274762869,0.348678499,-1.397548676,-1.745517731,-1.570800185,-1.729652166
234,4680.001,1786876910961.490,11698779.425,0.000000000,0.739533424,-0.234663412,0.384339422,-1.412415981,-1.745479345,-1.570745349,-1.729714394
235,4699.998,1786876910981.488,11698799.423,0.000000000,0.703973651,-0.193674132,0.420200944,-1.427850604,-1.745447397,-1.570694089,-1.729768515
236,4719.999,1786876911001.488,11698819.423,0.000000000,0.668151438,-0.154561952,0.456078380,-1.442984700,-1.745420337,-1.570651054,-1.729815483
237,4740.022,1786876911021.512,11698839.447,0.000000000,0.632315695,-0.119704008,0.491804421,-1.457077980,-1.745397806,-1.570612192,-1.729860544
238,4759.991,1786876911041.481,11698859.416,0.000000000,0.596792400,-0.090812013,0.527220547,-1.469185829,-1.745378017,-1.570528388,-1.729902029
239,4779.991,1786876911061.480,11698879.415,0.000000000,0.570251584,-0.074233517,0.553478360,-1.477482080,-1.745368481,-1.570561051,-1.729935765
240,4799.990,1786876911081.480,11698899.415,0.000000000,0.535027385,-0.059679419,0.587920785,-1.487287998,-1.745353103,-1.555319905,-1.730415583
241,4819.991,1786876911101.480,11698919.415,0.000000000,0.499813199,-0.051153447,0.622136772,-1.496249318,-1.745347142,-1.547855973,-1.730494618
242,4839.991,1786876911121.481,11698939.416,0.000000000,0.464583278,-0.047644425,0.656158268,-1.504361391,-1.745343328,-1.546699882,-1.730542064
243,4859.991,1786876911141.480,11698959.415,0.000000000,0.429371834,-0.047035232,0.690125346,-1.510843396,-1.745340466,-1.546702147,-1.730585575
244,4879.990,1786876911161.479,11698979.414,0.000000000,0.394178331,-0.046881244,0.724155426,-1.515441656,-1.745341063,-1.546785712,-1.730632901
245,4900.001,1786876911181.490,11698999.425,0.000000000,0.359000385,-0.046691202,0.758390486,-1.518379688,-1.745346308,-1.546842575,-1.730692029
246,4919.991,1786876911201.481,11699019.416,0.000000000,0.323886842,-0.045930028,0.793048680,-1.519306779,-1.745353818,-1.546848297,-1.730760574
247,4939.991,1786876911221.480,11699039.415,0.000000000,0.288845032,-0.044248030,0.828157127,-1.519491553,-1.745361924,-1.546841025,-1.730835199
248,4959.991,1786876911241.480,11699059.415,0.000000000,0.253867418,-0.042056397,0.863653064,-1.519614935,-1.745370388,-1.546845555,-1.730916142
249,4979.991,1786876911261.481,11699079.416,0.000000000,0.219010010,-0.040084150,0.899439394,-1.519746184,-1.745378256,-1.546876431,-1.731000304
250,4999.990,1786876911281.479,11699099.414,0.000000000,0.185359448,-0.038802393,0.935413301,-1.519885540,-1.745384574,-1.546925306,-1.731083870
251,5019.990,1786876911301.479,11699119.415,0.000000000,0.000004340,-0.000005931,0.001451199,-0.001965284,-0.001539644,-0.001526596,-0.001474340
252,5039.991,1786876911321.480,11699139.415,0.000000000,0.000020018,-0.000040934,0.008912688,-0.012929141,-0.009632348,-0.010593453,-0.009283656
253,5059.990,1786876911341.480,11699159.415,0.000000000,0.000027962,-0.000062896,0.024790797,-0.036683835,-0.026933800,-0.032991644,-0.026376093
254,5079.990,1786876911361.479,11699179.415,0.000000000,0.000029252,0.000056772,0.046115834,-0.066747636,-0.049576886,-0.063244924,-0.049038932
255,5099.991,1786876911381.480,11699199.415,0.000000000,0.000031505,0.000221239,0.071616009,-0.099669456,-0.075814210,-0.096764073,-0.075359240
256,5119.991,1786876911401.480,11699219.415,0.000000000,0.000031016,0.000388354,0.100064501,-0.133912355,-0.104537331,-0.131323323,-0.104124524
257,5139.991,1786876911421.480,11699239.415,0.000000000,0.000024823,0.000607991,0.130738795,-0.168040514,-0.134887829,-0.165971696,-0.134547129
258,5159.990,1786876911441.480,11699259.415,0.000000000,0.000013520,0.001122019,0.163141727,-0.200591728,-0.166165262,-0.199011922,-0.165892050
259,5179.990,1786876911461.479,11699279.415,0.000000000,-0.000003516,0.001896731,0.196895808,-0.230565414,-0.197873384,-0.228982002,-0.197593257
260,5199.990,1786876911481.480,11699299.415,0.000000000,-0.000023673,0.002191751,0.231474951,-0.258982837,-0.229962438,-0.257842749,-0.229733229
261,5219.992,1786876911501.481,11699319.416,0.000000000,-0.000040121,0.002289334,0.266436875,-0.286723912,-0.262428224,-0.287036389,-0.262385219
262,5239.990,1786876911521.480,11699339.415,0.000000000,-0.000052605,0.002258485,0.301388949,-0.314851314,-0.295341104,-0.316682786,-0.295481622
263,5259.990,1786876911541.480,11699359.415,0.000000000,-0.000058778,0.002270481,0.336345255,-0.344166875,-0.328700483,-0.347034872,-0.328942627
264,5279.991,1786876911561.480,11699379.415,0.000000000,-0.000059250,0.002301924,0.371379852,-0.374781370,-0.362422436,-0.378194243,-0.362676889
265,5299.991,1786876911581.480,11699399.415,0.000000000,-0.000056467,0.002382473,0.397799939,-0.398291498,-0.387830198,-0.401849508,-0.388042837
266,5319.993,1786876911601.482,11699419.417,0.000000000,-0.000054501,0.002541987,0.433321983,-0.429461867,-0.421630532,-0.433217525,-0.421796799
267,5340.002,1786876911621.491,11699439.426,0.000000000,-0.000056439,0.002671928,0.469032198,-0.460277617,-0.455327660,-0.464281380,-0.455491871
268,5359.993,1786876911641.482,11699459.417,0.000000000,-0.000062665,0.002705361,0.504642010,-0.491228461,-0.489083618,-0.495575786,-0.489303559
269,5379.991,1786876911661.481,11699479.416,0.000000000,-0.000068214,0.002699631,0.540075719,-0.522559822,-0.522968948,-0.527097404,-0.523250580
270,5399.990,1786876911681.479,11699499.415,0.000000000,-0.000071910,0.002609875,0.575197995,-0.554469466,-0.557100654,-0.559345126,-0.557455719
271,5419.994,1786876911701.484,11699519.419,0.000000000,-0.000073159,0.002534847,0.610096753,-0.587030768,-0.591451049,-0.592238486,-0.591856301
272,5439.992,1786876911721.481,11699539.416,0.000000000,-0.000073155,0.002507507,0.644934118,-0.619862616,-0.625877023,-0.625395894,-0.626314044
273,5459.993,1786876911741.482,11699559.417,0.000000000,-0.000073366,0.002526609,0.679814696,-0.652629733,-0.660268009,-0.658638060,-0.660753608
274,5479.992,1786876911761.482,11699579.417,0.000000000,-0.000074472,0.002575723,0.714812517,-0.684933722,-0.694558322,-0.691614926,-0.695133328
275,5499.991,1786876911781.480,11699599.415,0.000000000,-0.000075488,0.002630092,0.749912143,-0.716829002,-0.728771746,-0.724385500,-0.729473889
276,5519.991,1786876911801.480,11699619.415,0.000000000,-0.000075197,0.002661530,0.785013616,-0.748916924,-0.763005972,-0.757518589,-0.763848066
277,5539.992,1786876911821.481,11699639.416,0.000000000,-0.000075057,0.002667236,0.811284244,-0.773471653,-0.788749695,-0.782901287,-0.789695024
278,5559.992,1786876911841.481,11699659.416,0.000000000,-0.000075628,0.002663019,0.846227586,-0.806937337,-0.823175192,-0.817406714,-0.824251175
279,5579.992,1786876911861.481,11699679.416,0.000000000,-0.000076412,0.002656192,0.881078184,-0.841159761,-0.857691586,-0.852529705,-0.858888447
280,5600.004,1786876911881.493,11699699.428,0.000000000,-0.000076497,0.002655040,0.915839255,-0.875985444,-0.892245233,-0.888129294,-0.893549740
281,5620.007,1786876911901.497,11699719.431,0.000000000,-0.000075357,0.002662409,0.950520873,-0.911224604,-0.926790714,-0.924011052,-0.928183436
282,5639.998,1786876911921.488,11699739.422,0.000000000,-0.000073462,0.002674029,0.985149503,-0.946634531,-0.961306095,-0.959936202,-0.962765932
283,5660.001,1786876911941.491,11699759.426,0.000000000,-0.000071412,0.002679978,1.019722223,-0.982223392,-0.995801330,-0.995884597,-0.997307777
284,5680.012,1786876911961.502,11699779.436,0.000000000,-0.000069960,0.002669228,1.054237723,-1.018109918,-1.030313611,-1.031942487,-1.031853914
285,5700.036,1786876911981.526,11699799.461,0.000000000,-0.000068145,0.002622048,1.088631868,-1.054770470,-1.064897656,-1.068613529,-1.066460729
286,5720.034,1786876912001.524,11699819.459,0.000000000,-0.000065278,0.002530848,1.122814655,-1.092794538,-1.099591851,-1.106496572,-1.101156235
287,5740.027,1786876912021.516,11699839.451,0.000000000,-0.000062196,0.002425295,1.156796455,-1.132068038,-1.134364486,-1.145496845,-1.135910630
288,5760.015,1786876912041.504,11699859.439,0.000000000,-0.000059205,0.002324018,1.190636873,-1.172093987,-1.169159532,-1.185198665,-1.170670867
289,5780.014,1786876912061.503,11699879.438,0.000000000,-0.000057500,0.002236611,1.224428654,-1.212301373,-1.203945398,-1.225115776,-1.205418825
290,5799.999,1786876912081.488,11699899.423,0.000000000,-0.000057075,0.002182029,1.249793768,-1.242294550,-1.230022311,-1.254939556,-1.231473446
291,5820.080,1786876912101.569,11699919.504,0.000000000,-0.000057700,0.002121286,1.283694148,-1.281842589,-1.264785051,-1.294387817,-1.266218185
292,5839.997,1786876912121.487,11699939.422,0.000000000,-0.000058949,0.002072099,1.317712784,-1.320808053,-1.299547553,-1.333392620,-1.300978899
293,5859.994,1786876912141.484,11699959.419,0.000000000,-0.000059573,0.002033153,1.351835847,-1.359028697,-1.334289432,-1.371409059,-1.335731983
294,5879.993,1786876912161.482,11699979.417,0.000000000,-0.000059605,0.002001461,1.386051059,-1.395164728,-1.369011283,-1.406801343,-1.370467186
295,5899.993,1786876912181.482,11699999.417,0.000000000,-0.000059776,0.001974404,1.420350075,-1.427797079,-1.403722763,-1.438336730,-1.405188560
296,5919.991,1786876912201.481,11700019.416,0.000000000,-0.000060866,0.001947185,1.454718232,-1.456107020,-1.438430905,-1.465394258,-1.439900398
297,5939.994,1786876912221.483,11700039.418,0.000000000,-0.000062134,0.001916905,1.489132404,-1.479801416,-1.473130703,-1.487770796,-1.474602461
298,5959.992,1786876912241.481,11700059.416,0.000000000,-0.000062978,0.001885146,1.523558021,-1.498880744,-1.507820487,-1.505516529,-1.509294152
299,5979.990,1786876912261.479,11700079.415,0.000000000,-0.000063431,0.001848077,1.557143569,-1.513630033,-1.542209148,-1.518969178,-1.543643832
300,5999.995,1786876912281.484,11700099.419,0.000000000,-0.000063345,0.001804374,1.588381529,-1.524497986,-1.574847221,-1.528606296,-1.576175690
301,6019.993,1786876912301.482,11700119.417,0.000000000,-0.000063070,0.001756091,1.616245627,-1.531979084,-1.604472756,-1.534953713,-1.605651617
302,6039.991,1786876912321.481,11700139.416,0.000000000,-0.000062743,0.001704615,1.640160322,-1.536607385,-1.630316615,-1.538572907,-1.631322980
303,6059.991,1786876912341.481,11700159.416,0.000000000,-0.000062595,0.001650149,1.659914613,-1.538921952,-1.652014971,-1.540025949,-1.652842641
304,6079.994,1786876912361.483,11700179.418,0.000000000,-0.000062618,0.001607407,1.672028542,-1.539486885,-1.665528178,-1.540276051,-1.666224599
305,6099.993,1786876912381.482,11700199.417,0.000000000,-0.000062780,0.001547955,1.684769034,-1.539699435,-1.679990172,-1.540431976,-1.680522442
306,6119.993,1786876912401.483,11700219.418,0.000000000,-0.000063038,0.001487536,1.693957210,-1.539840460,-1.690687060,-1.540566325,-1.691074491
307,6139.996,1786876912421.485,11700239.420,0.000000000,-0.000063473,0.001428434,1.700051904,-1.539974451,-1.698052526,-1.540698171,-1.698316336
308,6159.992,1786876912441.481,11700259.416,0.000000000,-0.000064151,0.001370128,1.703552604,-1.540107131,-1.702581406,-1.540829659,-1.702741265
309,6179.995,1786876912461.484,11700279.419,0.000000000,-0.000064963,0.001315502,1.704967856,-1.540236592,-1.704792142,-1.540958762,-1.704867482
310,6199.998,1786876912481.487,11700299.422,0.000000000,-0.000065489,0.001265404,1.705259681,-1.540362716,-1.705350161,-1.541084051,-1.705389857
311,6219.993,1786876912501.482,11700319.417,0.000000000,-0.000065829,0.001218357,1.705405831,-1.540486693,-1.705516458,-1.541207075,-1.705553174
312,6239.994,1786876912521.483,11700339.418,0.000000000,-0.000065850,0.001172203,1.705540419,-1.540610671,-1.705651641,-1.541329503,-1.705687881
313,6259.992,1786876912541.482,11700359.417,0.000000000,-0.000065622,0.001124581,1.705673456,-1.540735960,-1.705783725,-1.541452527,-1.705819607
314,6279.995,1786876912561.484,11700379.419,0.000000000,-0.000065217,0.001074069,1.705805540,-1.540863156,-1.705914736,-1.541576743,-1.705950379
315,6299.994,1786876912581.483,11700399.418,0.000000000,-0.000064754,0.001021001,1.705936790,-1.540991902,-1.706044793,-1.541702271,-1.706080198
316,6319.994,1786876912601.483,11700419.418,0.000000000,-0.000064461,0.000979685,1.706034899,-1.541089535,-1.706141949,-1.541797638,-1.706177115
317,6340.007,1786876912621.497,11700439.432,0.000000000,-0.000064018,0.000922738,1.706165314,-1.541221261,-1.706271172,-1.541926265,-1.706306100
318,6359.992,1786876912641.482,11700459.417,0.000000000,-0.000063209,0.000864589,1.706295133,-1.541353941,-1.706399798,-1.542055130,-1.706434488
319,6379.994,1786876912661.483,11700479.418,0.000000000,-0.000062361,0.000805899,1.706424475,-1.541486621,-1.706527948,-1.542183876,-1.706562281
320,6399.993,1786876912681.482,11700499.417,0.000000000,-0.000061636,0.000748367,1.706553578,-1.541618228,-1.706655741,-1.542311668,-1.706689954
321,6419.992,1786876912701.482,11700519.417,0.000000000,-0.000060922,0.000692776,1.706682205,-1.541747689,-1.706783175,-1.542437792,-1.706817150
322,6439.991,1786876912721.480,11700539.415,0.000000000,-0.000060406,0.000641268,1.706810713,-1.541873097,-1.706910491,-1.542560339,-1.706944227
323,6459.992,1786876912741.482,11700559.417,0.000000000,-0.000060520,0.000593666,1.706939101,-1.541994691,-1.707037807,-1.542680502,-1.707071185
324,6479.992,1786876912761.481,11700579.416,0.000000000,-0.000060867,0.000544631,1.707066894,-1.542116761,-1.707164407,-1.542801499,-1.707197666
325,6499.991,1786876912781.481,11700599.416,0.000000000,-0.000061159,0.000493740,1.707194090,-1.542240143,-1.707290411,-1.542923689,-1.707323551
326,6519.995,1786876912801.484,11700619.419,0.000000000,-0.000061400,0.000440848,1.707321048,-1.542365432,-1.707416177,-1.543047428,-1.707449198
327,6539.993,1786876912821.483,11700639.418,0.000000000,-0.000061546,0.000385571,1.707447529,-1.542492867,-1.707541347,-1.543172956,-1.707574248
328,6559.994,1786876912841.483,11700659.418,0.000000000,-0.000061639,0.000328372,1.707573533,-1.542621851,-1.707666039,-1.543299794,-1.707698822
329,6579.995,1786876912861.484,11700679.419,0.000000000,-0.000061651,0.000270556,1.707699060,-1.542751193,-1.707790136,-1.543426752,-1.707823038
330,6599.993,1786876912881.483,11700699.418,0.000000000,-0.000061608,0.000228422,1.707792997,-1.542846799,-1.707883120,-1.543520689,-1.707915902
331,6619.995,1786876912901.485,11700719.420,0.000000000,-0.000061571,0.000174576,1.707918286,-1.542972207,-1.708007097,-1.543644190,-1.708039641
332,6639.995,1786876912921.484,11700739.419,0.000000000,-0.000061559,0.000122682,1.708043337,-1.543095946,-1.708130956,-1.543766141,-1.708163381
333,6659.997,1786876912941.487,11700759.422,0.000000000,-0.000061453,0.000071447,1.708168030,-1.543219090,-1.708254337,-1.543887258,-1.708286762
334,6679.995,1786876912961.484,11700779.419,0.000000000,-0.000061227,0.000020067,1.708292127,-1.543341994,-1.708377361,-1.544007897,-1.708409667
335,6699.994,1786876912981.483,11700799.418,0.000000000,-0.000061061,-0.000031433,1.708415866,-1.543464780,-1.708499789,-1.544128299,-1.708532095
336,6719.994,1786876913001.483,11700819.418,0.000000000,-0.000061188,-0.000081503,1.708539605,-1.543586254,-1.708622098,-1.544247985,-1.708654404
337,6739.994,1786876913021.483,11700839.419,0.000000000,-0.000061514,-0.000129239,1.708663344,-1.543705463,-1.708744526,-1.544366241,-1.708776832
338,6759.993,1786876913041.482,11700859.417,0.000000000,-0.000061332,-0.000177764,1.708786488,-1.543825626,-1.708866477,-1.544484377,-1.708898783
339,6779.993,1786876913061.482,11700879.417,0.000000000,-0.000060971,-0.000228744,1.708909273,-1.543948054,-1.708987951,-1.544604421,-1.709020257
340,6799.991,1786876913081.480,11700899.415,0.000000000,-0.000060642,-0.000268584,1.709001184,-1.544041157,-1.709078908,-1.544695735,-1.709111094
341,6819.992,1786876913101.481,11700919.416,0.000000000,-0.000060101,-0.000323167,1.709123254,-1.544166446,-1.709199667,-1.544818401,-1.709231734
342,6839.991,1786876913121.480,11700939.415,0.000000000,-0.000059470,-0.000378418,1.709244847,-1.544292331,-1.709320068,-1.544941425,-1.709351897
343,6859.993,1786876913141.482,11700959.417,0.000000000,-0.000058884,-0.000433728,1.709366202,-1.544417977,-1.709439993,-1.545064211,-1.709471822
344,6879.998,1786876913161.488,11700979.423,0.000000000,-0.000058441,-0.000488416,1.709487319,-1.544542909,-1.709559798,-1.545186639,-1.709591389
345,6899.997,1786876913181.487,11700999.422,0.000000000,-0.000058073,-0.000541932,1.709608197,-1.544666767,-1.709679365,-1.545308232,-1.709710956
346,6919.997,1786876913201.486,11701019.421,0.000000000,-0.000057731,-0.000594327,1.709728718,-1.544789314,-1.709798694,-1.545428634,-1.709830046
347,6939.996,1786876913221.485,11701039.420,0.000000000,-0.000057421,-0.000645864,1.709849000,-1.544910908,-1.709917665,-1.545548201,-1.709948897
348,6959.994,1786876913241.483,11701059.418,0.000000000,-0.000057174,-0.000696540,1.709968925,-1.545031428,-1.710036278,-1.545666695,-1.710067391
349,6979.995,1786876913261.484,11701079.419,0.000000000,-0.000057046,-0.000734122,1.710058689,-1.545121431,-1.710125208,-1.545755267,-1.710156202
350,6999.995,1786876913281.484,11701099.419,0.000000000,-0.000056900,-0.000784371,1.710178137,-1.545241475,-1.710243225,-1.545873284,-1.710274220
351,7019.996,1786876913301.485,11701119.420,0.000000000,-0.000056733,-0.000833566,1.710297227,-1.545360327,-1.710361123,-1.545990348,-1.710391998
352,7039.994,1786876913321.483,11701139.418,0.000000000,-0.000056551,-0.000879649,1.710416317,-1.545476675,-1.710479021,-1.546104908,-1.710509777
353,7059.995,1786876913341.484,11701159.419,0.000000000,-0.000056385,-0.000923282,1.710535526,-1.545591116,-1.710597038,-1.546217799,-1.710627675
354,7079.992,1786876913361.482,11701179.417,0.000000000,-0.000056369,-0.000965822,1.710654378,-1.545704365,-1.710714817,-1.546329856,-1.710745215
355,7099.992,1786876913381.481,11701199.416,0.000000000,-0.000056376,-0.001009945,1.710772753,-1.545818686,-1.710831881,-1.546442747,-1.710862279
356,7119.992,1786876913401.481,11701219.416,0.000000000,-0.000056364,-0.001056875,1.710890293,-1.545934558,-1.710948229,-1.546557188,-1.710978389
357,7139.993,1786876913421.483,11701239.418,0.000000000,-0.000056433,-0.001105049,1.711007237,-1.546051025,-1.711063981,-1.546672344,-1.711094141
358,7159.992,1786876913441.481,11701259.416,0.000000000,-0.000056444,-0.001140751,1.711094975,-1.546138048,-1.711150885,-1.546758533,-1.711180806
359,7179.991,1786876913461.481,11701279.416,0.000000000,-0.000056596,-0.001187913,1.711211801,-1.546253443,-1.711266398,-1.546872973,-1.711296201
360,7199.993,1786876913481.483,11701299.418,0.000000000,-0.000057155,-0.001231976,1.711328506,-1.546365976,-1.711382031,-1.546985626,-1.711411595
361,7219.993,1786876913501.482,11701319.417,0.000000000,-0.000057491,-0.001273829,1.711444974,-1.546476245,-1.711497307,-1.547095895,-1.711526752
362,7239.992,1786876913521.481,11701339.416,0.000000000,-0.000057232,-0.001315900,1.711560607,-1.546586752,-1.711611748,-1.547205091,-1.711641192
363,7259.994,1786876913541.483,11701359.418,0.000000000,-0.000056349,-0.001359306,1.711675286,-1.546697736,-1.711725235,-1.547313571,-1.711754680
364,7279.995,1786876913561.485,11701379.420,0.000000000,-0.000055323,-0.001404015,1.711789131,-1.546808243,-1.711838007,-1.547421694,-1.711867094
365,7299.991,1786876913581.481,11701399.416,0.000000000,-0.000054332,-0.001448231,1.711902618,-1.546918392,-1.711950541,-1.547529459,-1.711979389
366,7319.993,1786876913601.483,11701419.418,0.000000000,-0.000053296,-0.001492941,1.712015986,-1.547029018,-1.712062716,-1.547637701,-1.712091327
367,7339.995,1786876913621.485,11701439.420,0.000000000,-0.000052575,-0.001526305,1.712100744,-1.547111869,-1.712146640,-1.547718883,-1.712175131
368,7359.994,1786876913641.483,11701459.418,0.000000000,-0.000051898,-0.001569731,1.712213516,-1.547220707,-1.712258220,-1.547826290,-1.712286592
369,7379.992,1786876913661.482,11701479.417,0.000000000,-0.000051276,-0.001614621,1.712325692,-1.547330141,-1.712369323,-1.547934413,-1.712397456
370,7399.992,1786876913681.482,11701499.417,0.000000000,-0.000050118,-0.001663395,1.712437272,-1.547443509,-1.712479711,-1.548045039,-1.712507606
371,7419.995,1786876913701.484,11701519.419,0.000000000,-0.000048688,-0.001716225,1.712548256,-1.547560692,-1.712589383,-1.548158407,-1.712617278
372,7439.993,1786876913721.482,11701539.417,0.000000000,-0.000047278,-0.001769909,1.712658644,-1.547677994,-1.712698340,-1.548272014,-1.712726235
373,7459.994,1786876913741.484,11701559.419,0.000000000,-0.000046100,-0.001817141,1.712769032,-1.547788978,-1.712807536,-1.548380136,-1.712835431
374,7479.992,1786876913761.482,11701579.417,0.000000000,-0.000045231,-0.001858121,1.712879539,-1.547893524,-1.712916970,-1.548483133,-1.712944627
375,7499.991,1786876913781.480,11701599.415,0.000000000,-0.000044534,-0.001896311,1.712989926,-1.547995448,-1.713026404,-1.548584461,-1.713053942
376,7519.993,1786876913801.483,11701619.418,0.000000000,-0.000043991,-0.001922214,1.713072896,-1.548070073,-1.713108778,-1.548658371,-1.713136077
377,7539.991,1786876913821.481,11701639.416,0.000000000,-0.000043457,-0.001951583,1.713184118,-1.548165560,-1.713218927,-1.548753738,-1.713246226
378,7559.993,1786876913841.483,11701659.418,0.000000000,-0.000042586,-0.001978132,1.713295102,-1.548258901,-1.713329077,-1.548846483,-1.713356137
379,7579.994,1786876913861.484,11701679.419,0.000000000,-0.000041558,-0.002001587,1.713405609,-1.548348665,-1.713438749,-1.548935533,-1.713465691
380,7599.990,1786876913881.479,11701699.414,0.000000000,-0.000040557,-0.002024242,1.713515043,-1.548436046,-1.713547587,-1.549022555,-1.713574409
381,7619.994,1786876913901.483,11701719.418,0.000000000,-0.000039803,-0.002048446,1.713623762,-1.548523307,-1.713655472,-1.549110055,-1.713682175
382,7639.991,1786876913921.481,11701739.415,0.000000000,-0.000038621,-0.002080975,1.713731050,-1.548616648,-1.713761926,-1.549203038,-1.713788509
383,7659.994,1786876913941.483,11701759.418,0.000000000,-0.000036016,-0.002122174,1.713836908,-1.548717976,-1.713866711,-1.549300551,-1.713893294
384,7679.992,1786876913961.482,11701779.417,0.000000000,-0.000032812,-0.002161937,1.713942409,-1.548818350,-1.713971138,-1.549395442,-1.713997602
385,7699.991,1786876913981.481,11701799.415,0.000000000,-0.000030718,-0.002189314,1.714021325,-1.548891187,-1.714049459,-1.549464822,-1.714075685
386,7719.993,1786876914001.483,11701819.418,0.000000000,-0.000028512,-0.002227892,1.714126110,-1.548988461,-1.714153409,-1.549559474,-1.714179397
387,7739.991,1786876914021.480,11701839.415,0.000000000,-0.000026866,-0.002268249,1.714230537,-1.549086332,-1.714256763,-1.549656153,-1.714282632
388,7759.992,1786876914041.482,11701859.417,0.000000000,-0.000025358,-0.002307894,1.714334846,-1.549183369,-1.714360237,-1.549752831,-1.714385986
389,7779.992,1786876914061.481,11701879.416,0.000000000,-0.000023609,-0.002342799,1.714439154,-1.549276471,-1.714463592,-1.549844742,-1.714489222
390,7799.991,1786876914081.480,11701899.415,0.000000000,-0.000022201,-0.002366440,1.714543700,-1.549359322,-1.714567661,-1.549927831,-1.714593053
391,7819.994,1786876914101.483,11701919.418,0.000000000,-0.000020195,-0.002387160,1.714648366,-1.549440503,-1.714671493,-1.550007939,-1.714696884
392,7839.992,1786876914121.481,11701939.416,0.000000000,-0.000017648,-0.002405037,1.714752674,-1.549519777,-1.714775205,-1.550084949,-1.714800596
393,7859.993,1786876914141.483,11701959.418,0.000000000,-0.000015472,-0.002423607,1.714856505,-1.549598455,-1.714878440,-1.550162315,-1.714903712
394,7879.992,1786876914161.481,11701979.416,0.000000000,-0.000014061,-0.002438925,1.714934111,-1.549658418,-1.714955568,-1.550221682,-1.714980721
395,7899.991,1786876914181.481,11701999.416,0.000000000,-0.000012188,-0.002461848,1.715036988,-1.549739957,-1.715057731,-1.550302625,-1.715083003
396,7919.993,1786876914201.482,11702019.417,0.000000000,-0.000009825,-0.002486164,1.715138793,-1.549821615,-1.715158820,-1.550382733,-1.715184093
397,7939.992,1786876914221.481,11702039.416,0.000000000,-0.000006966,-0.002510481,1.715239525,-1.549902320,-1.715258837,-1.550460458,-1.715284228
398,7959.992,1786876914241.481,11702059.416,0.000000000,-0.000004169,-0.002536785,1.715339661,-1.549983859,-1.715358257,-1.550539255,-1.715383649
399,7979.994,1786876914261.483,11702079.418,0.000000000,-0.000001372,-0.002561241,1.715439558,-1.550063252,-1.715457559,-1.550616384,-1.715482831
400,7999.991,1786876914281.481,11702099.416,0.000000000,0.000001592,-0.002579012,1.715539813,-1.550137162,-1.715557456,-1.550688624,-1.715582490
401,8019.994,1786876914301.483,11702119.418,0.000000000,0.000004399,-0.002594329,1.715640306,-1.550209641,-1.715657353,-1.550759554,-1.715682387
402,8039.992,1786876914321.481,11702139.416,0.000000000,0.000007062,-0.002612147,1.715740442,-1.550284624,-1.715757012,-1.550832987,-1.715781927
403,8059.992,1786876914341.481,11702159.416,0.000000000,0.000008950,-0.002627911,1.715815067,-1.550342083,-1.715831161,-1.550889492,-1.715856075
404,8079.995,1786876914361.485,11702179.420,0.000000000,0.000010979,-0.002648459,1.715914011,-1.550416946,-1.715929508,-1.550963998,-1.715954423
405,8099.991,1786876914381.480,11702199.415,0.000000000,0.000012820,-0.002665957,1.716012836,-1.550488353,-1.716027737,-1.551035881,-1.716052771
406,8119.994,1786876914401.483,11702219.418,0.000000000,0.000015381,-0.002680947,1.716111302,-1.550558090,-1.716125846,-1.551104665,-1.716150761
407,8139.995,1786876914421.484,11702239.419,0.000000000,0.000018405,-0.002695274,1.716209531,-1.550627947,-1.716223598,-1.551172018,-1.716248512
408,8159.994,1786876914441.484,11702259.419,0.000000000,0.000021319,-0.002709552,1.716307282,-1.550697446,-1.716320992,-1.551239252,-1.716345906
409,8179.992,1786876914461.481,11702279.416,0.000000000,0.000024061,-0.002720850,1.716404915,-1.550763607,-1.716418147,-1.551303864,-1.716443062
410,8199.991,1786876914481.481,11702299.416,0.000000000,0.000026889,-0.002733003,1.716502070,-1.550829649,-1.716514945,-1.551369190,-1.716539741
411,8219.994,1786876914501.483,11702319.418,0.000000000,0.000030358,-0.002747332,1.716598988,-1.550898314,-1.716611624,-1.551435947,-1.716636300
412,8239.991,1786876914521.480,11702339.415,0.000000000,0.000033410,-0.002759073,1.716671824,-1.550951481,-1.716684103,-1.551486850,-1.716708660
413,8259.992,1786876914541.482,11702359.417,0.000000000,0.000037902,-0.002773810,1.716768861,-1.551022291,-1.716780901,-1.551553726,-1.716805100
414,8279.992,1786876914561.482,11702379.417,0.000000000,0.000042299,-0.002786243,1.716866136,-1.551091552,-1.716877937,-1.551619053,-1.716901660
415,8299.992,1786876914581.481,11702399.416,0.000000000,0.000046230,-0.002797922,1.716963291,-1.551160455,-1.716974735,-1.551684380,-1.716998339
416,8319.994,1786876914601.483,11702419.418,0.000000000,0.000049388,-0.002809202,1.717059970,-1.551228166,-1.717070937,-1.551749825,-1.717094660
417,8339.991,1786876914621.481,11702439.415,0.000000000,0.000051869,-0.002821471,1.717155933,-1.551295042,-1.717166424,-1.551815629,-1.717190266
418,8359.993,1786876914641.482,11702459.417,0.000000000,0.000053951,-0.002831601,1.717251420,-1.551358342,-1.717261434,-1.551879168,-1.717285514
419,8379.991,1786876914661.481,11702479.415,0.000000000,0.000055861,-0.002839928,1.717346787,-1.551419616,-1.717356443,-1.551941395,-1.717380643
420,8399.991,1786876914681.481,11702499.416,0.000000000,0.000058167,-0.002846997,1.717442632,-1.551481605,-1.717451930,-1.552003145,-1.717476249
421,8419.996,1786876914701.485,11702519.420,0.000000000,0.000060184,-0.002851886,1.717514873,-1.551528692,-1.717523932,-1.552049756,-1.717548251
422,8439.993,1786876914721.483,11702539.418,0.000000000,0.000063131,-0.002857580,1.717611551,-1.551592231,-1.717620373,-1.552111864,-1.717644572
423,8459.995,1786876914741.484,11702559.420,0.000000000,0.000066249,-0.002863702,1.717708230,-1.551656842,-1.717716694,-1.552174449,-1.717740774
424,8479.994,1786876914761.484,11702579.419,0.000000000,0.000069407,-0.002871540,1.717804313,-1.551722288,-1.717812300,-1.552237749,-1.717836499
425,8499.993,1786876914781.482,11702599.417,0.000000000,0.000072676,-0.002880073,1.717899680,-1.551787615,-1.717907429,-1.552300811,-1.717931509
426,8519.992,1786876914801.481,11702619.416,0.000000000,0.000076107,-0.002886622,1.717994690,-1.551850557,-1.718002081,-1.552361608,-1.718026161
427,8539.991,1786876914821.481,11702639.416,0.000000000,0.000079539,-0.002891081,1.718089461,-1.551911235,-1.718096614,-1.552420259,-1.718120694
428,8559.993,1786876914841.483,11702659.418,0.000000000,0.000083465,-0.002893688,1.718184114,-1.551970363,-1.718191028,-1.552477360,-1.718214989
429,8579.991,1786876914861.481,11702679.416,0.000000000,0.000087779,-0.002896029,1.718278408,-1.552029252,-1.718285203,-1.552533507,-1.718308926
430,8599.991,1786876914881.480,11702699.415,0.000000000,0.000091077,-0.002897805,1.718348742,-1.552073121,-1.718355536,-1.552575231,-1.718379140
431,8619.994,1786876914901.484,11702719.419,0.000000000,0.000095314,-0.002900439,1.718442440,-1.552131653,-1.718449116,-1.552631140,-1.718472481
432,8639.991,1786876914921.481,11702739.416,0.000000000,0.000099502,-0.002903968,1.718536377,-1.552191973,-1.718542814,-1.552688956,-1.718566060
433,8659.992,1786876914941.482,11702759.417,0.000000000,0.000103711,-0.002908596,1.718630314,-1.552254081,-1.718636513,-1.552748084,-1.718659639
434,8679.992,1786876914961.481,11702779.416,0.000000000,0.000107912,-0.002913751,1.718724251,-1.552317262,-1.718730211,-1.552807927,-1.718753338
435,8699.991,1786876914981.481,11702799.416,0.000000000,0.000111778,-0.002918417,1.718817949,-1.552379966,-1.718823552,-1.552867293,-1.718846679
436,8719.993,1786876915001.483,11702819.418,0.000000000,0.000114902,-0.002921902,1.718911290,-1.552440405,-1.718916535,-1.552925706,-1.718939781
437,8739.995,1786876915021.484,11702839.419,0.000000000,0.000117379,-0.002923030,1.719004512,-1.552498221,-1.719009399,-1.552982569,-1.719032764
438,8759.992,1786876915041.482,11702859.417,0.000000000,0.000119464,-0.002921818,1.719097733,-1.552553415,-1.719102263,-1.553038239,-1.719125867
439,8779.991,1786876915061.481,11702879.416,0.000000000,0.000121005,-0.002920244,1.719167590,-1.552594066,-1.719171882,-1.553079605,-1.719195604
440,8799.992,1786876915081.481,11702899.416,0.000000000,0.000123238,-0.002919004,1.719260335,-1.552648902,-1.719264388,-1.553134918,-1.719288349
441,8819.993,1786876915101.483,11702919.418,0.000000000,0.000125708,-0.002919221,1.719352722,-1.552704811,-1.719356537,-1.553191185,-1.719380498
442,8839.991,1786876915121.480,11702939.415,0.000000000,0.000128427,-0.002920910,1.719444871,-1.552762151,-1.719448447,-1.553248167,-1.719472408
443,8859.993,1786876915141.482,11702959.417,0.000000000,0.000131388,-0.002923748,1.719536662,-1.552820563,-1.719540000,-1.553305864,-1.719563961
444,8879.992,1786876915161.482,11702979.417,0.000000000,0.000134576,-0.002927300,1.719628334,-1.552879930,-1.719631314,-1.553363919,-1.719655275
445,8899.991,1786876915181.480,11702999.415,0.000000000,0.000138012,-0.002931183,1.719719648,-1.552939773,-1.719722509,-1.553422093,-1.719746232
446,8919.992,1786876915201.482,11703019.417,0.000000000,0.000141702,-0.002935275,1.719810724,-1.552999735,-1.719813347,-1.553479910,-1.719836950
447,8939.991,1786876915221.480,11703039.415,0.000000000,0.000145520,-0.002939578,1.719901323,-1.553059697,-1.719903827,-1.553537488,-1.719927192
448,8959.991,1786876915241.480,11703059.415,0.000000000,0.000148341,-0.002942575,1.719969153,-1.553104401,-1.719971418,-1.553580284,-1.719994664
449,8979.992,1786876915261.482,11703079.417,0.000000000,0.000152013,-0.002946069,1.720059276,-1.553163171,-1.720061302,-1.553636789,-1.720084429
450,8999.990,1786876915281.479,11703099.415,0.000000000,0.000155533,-0.002948685,1.720149159,-1.553220987,-1.720150948,-1.553692579,-1.720174074
451,9019.993,1786876915301.482,11703119.417,0.000000000,0.000158861,-0.002950137,1.720238805,-1.553277493,-1.720240355,-1.553747416,-1.720263481
452,9039.991,1786876915321.480,11703139.415,0.000000000,0.000161995,-0.002950528,1.720328331,-1.553332925,-1.720329642,-1.553801537,-1.720352650
453,9059.993,1786876915341.482,11703159.417,0.000000000,0.000164998,-0.002950189,1.720417619,-1.553387642,-1.720418811,-1.553855181,-1.720441818
454,9079.992,1786876915361.481,11703179.416,0.000000000,0.000167940,-0.002949660,1.720506787,-1.553442001,-1.720507741,-1.553908825,-1.720530748
455,9099.992,1786876915381.482,11703199.417,0.000000000,0.000170890,-0.002949368,1.720595837,-1.553496718,-1.720596552,-1.553962469,-1.720619559
456,9119.994,1786876915401.483,11703219.418,0.000000000,0.000173933,-0.002949677,1.720684528,-1.553551674,-1.720685005,-1.554016352,-1.720708013
457,9139.992,1786876915421.481,11703239.416,0.000000000,0.000176274,-0.002950329,1.720750809,-1.553593278,-1.720751166,-1.554057002,-1.720774174
458,9159.993,1786876915441.482,11703259.417,0.000000000,0.000179462,-0.002951683,1.720839024,-1.553648949,-1.720839143,-1.554111242,-1.720862031
459,9179.993,1786876915461.482,11703279.417,0.000000000,0.000182699,-0.002953419,1.720926881,-1.553704858,-1.720926762,-1.554165483,-1.720949531
460,9199.994,1786876915481.484,11703299.419,0.000000000,0.000185947,-0.002955394,1.721014380,-1.553760648,-1.721014023,-1.554219842,-1.721036792
461,9219.993,1786876915501.482,11703319.417,0.000000000,0.000189180,-0.002957508,1.721101522,-1.553816438,-1.721101046,-1.554274082,-1.721123695
462,9239.993,1786876915521.482,11703339.417,0.000000000,0.000192395,-0.002959709,1.721188545,-1.553872228,-1.721187830,-1.554328322,-1.721210480
463,9259.993,1786876915541.482,11703359.417,0.000000000,0.000195592,-0.002961889,1.721275330,-1.553927898,-1.721274257,-1.554382443,-1.721296906
464,9279.994,1786876915561.483,11703379.418,0.000000000,0.000198769,-0.002963949,1.721361876,-1.553983331,-1.721360564,-1.554436445,-1.721383095
465,9299.994,1786876915581.483,11703399.418,0.000000000,0.000201916,-0.002965900,1.721448064,-1.554038525,-1.721446633,-1.554490089,-1.721469045
466,9319.994,1786876915601.483,11703419.418,0.000000000,0.000204258,-0.002967226,1.721512556,-1.554079652,-1.721510887,-1.554530144,-1.721533298
467,9339.992,1786876915621.481,11703439.416,0.000000000,0.000207354,-0.002968857,1.721598387,-1.554134250,-1.721596479,-1.554583430,-1.721618891
468,9359.993,1786876915641.482,11703459.417,0.000000000,0.000210420,-0.002970370,1.721683979,-1.554188609,-1.721681833,-1.554636478,-1.721704125
469,9379.992,1786876915661.482,11703479.417,0.000000000,0.000213460,-0.002971828,1.721769214,-1.554242730,-1.721766949,-1.554689288,-1.721789122
470,9399.991,1786876915681.481,11703499.416,0.000000000,0.000216477,-0.002973265,1.721854210,-1.554296613,-1.721851707,-1.554741979,-1.721873879
471,9419.993,1786876915701.482,11703519.417,0.000000000,0.000219478,-0.002974710,1.721939087,-1.554350376,-1.721936345,-1.554794431,-1.721958399
472,9439.991,1786876915721.481,11703539.416,0.000000000,0.000222466,-0.002976183,1.722023606,-1.554404140,-1.722020626,-1.554846883,-1.722042680
473,9459.992,1786876915741.481,11703559.416,0.000000000,0.000225457,-0.002977716,1.722107887,-1.554457664,-1.722104669,-1.554899216,-1.722126603
474,9479.994,1786876915761.483,11703579.418,0.000000000,0.000228448,-0.002979385,1.722191930,-1.554511309,-1.722188473,-1.554951429,-1.722210407
475,9499.991,1786876915781.480,11703599.415,0.000000000,0.000230696,-0.002980746,1.722254753,-1.554551482,-1.722251177,-1.554990649,-1.722272992
476,9519.994,1786876915801.483,11703619.418,0.000000000,0.000233700,-0.002982714,1.722338319,-1.554605007,-1.722334504,-1.555042982,-1.722356319
477,9539.991,1786876915821.480,11703639.415,0.000000000,0.000236711,-0.002984829,1.722421646,-1.554658651,-1.722417593,-1.555095196,-1.722439289
478,9559.993,1786876915841.482,11703659.417,0.000000000,0.000239723,-0.002987045,1.722504735,-1.554712296,-1.722500443,-1.555147409,-1.722522020
479,9579.992,1786876915861.481,11703679.416,0.000000000,0.000242729,-0.002989342,1.722587466,-1.554765821,-1.722583055,-1.555199504,-1.722604632
480,9599.991,1786876915881.481,11703699.416,0.000000000,0.000245721,-0.002991672,1.722670078,-1.554819345,-1.722665310,-1.555251598,-1.722686887
481,9619.994,1786876915901.484,11703719.419,0.000000000,0.000248704,-0.002993999,1.722752452,-1.554872632,-1.722747445,-1.555303574,-1.722768903
482,9639.992,1786876915921.481,11703739.416,0.000000000,0.000251666,-0.002996346,1.722834468,-1.554925799,-1.722829342,-1.555355310,-1.722850680
483,9659.993,1786876915941.482,11703759.417,0.000000000,0.000254603,-0.002998695,1.722916365,-1.554978967,-1.722910881,-1.555407047,-1.722932220
484,9679.992,1786876915961.482,11703779.417,0.000000000,0.000256791,-0.003000445,1.722977519,-1.555018544,-1.722971916,-1.555445790,-1.722993255
485,9699.993,1786876915981.483,11703799.418,0.000000000,0.000259690,-0.003002779,1.723058939,-1.555071354,-1.723053098,-1.555497169,-1.723074317
486,9719.994,1786876916001.483,11703819.418,0.000000000,0.000262570,-0.003005118,1.723140121,-1.555123925,-1.723134041,-1.555548549,-1.723155141
487,9739.993,1786876916021.482,11703839.417,0.000000000,0.000265436,-0.003007450,1.723221064,-1.555176377,-1.723214626,-1.555599689,-1.723235726
488,9759.992,1786876916041.481,11703859.416,0.000000000,0.000268238,-0.003009615,1.723301768,-1.555228472,-1.723295093,-1.555650711,-1.723316193
489,9779.993,1786876916061.482,11703879.417,0.000000000,0.000270973,-0.003011568,1.723382235,-1.555280328,-1.723375320,-1.555701613,-1.723396301
490,9799.993,1786876916081.482,11703899.417,0.000000000,0.000273816,-0.003013910,1.723462462,-1.555332422,-1.723455310,-1.555752516,-1.723476291
491,9819.993,1786876916101.482,11703919.417,0.000000000,0.000276719,-0.003016676,1.723542333,-1.555384874,-1.723535061,-1.555803537,-1.723555923
492,9839.993,1786876916121.483,11703939.418,0.000000000,0.000279720,-0.003020106,1.723622084,-1.555437803,-1.723614454,-1.555854797,-1.723635197
493,9859.992,1786876916141.482,11703959.417,0.000000000,0.000281981,-0.003022750,1.723681569,-1.555477381,-1.723673820,-1.555893183,-1.723694563
494,9879.993,1786876916161.482,11703979.417,0.000000000,0.000284843,-0.003025532,1.723760843,-1.555529356,-1.723752856,-1.555943727,-1.723773479
495,9899.992,1786876916181.481,11703999.416,0.000000000,0.000287510,-0.003027483,1.723839998,-1.555580378,-1.723831654,-1.555993676,-1.723852277
496,9919.993,1786876916201.483,11704019.418,0.000000000,0.000290178,-0.003029415,1.723918796,-1.555631161,-1.723910213,-1.556043506,-1.723930836
497,9939.992,1786876916221.482,11704039.417,0.000000000,0.000292948,-0.003031929,1.723997355,-1.555682421,-1.723988533,-1.556093574,-1.724009037
498,9959.991,1786876916241.481,11704059.416,0.000000000,0.000295827,-0.003035104,1.724075556,-1.555734038,-1.724066496,-1.556143641,-1.724086881
499,9979.992,1786876916261.481,11704079.416,0.000000000,0.000298580,-0.003037768,1.724153519,-1.555784941,-1.724144340,-1.556193471,-1.724164605
500,9999.991,1786876916281.480,11704099.415,0.000000000,0.000301236,-0.003040059,1.724231362,-1.555835485,-1.724221945,-1.556242943,-1.724242210
501,10019.992,1786876916301.482,11704119.417,0.000000000,0.000303935,-0.003042548,1.724308968,-1.555886149,-1.724299192,-1.556292415,-1.724319458
502,10039.991,1786876916321.481,11704139.415,0.000000000,0.000306044,-0.003044864,1.724367023,-1.555924416,-1.724357009,-1.556329727,-1.724377155
503,10059.992,1786876916341.481,11704159.416,0.000000000,0.000308943,-0.003048353,1.724444032,-1.555975795,-1.724433899,-1.556379437,-1.724453926
504,10079.994,1786876916361.484,11704179.419,0.000000000,0.000311743,-0.003051438,1.724520922,-1.556026578,-1.724510550,-1.556428909,-1.724530578
505,10099.994,1786876916381.484,11704199.419,0.000000000,0.000314374,-0.003053913,1.724597692,-1.556076646,-1.724586964,-1.556477904,-1.724606991
506,10119.996,1786876916401.485,11704219.420,0.000000000,0.000316998,-0.003056406,1.724674225,-1.556126595,-1.724663258,-1.556526899,-1.724683166
507,10139.992,1786876916421.482,11704239.417,0.000000000,0.000319710,-0.003059313,1.724750400,-1.556176782,-1.724739194,-1.556575894,-1.724759102
508,10159.993,1786876916441.482,11704259.417,0.000000000,0.000322522,-0.003062712,1.724826336,-1.556227326,-1.724814892,-1.556624889,-1.724834681
509,10179.992,1786876916461.482,11704279.417,0.000000000,0.000325192,-0.003065562,1.724902034,-1.556277275,-1.724890351,-1.556673527,-1.724910140
510,10199.991,1786876916481.480,11704299.415,0.000000000,0.000327751,-0.003067963,1.724977612,-1.556326509,-1.724965692,-1.556721926,-1.724985361
511,10219.992,1786876916501.482,11704319.417,0.000000000,0.000329727,-0.003070092,1.725034118,-1.556363702,-1.725021958,-1.556758285,-1.725041628
512,10239.991,1786876916521.481,11704339.416,0.000000000,0.000332452,-0.003073398,1.725109220,-1.556413651,-1.725096822,-1.556806803,-1.725116372
513,10259.992,1786876916541.481,11704359.416,0.000000000,0.000335108,-0.003076391,1.725184083,-1.556463122,-1.725171447,-1.556855083,-1.725190878
514,10279.992,1786876916561.481,11704379.416,0.000000000,0.000337643,-0.003078868,1.725258827,-1.556511998,-1.725245833,-1.556903005,-1.725265265
515,10299.991,1786876916581.481,11704399.416,0.000000000,0.000340202,-0.003081506,1.725333214,-1.556560874,-1.725320101,-1.556950927,-1.725339532
516,10319.994,1786876916601.483,11704419.418,0.000000000,0.000342837,-0.003084747,1.725407481,-1.556610227,-1.725394011,-1.556998968,-1.725413322
517,10339.991,1786876916621.480,11704439.415,0.000000000,0.000345570,-0.003088675,1.725481272,-1.556660056,-1.725467682,-1.557047248,-1.725486875
518,10359.992,1786876916641.481,11704459.416,0.000000000,0.000348275,-0.003092188,1.725554943,-1.556709290,-1.725541115,-1.557095170,-1.725560308
519,10379.992,1786876916661.482,11704479.417,0.000000000,0.000350808,-0.003094921,1.725628495,-1.556757808,-1.725614309,-1.557142496,-1.725633502
520,10399.995,1786876916681.484,11704499.419,0.000000000,0.000352638,-0.003096707,1.725683689,-1.556793809,-1.725669265,-1.557178020,-1.725688338
521,10419.993,1786876916701.482,11704519.417,0.000000000,0.000355111,-0.003099338,1.725756884,-1.556841969,-1.725742221,-1.557225227,-1.725761294
522,10439.991,1786876916721.481,11704539.416,0.000000000,0.000357670,-0.003102667,1.725829720,-1.556890607,-1.725814819,-1.557272673,-1.725833774
523,10459.992,1786876916741.481,11704559.416,0.000000000,0.000360346,-0.003106678,1.725902319,-1.556939602,-1.725887179,-1.557320237,-1.725906014
524,10479.992,1786876916761.481,11704579.416,0.000000000,0.000362969,-0.003110068,1.725974679,-1.556988120,-1.725959301,-1.557367325,-1.725978136
525,10499.991,1786876916781.481,11704599.416,0.000000000,0.000365433,-0.003112736,1.726047039,-1.557035804,-1.726031303,-1.557414055,-1.726050138
526,10519.991,1786876916801.481,11704619.416,0.000000000,0.000367894,-0.003115553,1.726119041,-1.557083368,-1.726103187,-1.557460666,-1.726121902
527,10539.992,1786876916821.481,11704639.416,0.000000000,0.000370440,-0.003119159,1.726190805,-1.557131529,-1.726174593,-1.557507634,-1.726193309
528,10559.993,1786876916841.482,11704659.417,0.000000000,0.000373060,-0.003123138,1.726262331,-1.557179928,-1.726245880,-1.557554603,-1.726264477
529,10579.993,1786876916861.482,11704679.417,0.000000000,0.000375007,-0.003125821,1.726315856,-1.557215929,-1.726299167,-1.557589531,-1.726317763
530,10599.993,1786876916881.482,11704699.417,0.000000000,0.000377477,-0.003128804,1.726387024,-1.557263255,-1.726370096,-1.557635784,-1.726388574
531,10619.994,1786876916901.483,11704719.418,0.000000000,0.000379812,-0.003131290,1.726458073,-1.557309985,-1.726440907,-1.557681680,-1.726459384
532,10639.992,1786876916921.481,11704739.416,0.000000000,0.000382202,-0.003134103,1.726528883,-1.557356834,-1.726511478,-1.557727695,-1.726529837
533,10659.992,1786876916941.481,11704759.416,0.000000000,0.000384666,-0.003137604,1.726599455,-1.557404160,-1.726581693,-1.557773948,-1.726600051
534,10679.992,1786876916961.482,11704779.417,0.000000000,0.000387145,-0.003141059,1.726669788,-1.557451367,-1.726651788,-1.557819963,-1.726670027
535,10699.991,1786876916981.480,11704799.415,0.000000000,0.000389517,-0.003144011,1.726739883,-1.557498097,-1.726721644,-1.557865620,-1.726740003
536,10720.002,1786876917001.491,11704819.426,0.000000000,0.000391881,-0.003147097,1.726809859,-1.557544589,-1.726791382,-1.557911277,-1.726809502
537,10739.994,1786876917021.483,11704839.418,0.000000000,0.000393671,-0.003149489,1.726862073,-1.557579398,-1.726843357,-1.557945251,-1.726861477
538,10759.994,1786876917041.484,11704859.419,0.000000000,0.000396086,-0.003152625,1.726931453,-1.557625651,-1.726912498,-1.557990432,-1.726930618
539,10779.993,1786876917061.483,11704879.418,0.000000000,0.000398523,-0.003155645,1.727000713,-1.557671666,-1.726981521,-1.558035374,-1.726999521
540,10799.993,1786876917081.482,11704899.417,0.000000000,0.000400970,-0.003158566,1.727069736,-1.557717443,-1.727050304,-1.558080077,-1.727068305
541,10819.991,1786876917101.481,11704919.416,0.000000000,0.000403419,-0.003161445,1.727138519,-1.557763219,-1.727118850,-1.558124542,-1.727136850
542,10839.993,1786876917121.482,11704939.417,0.000000000,0.000405865,-0.003164347,1.727207184,-1.557808757,-1.727187276,-1.558169007,-1.727205157
543,10859.992,1786876917141.481,11704959.416,0.000000000,0.000408298,-0.003167293,1.727275610,-1.557854295,-1.727255344,-1.558213472,-1.727273226
544,10879.992,1786876917161.482,11704979.417,0.000000000,0.000410730,-0.003170258,1.727343798,-1.557899833,-1.727323413,-1.558257818,-1.727341175
545,10899.992,1786876917181.481,11704999.416,0.000000000,0.000413155,-0.003173261,1.727411866,-1.557945251,-1.727391124,-1.558302045,-1.727408886
546,10919.993,1786876917201.482,11705019.417,0.000000000,0.000414968,-0.003175545,1.727462649,-1.557979226,-1.727441788,-1.558335066,-1.727459550
547,10939.993,1786876917221.482,11705039.417,0.000000000,0.000417374,-0.003178613,1.727530360,-1.558024406,-1.727509141,-1.558379054,-1.727526784
548,10959.993,1786876917241.482,11705059.417,0.000000000,0.000419767,-0.003181676,1.727597713,-1.558069468,-1.727576256,-1.558422923,-1.727593899
549,10979.994,1786876917261.483,11705079.418,0.000000000,0.000422148,-0.003184695,1.727664828,-1.558114290,-1.727643251,-1.558466673,-1.727660775
550,10999.993,1786876917281.482,11705099.417,0.000000000,0.000424538,-0.003187636,1.727731824,-1.558158994,-1.727710009,-1.558510303,-1.727727413
551,11019.993,1786876917301.482,11705119.417,0.000000000,0.000426973,-0.003190768,1.727798700,-1.558203816,-1.727776647,-1.558553934,-1.727793932
552,11039.999,1786876917321.488,11705139.423,0.000000000,0.000429400,-0.003194354,1.727865338,-1.558248878,-1.727842927,-1.558597803,-1.727860212
553,11059.994,1786876917341.483,11705159.418,0.000000000,0.000431707,-0.003198010,1.727931499,-1.558293700,-1.727908850,-1.558641434,-1.727926135
554,11079.994,1786876917361.483,11705179.418,0.000000000,0.000433923,-0.003201275,1.727997661,-1.558337927,-1.727974772,-1.558684826,-1.727991939
555,11099.993,1786876917381.483,11705199.418,0.000000000,0.000435632,-0.003203577,1.728047252,-1.558371186,-1.728024125,-1.558717251,-1.728041291
556,11119.992,1786876917401.482,11705219.417,0.000000000,0.000437956,-0.003206745,1.728113055,-1.558415532,-1.728089690,-1.558760524,-1.728106856
557,11139.991,1786876917421.481,11705239.416,0.000000000,0.000440290,-0.003210165,1.728178740,-1.558459878,-1.728155136,-1.558803797,-1.728172183
558,11159.991,1786876917441.481,11705259.416,0.000000000,0.000442594,-0.003213671,1.728244185,-1.558504224,-1.728220344,-1.558846951,-1.728237271
559,11179.992,1786876917461.481,11705279.416,0.000000000,0.000444859,-0.003217125,1.728309393,-1.558548331,-1.728285313,-1.558889985,-1.728302240
560,11199.992,1786876917481.482,11705299.417,0.000000000,0.000447083,-0.003220461,1.728374481,-1.558592200,-1.728350043,-1.558932781,-1.728366971
561,11219.992,1786876917501.481,11705319.416,0.000000000,0.000449278,-0.003223660,1.728439331,-1.558635831,-1.728414655,-1.558975458,-1.728431582
562,11239.992,1786876917521.482,11705339.417,0.000000000,0.000451487,-0.003226863,1.728504062,-1.558679461,-1.728479028,-1.559018016,-1.728495836
563,11259.994,1786876917541.483,11705359.418,0.000000000,0.000453717,-0.003230160,1.728568435,-1.558722854,-1.728543282,-1.559060574,-1.728559971
564,11279.992,1786876917561.482,11705379.417,0.000000000,0.000455392,-0.003232687,1.728616714,-1.558755398,-1.728591204,-1.559092283,-1.728608012
565,11299.991,1786876917581.480,11705399.415,0.000000000,0.000457623,-0.003236102,1.728680730,-1.558798790,-1.728655100,-1.559134603,-1.728671670
566,11319.992,1786876917601.481,11705419.416,0.000000000,0.000459847,-0.003239547,1.728744626,-1.558841944,-1.728718638,-1.559176803,-1.728735209
567,11339.992,1786876917621.481,11705439.416,0.000000000,0.000462064,-0.003243034,1.728808165,-1.558884978,-1.728782058,-1.559218884,-1.728798628
568,11359.992,1786876917641.481,11705459.416,0.000000000,0.000464272,-0.003246541,1.728871703,-1.558928013,-1.728845239,-1.559260845,-1.728861690
569,11379.992,1786876917661.481,11705479.416,0.000000000,0.000466472,-0.003250047,1.728934884,-1.558970928,-1.728908181,-1.559302807,-1.728924632
570,11399.993,1786876917681.482,11705499.417,0.000000000,0.000468658,-0.003253538,1.728997946,-1.559013605,-1.728971004,-1.559344530,-1.728987336
571,11419.991,1786876917701.481,11705519.416,0.000000000,0.000470817,-0.003257006,1.729060888,-1.559056282,-1.729033589,-1.559386134,-1.729049921
572,11439.992,1786876917721.482,11705539.417,0.000000000,0.000472969,-0.003260425,1.729123592,-1.559098721,-1.729096055,-1.559427619,-1.729112387
573,11459.991,1786876917741.481,11705559.416,0.000000000,0.000474579,-0.003262957,1.729170442,-1.559130549,-1.729142666,-1.559458733,-1.729158998
574,11479.993,1786876917761.483,11705579.418,0.000000000,0.000476724,-0.003266289,1.729232788,-1.559172750,-1.729204774,-1.559499979,-1.729221106
575,11499.991,1786876917781.481,11705599.416,0.000000000,0.000478867,-0.003269583,1.729295015,-1.559214830,-1.729266763,-1.559540987,-1.729282975
576,11519.995,1786876917801.485,11705619.420,0.000000000,0.000481009,-0.003272865,1.729357004,-1.559256792,-1.729328513,-1.559581995,-1.729344606
577,11539.994,1786876917821.483,11705639.418,0.000000000,0.000483131,-0.003276139,1.729418755,-1.559298635,-1.729390025,-1.559622765,-1.729406118
578,11559.992,1786876917841.482,11705659.417,0.000000000,0.000485221,-0.003279368,1.729480386,-1.559340239,-1.729451418,-1.559663534,-1.729467392
579,11579.992,1786876917861.481,11705679.416,0.000000000,0.000487342,-0.003282678,1.729541779,-1.559381723,-1.729512453,-1.559704065,-1.729528546
580,11599.992,1786876917881.482,11705699.417,0.000000000,0.000489457,-0.003286067,1.729602933,-1.559423208,-1.729573369,-1.559744596,-1.729589343
581,11619.992,1786876917901.481,11705719.416,0.000000000,0.000491534,-0.003289366,1.729663968,-1.559464455,-1.729634166,-1.559785008,-1.729650021
582,11639.991,1786876917921.480,11705739.415,0.000000000,0.000493082,-0.003291828,1.729709506,-1.559495330,-1.729679585,-1.559815168,-1.729695439
583,11659.991,1786876917941.481,11705759.416,0.000000000,0.000495166,-0.003295153,1.729770184,-1.559536338,-1.729740024,-1.559855342,-1.729755759
584,11679.993,1786876917961.482,11705779.417,0.000000000,0.000497289,-0.003298520,1.729830623,-1.559577346,-1.729800105,-1.559895277,-1.729815960
585,11699.993,1786876917981.482,11705799.417,0.000000000,0.000499391,-0.003301764,1.729890823,-1.559618115,-1.729860187,-1.559935093,-1.729875922
586,11719.992,1786876918001.481,11705819.416,0.000000000,0.000501466,-0.003304879,1.729951024,-1.559658766,-1.729920030,-1.559974670,-1.729935646
587,11740.005,1786876918021.494,11705839.429,0.000000000,0.000503529,-0.003307979,1.730010867,-1.559699178,-1.729979753,-1.560014129,-1.729995370
588,11759.994,1786876918041.484,11705859.419,0.000000000,0.000505586,-0.003311083,1.730070710,-1.559739590,-1.730039239,-1.560053587,-1.730054736
589,11779.992,1786876918061.482,11705879.417,0.000000000,0.000507631,-0.003314162,1.730130196,-1.559779763,-1.730098486,-1.560092807,-1.730113983
590,11799.994,1786876918081.483,11705899.418,0.000000000,0.000509682,-0.003317223,1.730189562,-1.559819818,-1.730157495,-1.560131788,-1.730173111
591,11819.995,1786876918101.484,11705919.419,0.000000000,0.000511225,-0.003319532,1.730233908,-1.559849739,-1.730201721,-1.560161114,-1.730217218
592,11839.998,1786876918121.487,11705939.422,0.000000000,0.000513289,-0.003322641,1.730292916,-1.559889555,-1.730260491,-1.560199857,-1.730275869
593,11859.996,1786876918141.486,11705959.420,0.000000000,0.000515353,-0.003325728,1.730351686,-1.559929252,-1.730319023,-1.560238600,-1.730334401
594,11879.999,1786876918161.489,11705979.424,0.000000000,0.000517409,-0.003328786,1.730410337,-1.559968829,-1.730377436,-1.560277343,-1.730392694
595,11899.997,1786876918181.486,11705999.421,0.000000000,0.000519456,-0.003331886,1.730468750,-1.560008287,-1.730435610,-1.560315967,-1.730450869
596,11919.997,1786876918201.487,11706019.422,0.000000000,0.000521494,-0.003335083,1.730527043,-1.560047746,-1.730493665,-1.560354471,-1.730508804
597,11939.995,1786876918221.485,11706039.420,0.000000000,0.000523521,-0.003338368,1.730585098,-1.560087204,-1.730551481,-1.560392976,-1.730566621
598,11959.993,1786876918241.483,11706059.418,0.000000000,0.000525521,-0.003341727,1.730642915,-1.560126543,-1.730609059,-1.560431361,-1.730624199
599,11979.996,1786876918261.486,11706079.420,0.000000000,0.000527511,-0.003345075,1.730700612,-1.560165882,-1.730666518,-1.560469747,-1.730681539
600,11999.992,1786876918281.482,11706099.417,0.000000000,0.000528994,-0.003347542,1.730743885,-1.560195208,-1.730709553,-1.560498357,-1.730724573
601,12019.993,1786876918301.483,11706119.418,0.000000000,0.000530960,-0.003350759,1.730801225,-1.560234308,-1.730766654,-1.560536385,-1.730781674
602,12039.992,1786876918321.482,11706139.417,0.000000000,0.000532912,-0.003353902,1.730858564,-1.560273170,-1.730823636,-1.560574293,-1.730838656
603,12059.992,1786876918341.481,11706159.416,0.000000000,0.000534856,-0.003357014,1.730915666,-1.560311794,-1.730880499,-1.560612082,-1.730895519
604,12079.998,1786876918361.487,11706179.422,0.000000000,0.000536798,-0.003360123,1.730972528,-1.560350418,-1.730937123,-1.560649633,-1.730952024
605,12099.999,1786876918381.488,11706199.423,0.000000000,0.000538743,-0.003363210,1.731029153,-1.560388803,-1.730993629,-1.560687184,-1.731008530
606,12119.993,1786876918401.483,11706219.418,0.000000000,0.000540681,-0.003366288,1.731085777,-1.560427070,-1.731049895,-1.560724616,-1.731064677
607,12139.998,1786876918421.488,11706239.423,0.000000000,0.000542626,-0.003369393,1.731142044,-1.560465217,-1.731106043,-1.560762048,-1.731120706
608,12159.997,1786876918441.486,11706259.421,0.000000000,0.000544576,-0.003372595,1.731198192,-1.560503364,-1.731161952,-1.560799241,-1.731176615
609,12179.996,1786876918461.485,11706279.420,0.000000000,0.000546039,-0.003375080,1.731240153,-1.560531855,-1.731203675,-1.560827136,-1.731218338
610,12199.996,1786876918481.485,11706299.420,0.000000000,0.000547982,-0.003378461,1.731295943,-1.560569882,-1.731259227,-1.560864329,-1.731273770
611,12219.994,1786876918501.483,11706319.418,0.000000000,0.000549902,-0.003381892,1.731351495,-1.560607910,-1.731314540,-1.560901403,-1.731329083
612,12239.995,1786876918521.484,11706339.419,0.000000000,0.000551797,-0.003385314,1.731407046,-1.560645819,-1.731369734,-1.560938358,-1.731384277
613,12259.998,1786876918541.488,11706359.423,0.000000000,0.000553663,-0.003388632,1.731462359,-1.560683608,-1.731424809,-1.560975075,-1.731439233
614,12279.996,1786876918561.485,11706379.420,0.000000000,0.000555495,-0.003391736,1.731517434,-1.560721040,-1.731479764,-1.561011672,-1.731494188
615,12299.994,1786876918581.483,11706399.418,0.000000000,0.000557274,-0.003394646,1.731572509,-1.560758233,-1.731534481,-1.561048031,-1.731548905
616,12319.994,1786876918601.483,11706419.418,0.000000000,0.000559025,-0.003397475,1.731627345,-1.560795069,-1.731589079,-1.561084151,-1.731603503
617,12339.993,1786876918621.482,11706439.417,0.000000000,0.000560778,-0.003400255,1.731681943,-1.560831666,-1.731643438,-1.561120152,-1.731657863
618,12359.991,1786876918641.481,11706459.416,0.000000000,0.000562109,-0.003402266,1.731722832,-1.560859084,-1.731684089,-1.561147094,-1.731698513
619,12379.996,1786876918661.485,11706479.420,0.000000000,0.000563919,-0.003404903,1.731777072,-1.560895443,-1.731738210,-1.561182857,-1.731752515
620,12399.992,1786876918681.482,11706499.417,0.000000000,0.000565778,-0.003407608,1.731831193,-1.560931683,-1.731792092,-1.561218500,-1.731806278
621,12419.994,1786876918701.484,11706519.419,0.000000000,0.000567693,-0.003410557,1.731885076,-1.560968161,-1.731845737,-1.561254025,-1.731859922
622,12439.999,1786876918721.488,11706539.423,0.000000000,0.000569646,-0.003413829,1.731938720,-1.561004639,-1.731899142,-1.561289549,-1.731913209
623,12459.998,1786876918741.488,11706559.423,0.000000000,0.000571594,-0.003417364,1.731992126,-1.561041236,-1.731952310,-1.561325073,-1.731966376
624,12479.996,1786876918761.485,11706579.420,0.000000000,0.000573506,-0.003420962,1.732045412,-1.561077714,-1.732005358,-1.561360478,-1.732019305
625,12499.998,1786876918781.488,11706599.423,0.000000000,0.000575378,-0.003424360,1.732098579,-1.561114073,-1.732058287,-1.561395764,-1.732072234
626,12519.995,1786876918801.485,11706619.420,0.000000000,0.000577192,-0.003427460,1.732151628,-1.561150312,-1.732111096,-1.561430931,-1.732125044
627,12539.997,1786876918821.486,11706639.421,0.000000000,0.000578506,-0.003429520,1.732191443,-1.561177135,-1.732150674,-1.561457038,-1.732164621
628,12559.995,1786876918841.485,11706659.420,0.000000000,0.000580192,-0.003431881,1.732244372,-1.561212540,-1.732203364,-1.561491609,-1.732217312
629,12579.997,1786876918861.487,11706679.422,0.000000000,0.000581819,-0.003433999,1.732297063,-1.561247349,-1.732255816,-1.561525822,-1.732269764
630,12599.995,1786876918881.484,11706699.419,0.000000000,0.000583444,-0.003435944,1.732349515,-1.561281681,-1.732308030,-1.561559677,-1.732321978
631,12619.997,1786876918901.486,11706719.421,0.000000000,0.000585090,-0.003437499,1.732401729,-1.561315656,-1.732360125,-1.561593175,-1.732374072
632,12639.997,1786876918921.487,11706739.422,0.000000000,0.000586716,-0.003438706,1.732453942,-1.561349034,-1.732412100,-1.561626315,-1.732425928
633,12659.996,1786876918941.485,11706759.420,0.000000000,0.000588314,-0.003440541,1.732505679,-1.561382651,-1.732463598,-1.561659694,-1.732477546
634,12679.993,1786876918961.483,11706779.418,0.000000000,0.000590006,-0.003442822,1.732557058,-1.561416149,-1.732514858,-1.561692834,-1.732528687
635,12699.996,1786876918981.485,11706799.420,0.000000000,0.000591349,-0.003444554,1.732595563,-1.561441302,-1.732553124,-1.561717510,-1.732566953
636,12719.992,1786876919001.481,11706819.416,0.000000000,0.000593217,-0.003446629,1.732646704,-1.561474562,-1.732604146,-1.561750054,-1.732617855
637,12739.995,1786876919021.484,11706839.419,0.000000000,0.000595108,-0.003448623,1.732697606,-1.561507821,-1.732654929,-1.561782360,-1.732668638
638,12759.998,1786876919041.488,11706859.423,0.000000000,0.000596993,-0.003450687,1.732748508,-1.561541080,-1.732705593,-1.561814547,-1.732719183
639,12779.995,1786876919061.484,11706879.419,0.000000000,0.000598866,-0.003452841,1.732799172,-1.561574340,-1.732756138,-1.561846852,-1.732769608
640,12799.997,1786876919081.487,11706899.421,0.000000000,0.000600718,-0.003454928,1.732849956,-1.561607838,-1.732806683,-1.561879158,-1.732820153
641,12819.996,1786876919101.485,11706919.420,0.000000000,0.000602493,-0.003456920,1.732900620,-1.561641216,-1.732857227,-1.561911464,-1.732870579
642,12839.997,1786876919121.486,11706939.421,0.000000000,0.000604201,-0.003457522,1.732951283,-1.561673760,-1.732907772,-1.561942816,-1.732921124
643,12859.998,1786876919141.488,11706959.423,0.000000000,0.000605791,-0.003456827,1.733002067,-1.561705470,-1.732958317,-1.561973333,-1.732971787
644,12879.998,1786876919161.487,11706979.422,0.000000000,0.000606912,-0.003456327,1.733039856,-1.561728835,-1.732995987,-1.561996102,-1.733009577
645,12899.996,1786876919181.486,11706999.420,0.000000000,0.000608369,-0.003456031,1.733089924,-1.561759591,-1.733045816,-1.562026381,-1.733059525
646,12920.001,1786876919201.491,11707019.426,0.000000000,0.000609819,-0.003455900,1.733139515,-1.561789513,-1.733095288,-1.562056303,-1.733108997
647,12939.999,1786876919221.489,11707039.424,0.000000000,0.000611374,-0.003455331,1.733188510,-1.561817884,-1.733144164,-1.562085152,-1.733157754
648,12960.000,1786876919241.490,11707059.425,0.000000000,0.000613159,-0.003455920,1.733237028,-1.561846972,-1.733192682,-1.562114358,-1.733206153
649,12979.996,1786876919261.486,11707079.421,0.000000000,0.000615205,-0.003458122,1.733285308,-1.561877489,-1.733240843,-1.562144399,-1.733254075
650,12999.997,1786876919281.487,11707099.422,0.000000000,0.000617416,-0.003461189,1.733333349,-1.561908960,-1.733288765,-1.562174678,-1.733301759
651,13019.995,1786876919301.485,11707119.420,0.000000000,0.000619641,-0.003464298,1.733381271,-1.561940551,-1.733336806,-1.562205076,-1.733349442
652,13039.996,1786876919321.486,11707139.420,0.000000000,0.000621777,-0.003466873,1.733429551,-1.561972260,-1.733384967,-1.562235236,-1.733397365
653,13059.994,1786876919341.483,11707159.418,0.000000000,0.000623262,-0.003467863,1.733466148,-1.561996102,-1.733421445,-1.562257767,-1.733433843
654,13079.997,1786876919361.486,11707179.421,0.000000000,0.000625017,-0.003467072,1.733515739,-1.562027574,-1.733470798,-1.562287450,-1.733483195
655,13099.994,1786876919381.483,11707199.418,0.000000000,0.000626451,-0.003463937,1.733565450,-1.562057376,-1.733520269,-1.562315702,-1.733532906
656,13119.993,1786876919401.482,11707219.417,0.000000000,0.000627450,-0.003461738,1.733614564,-1.562086463,-1.733569145,-1.562344432,-1.733582139
657,13139.994,1786876919421.484,11707239.419,0.000000000,0.000628533,-0.003460094,1.733663440,-1.562115550,-1.733617783,-1.562373400,-1.733631015
658,13159.994,1786876919441.483,11707259.418,0.000000000,0.000629822,-0.003457284,1.733712077,-1.562143803,-1.733666301,-1.562400579,-1.733679533
659,13179.993,1786876919461.482,11707279.417,0.000000000,0.000631217,-0.003449758,1.733760357,-1.562166929,-1.733714700,-1.562423825,-1.733727813
660,13199.995,1786876919481.484,11707299.420,0.000000000,0.000633077,-0.003442909,1.733807325,-1.562188387,-1.733761787,-1.562445879,-1.733774781
661,13219.998,1786876919501.487,11707319.422,0.000000000,0.000634761,-0.003438976,1.733842015,-1.562204599,-1.733796597,-1.562462211,-1.733809352
662,13239.996,1786876919521.485,11707339.420,0.000000000,0.000637187,-0.003435791,1.733887672,-1.562227607,-1.733842611,-1.562485099,-1.733854771
663,13259.995,1786876919541.484,11707359.419,0.000000000,0.000639708,-0.003436466,1.733932972,-1.562253714,-1.733888030,-1.562510490,-1.733899832
664,13279.998,1786876919561.488,11707379.423,0.000000000,0.000642255,-0.003438250,1.733978391,-1.562281489,-1.733933449,-1.562536836,-1.733945012
665,13299.997,1786876919581.487,11707399.422,0.000000000,0.000644693,-0.003439803,1.734024167,-1.562310219,-1.733979106,-1.562563539,-1.733990669
666,13319.998,1786876919601.488,11707419.423,0.000000000,0.000646966,-0.003441261,1.734070301,-1.562339902,-1.734025121,-1.562590957,-1.734036565
667,13339.995,1786876919621.485,11707439.420,0.000000000,0.000648974,-0.003442850,1.734116316,-1.562369704,-1.734070897,-1.562618613,-1.734082460
668,13359.994,1786876919641.484,11707459.419,0.000000000,0.000650673,-0.003443412,1.734162450,-1.562398791,-1.734117031,-1.562645793,-1.734128594
669,13379.995,1786876919661.485,11707479.420,0.000000000,0.000652329,-0.003442676,1.734208822,-1.562426925,-1.734163165,-1.562672019,-1.734174848
670,13399.995,1786876919681.484,11707499.419,0.000000000,0.000653280,-0.003441182,1.734243512,-1.562446952,-1.734197736,-1.562691212,-1.734209657
671,13420.037,1786876919701.526,11707519.461,0.000000000,0.000654101,-0.003436018,1.734290004,-1.562470436,-1.734244108,-1.562715054,-1.734256148
672,13440.034,1786876919721.524,11707539.459,0.000000000,0.000654682,-0.003428889,1.734336376,-1.562491894,-1.734290481,-1.562737942,-1.734302640
673,13460.037,1786876919741.526,11707559.461,0.000000000,0.000655340,-0.003422176,1.734382272,-1.562513113,-1.734336376,-1.562760949,-1.734348655
674,13480.035,1786876919761.525,11707579.460,0.000000000,0.000656425,-0.003416806,1.734427810,-1.562535286,-1.734381914,-1.562784195,-1.734394193
675,13500.038,1786876919781.527,11707599.462,0.000000000,0.000657987,-0.003413090,1.734472752,-1.562558889,-1.734426856,-1.562807679,-1.734439135
676,13520.035,1786876919801.525,11707619.460,0.000000000,0.000659899,-0.003411687,1.734517574,-1.562584519,-1.734471560,-1.562832355,-1.734483719
677,13540.002,1786876919821.491,11707639.426,0.000000000,0.000662073,-0.003410926,1.734562278,-1.562610865,-1.734516263,-1.562857389,-1.734528184
