index,time_ms,time_realtime_ms,time_monotonic_ms,ros_timestamp,right_hand_act_0,right_hand_act_1,right_hand_act_2,right_hand_act_3,right_hand_act_4,right_hand_act_5,right_hand_act_6
0,0.000,1786876906281.490,11694099.424,0.000000000,0.000000000,0.000000000,0.000000000,0.000000000,0.000000000,0.000000000,0.000000000
1,19.992,1786876906301.481,11694119.416,0.000000000,0.000000000,0.000000000,-1.750000000,1.570000000,1.750000000,1.570000000,1.750000000
2,39.991,1786876906321.481,11694139.416,0.000000000,0.000000000,0.000000000,-1.750000000,1.570000000,1.750000000,1.570000000,1.750000000
3,59.991,1786876906341.480,11694159.415,0.000000000,0.000000000,0.000000000,-1.750000000,1.570000000,1.750000000,1.570000000,1.750000000
4,80.002,1786876906361.491,11694179.426,0.000000000,0.000000000,0.000000000,-1.750000000,1.570000000,1.750000000,1.570000000,1.750000000
5,99.990,1786876906381.479,11694199.414,0.000000000,0.000000000,0.000000000,-1.750000000,1.570000000,1.750000000,1.570000000,1.750000000
6,119.990,1786876906401.480,11694219.415,0.000000000,0.000000000,0.000000000,-1.750000000,1.570000000,1.750000000,1.570000000,1.750000000
7,139.991,1786876906421.481,11694239.416,0.000000000,0.000000000,0.000000000,-1.750000000,1.570000000,1.750000000,1.570000000,1.750000000
8,159.990,1786876906441.480,11694259.415,0.000000000,0.000000000,0.000000000,-1.750000000,1.570000000,1.750000000,1.570000000,1.750000000
9,179.990,1786876906461.480,11694279.415,0.000000000,0.000000000,0.000000000,-1.750000000,1.570000000,1.750000000,1.570000000,1.750000000
10,199.991,1786876906481.480,11694299.415,0.000000000,0.000000000,0.000000000,-1.750000000,1.570000000,1.750000000,1.570000000,1.750000000
11,219.990,1786876906501.480,11694319.415,0.000000000,0.000000000,0.000000000,-1.750000000,1.570000000,1.750000000,1.570000000,1.750000000
12,239.990,1786876906521.479,11694339.414,0.000000000,0.000000000,0.000000000,-1.750000000,1.570000000,1.750000000,1.570000000,1.750000000
13,259.990,1786876906541.480,11694359.415,0.000000000,0.000000000,0.000000000,-1.750000000,1.570000000,1.750000000,1.570000000,1.750000000
14,279.990,1786876906561.479,11694379.414,0.000000000,0.000000000,0.000000000,-1.750000000,1.570000000,1.750000000,1.570000000,1.750000000
15,299.991,1786876906581.481,11694399.416,0.000000000,0.000000000,0.000000000,-1.750000000,1.570000000,1.750000000,1.570000000,1.750000000
16,319.990,1786876906601.479,11694419.415,0.000000000,0.000000000,0.000000000,-1.750000000,1.570000000,1.750000000,1.570000000,1.750000000
17,339.992,1786876906621.481,11694439.416,0.000000000,0.000000000,0.000000000,-1.750000000,1.570000000,1.750000000,1.570000000,1.750000000
18,359.991,1786876906641.480,11694459.415,0.000000000,0.000000000,0.000000000,-1.750000000,1.570000000,1.750000000,1.570000000,1.750000000
19,379.991,1786876906661.480,11694479.415,0.000000000,0.000000000,0.000000000,-1.750000000,1.570000000,1.750000000,1.570000000,1.750000000
20,399.991,1786876906681.480,11694499.415,0.000000000,0.000000000,0.000000000,-1.750000000,1.570000000,1.750000000,1.570000000,1.750000000
21,419.998,1786876906701.488,11694519.423,0.000000000,0.000000000,0.000000000,-1.750000000,1.570000000,1.750000000,1.570000000,1.750000000
22,440.001,1786876906721.490,11694539.425,0.000000000,0.000000000,0.000000000,-1.750000000,1.570000000,1.750000000,1.570000000,1.750000000
23,459.994,1786876906741.483,11694559.418,0.000000000,0.000000000,0.000000000,-1.750000000,1.570000000,1.750000000,1.570000000,1.750000000
24,479.993,1786876906761.483,11694579.418,0.000000000,0.000000000,0.000000000,-1.750000000,1.570000000,1.750000000,1.570000000,1.750000000
25,499.993,1786876906781.483,11694599.418,0.000000000,0.000000000,0.000000000,-1.750000000,1.570000000,1.750000000,1.570000000,1.750000000
26,519.991,1786876906801.480,11694619.415,0.000000000,0.000000000,0.000000000,-1.750000000,1.570000000,1.750000000,1.570000000,1.750000000
27,539.990,1786876906821.479,11694639.414,0.000000000,0.000000000,0.000000000,-1.750000000,1.570000000,1.750000000,1.570000000,1.750000000
28,559.991,1786876906841.480,11694659.415,0.000000000,0.000000000,0.000000000,-1.750000000,1.570000000,1.750000000,1.570000000,1.750000000
29,579.990,1786876906861.479,11694679.414,0.000000000,0.000000000,0.000000000,-1.750000000,1.570000000,1.750000000,1.570000000,1.750000000
30,599.993,1786876906881.483,11694699.418,0.000000000,0.000000000,0.000000000,-1.750000000,1.570000000,1.750000000,1.570000000,1.750000000
31,619.992,1786876906901.481,11694719.416,0.000000000,0.000000000,0.000000000,-1.750000000,1.570000000,1.750000000,1.570000000,1.750000000
32,639.991,1786876906921.481,11694739.416,0.000000000,0.000000000,0.000000000,-1.750000000,1.570000000,1.750000000,1.570000000,1.750000000
33,660.003,1786876906941.492,11694759.427,0.000000000,0.000000000,0.000000000,-1.750000000,1.570000000,1.750000000,1.570000000,1.750000000
34,679.995,1786876906961.484,11694779.419,0.000000000,0.000000000,0.000000000,-1.750000000,1.570000000,1.750000000,1.570000000,1.750000000
35,699.990,1786876906981.480,11694799.415,0.000000000,0.000000000,0.000000000,-1.750000000,1.570000000,1.750000000,1.570000000,1.750000000
36,720.003,1786876907001.492,11694819.427,0.000000000,0.000000000,0.000000000,-1.750000000,1.570000000,1.750000000,1.570000000,1.750000000
37,740.028,1786876907021.518,11694839.453,0.000000000,0.000000000,0.000000000,-1.750000000,1.570000000,1.750000000,1.570000000,1.750000000
38,759.997,1786876907041.487,11694859.422,0.000000000,0.000000000,0.000000000,-1.750000000,1.570000000,1.750000000,1.570000000,1.750000000
39,779.996,1786876907061.486,11694879.420,0.000000000,0.000000000,0.000000000,-1.750000000,1.570000000,1.750000000,1.570000000,1.750000000
40,800.015,1786876907081.504,11694899.439,0.000000000,0.000000000,0.000000000,-1.750000000,1.570000000,1.750000000,1.570000000,1.750000000
41,820.026,1786876907101.515,11694919.450,0.000000000,0.000000000,0.000000000,-1.750000000,1.570000000,1.750000000,1.570000000,1.750000000
42,840.024,1786876907121.513,11694939.448,0.000000000,0.000000000,0.000000000,-1.750000000,1.570000000,1.750000000,1.570000000,1.750000000
43,860.026,1786876907141.515,11694959.450,0.000000000,0.000000000,0.000000000,-1.750000000,1.570000000,1.750000000,1.570000000,1.750000000
44,880.011,1786876907161.500,11694979.436,0.000000000,0.000000000,0.000000000,-1.750000000,1.570000000,1.750000000,1.570000000,1.750000000
45,899.997,1786876907181.487,11694999.421,0.000000000,0.000000000,0.000000000,-1.750000000,1.570000000,1.750000000,1.570000000,1.750000000
46,920.017,1786876907201.507,11695019.441,0.000000000,0.000000000,0.000000000,-1.750000000,1.570000000,1.750000000,1.570000000,1.750000000
47,940.014,1786876907221.503,11695039.438,0.000000000,0.000000000,0.000000000,-1.750000000,1.570000000,1.750000000,1.570000000,1.750000000
48,960.027,1786876907241.517,11695059.452,0.000000000,0.000000000,0.000000000,-1.750000000,1.570000000,1.750000000,1.570000000,1.750000000
49,980.011,1786876907261.500,11695079.435,0.000000000,0.000000000,0.000000000,-1.750000000,1.570000000,1.750000000,1.570000000,1.750000000
50,1000.026,1786876907281.515,11695099.450,0.000000000,0.000000000,0.000000000,-1.750000000,1.570000000,1.750000000,1.570000000,1.750000000
51,1020.026,1786876907301.516,11695119.451,0.000000000,0.000000000,0.000000000,-1.750000000,1.570000000,1.750000000,1.570000000,1.750000000
52,1040.072,1786876907321.561,11695139.496,0.000000000,0.000000000,0.000000000,-1.750000000,1.570000000,1.750000000,1.570000000,1.750000000
53,1060.006,1786876907341.496,11695159.431,0.000000000,0.000000000,0.000000000,-1.750000000,1.570000000,1.750000000,1.570000000,1.750000000
54,1080.030,1786876907361.520,11695179.455,0.000000000,0.000000000,0.000000000,-1.750000000,1.570000000,1.750000000,1.570000000,1.750000000
55,1100.025,1786876907381.514,11695199.449,0.000000000,0.000000000,0.000000000,-1.750000000,1.570000000,1.750000000,1.570000000,1.750000000
56,1120.027,1786876907401.516,11695219.451,0.000000000,0.000000000,0.000000000,-1.750000000,1.570000000,1.750000000,1.570000000,1.750000000
57,1139.996,1786876907421.485,11695239.420,0.000000000,0.000000000,0.000000000,-1.750000000,1.570000000,1.750000000,1.570000000,1.750000000
58,1160.027,1786876907441.516,11695259.451,0.000000000,0.000000000,0.000000000,-1.750000000,1.570000000,1.750000000,1.570000000,1.750000000
59,1179.998,1786876907461.488,11695279.423,0.000000000,0.000000000,0.000000000,-1.750000000,1.570000000,1.750000000,1.570000000,1.750000000
60,1199.995,1786876907481.485,11695299.420,0.000000000,0.000000000,0.000000000,-1.750000000,1.570000000,1.750000000,1.570000000,1.750000000
61,1220.025,1786876907501.514,11695319.449,0.000000000,0.000000000,0.000000000,-1.750000000,1.570000000,1.750000000,1.570000000,1.750000000
62,1239.997,1786876907521.487,11695339.422,0.000000000,0.000000000,0.000000000,-1.750000000,1.570000000,1.750000000,1.570000000,1.750000000
63,1259.999,1786876907541.489,11695359.424,0.000000000,0.000000000,0.000000000,-1.750000000,1.570000000,1.750000000,1.570000000,1.750000000
64,1280.027,1786876907561.516,11695379.451,0.000000000,0.000000000,0.000000000,-1.750000000,1.570000000,1.750000000,1.570000000,1.750000000
65,1299.998,1786876907581.488,11695399.423,0.000000000,0.000000000,0.000000000,-1.750000000,1.570000000,1.750000000,1.570000000,1.750000000
66,1320.010,1786876907601.499,11695419.434,0.000000000,0.000000000,0.000000000,-1.750000000,1.570000000,1.750000000,1.570000000,1.750000000
67,1339.993,1786876907621.483,11695439.418,0.000000000,0.000000000,0.000000000,-1.750000000,1.570000000,1.750000000,1.570000000,1.750000000
68,1359.992,1786876907641.481,11695459.416,0.000000000,0.000000000,0.000000000,-1.750000000,1.570000000,1.750000000,1.570000000,1.750000000
69,1379.991,1786876907661.480,11695479.415,0.000000000,0.000000000,0.000000000,-1.750000000,1.570000000,1.750000000,1.570000000,1.750000000
70,1399.991,1786876907681.481,11695499.415,0.000000000,0.000000000,0.000000000,-1.750000000,1.570000000,1.750000000,1.570000000,1.750000000
71,1419.992,1786876907701.482,11695519.417,0.000000000,0.000000000,0.000000000,-1.750000000,1.570000000,1.750000000,1.570000000,1.750000000
72,1440.025,1786876907721.514,11695539.449,0.000000000,0.000000000,0.000000000,-1.750000000,1.570000000,1.750000000,1.570000000,1.750000000
73,1459.996,1786876907741.486,11695559.421,0.000000000,0.000000000,0.000000000,-1.750000000,1.570000000,1.750000000,1.570000000,1.750000000
74,1479.996,1786876907761.486,11695579.420,0.000000000,0.000000000,0.000000000,-1.750000000,1.570000000,1.750000000,1.570000000,1.750000000
75,1499.994,1786876907781.484,11695599.419,0.000000000,0.000000000,0.000000000,-1.750000000,1.570000000,1.750000000,1.570000000,1.750000000
76,1520.020,1786876907801.510,11695619.445,0.000000000,0.000000000,0.000000000,-1.750000000,1.570000000,1.750000000,1.570000000,1.750000000
77,1539.992,1786876907821.481,11695639.416,0.000000000,0.000000000,0.000000000,-1.750000000,1.570000000,1.750000000,1.570000000,1.750000000
78,1559.994,1786876907841.483,11695659.418,0.000000000,0.000000000,0.000000000,-1.750000000,1.570000000,1.750000000,1.570000000,1.750000000
79,1580.021,1786876907861.510,11695679.445,0.000000000,0.000000000,0.000000000,-1.750000000,1.570000000,1.750000000,1.570000000,1.750000000
80,1600.020,1786876907881.510,11695699.445,0.000000000,0.000000000,0.000000000,-1.750000000,1.570000000,1.750000000,1.570000000,1.750000000
81,1620.063,1786876907901.553,11695719.488,0.000000000,0.000000000,0.000000000,-1.750000000,1.570000000,1.750000000,1.570000000,1.750000000
82,1639.995,1786876907921.484,11695739.419,0.000000000,0.000000000,0.000000000,-1.750000000,1.570000000,1.750000000,1.570000000,1.750000000
83,1660.022,1786876907941.511,11695759.446,0.000000000,0.000000000,0.000000000,-1.750000000,1.570000000,1.750000000,1.570000000,1.750000000
84,1680.021,1786876907961.511,11695779.446,0.000000000,0.000000000,0.000000000,-1.750000000,1.570000000,1.750000000,1.570000000,1.750000000
85,1699.992,1786876907981.481,11695799.416,0.000000000,0.000000000,0.000000000,-1.750000000,1.570000000,1.750000000,1.570000000,1.750000000
86,1720.020,1786876908001.510,11695819.445,0.000000000,0.000000000,0.000000000,-1.750000000,1.570000000,1.750000000,1.570000000,1.750000000
87,1740.021,1786876908021.510,11695839.445,0.000000000,0.000000000,0.000000000,-1.750000000,1.570000000,1.750000000,1.570000000,1.750000000
88,1760.021,1786876908041.510,11695859.445,0.000000000,0.000000000,0.000000000,-1.750000000,1.570000000,1.750000000,1.570000000,1.750000000
89,1780.020,1786876908061.509,11695879.444,0.000000000,0.000000000,0.000000000,-1.750000000,1.570000000,1.750000000,1.570000000,1.750000000
90,1799.993,1786876908081.482,11695899.417,0.000000000,0.000000000,0.000000000,-1.750000000,1.570000000,1.750000000,1.570000000,1.750000000
91,1820.020,1786876908101.510,11695919.445,0.000000000,0.000000000,0.000000000,-1.750000000,1.570000000,1.750000000,1.570000000,1.750000000
92,1839.994,1786876908121.483,11695939.418,0.000000000,0.000000000,0.000000000,-1.750000000,1.570000000,1.750000000,1.570000000,1.750000000
93,1859.993,1786876908141.482,11695959.417,0.000000000,0.000000000,0.000000000,-1.750000000,1.570000000,1.750000000,1.570000000,1.750000000
94,1879.995,1786876908161.485,11695979.420,0.000000000,0.000000000,0.000000000,-1.750000000,1.570000000,1.750000000,1.570000000,1.750000000
95,1900.020,1786876908181.510,11695999.445,0.000000000,0.000000000,0.000000000,-1.750000000,1.570000000,1.750000000,1.570000000,1.750000000
96,1919.995,1786876908201.485,11696019.420,0.000000000,0.000000000,0.000000000,-1.750000000,1.570000000,1.750000000,1.570000000,1.750000000
97,1940.023,1786876908221.512,11696039.447,0.000000000,0.000000000,0.000000000,-1.750000000,1.570000000,1.750000000,1.570000000,1.750000000
98,1959.997,1786876908241.486,11696059.421,0.000000000,0.000000000,0.000000000,-1.750000000,1.570000000,1.750000000,1.570000000,1.750000000
99,1979.991,1786876908261.480,11696079.415,0.000000000,0.000000000,0.000000000,-1.750000000,1.570000000,1.750000000,1.570000000,1.750000000
100,2000.040,1786876908281.530,11696099.465,0.000000000,0.000000000,0.000000000,-1.750000000,1.570000000,1.750000000,1.570000000,1.750000000
101,2020.003,1786876908301.492,11696119.427,0.000000000,0.000000000,0.000000000,-1.750000000,1.570000000,1.750000000,1.570000000,1.750000000
102,2040.026,1786876908321.516,11696139.451,0.000000000,0.000000000,0.000000000,-1.750000000,1.570000000,1.750000000,1.570000000,1.750000000
103,2059.995,1786876908341.484,11696159.419,0.000000000,0.000000000,0.000000000,-1.750000000,1.570000000,1.750000000,1.570000000,1.750000000
104,2080.027,1786876908361.517,11696179.452,0.000000000,0.000000000,0.000000000,-1.750000000,1.570000000,1.750000000,1.570000000,1.750000000
105,2099.994,1786876908381.484,11696199.419,0.000000000,0.000000000,0.000000000,-1.750000000,1.570000000,1.750000000,1.570000000,1.750000000
106,2120.026,1786876908401.515,11696219.450,0.000000000,0.000000000,0.000000000,-1.750000000,1.570000000,1.750000000,1.570000000,1.750000000
107,2139.993,1786876908421.482,11696239.417,0.000000000,0.000000000,0.000000000,-1.750000000,1.570000000,1.750000000,1.570000000,1.750000000
108,2160.061,1786876908441.550,11696259.485,0.000000000,0.000000000,0.000000000,-1.750000000,1.570000000,1.750000000,1.570000000,1.750000000
109,2179.992,1786876908461.481,11696279.416,0.000000000,0.000000000,0.000000000,-1.750000000,1.570000000,1.750000000,1.570000000,1.750000000
110,2200.002,1786876908481.492,11696299.427,0.000000000,0.000000000,0.000000000,-1.750000000,1.570000000,1.750000000,1.570000000,1.750000000
111,2220.006,1786876908501.496,11696319.431,0.000000000,0.000000000,0.000000000,-1.750000000,1.570000000,1.750000000,1.570000000,1.750000000
112,2240.008,1786876908521.498,11696339.432,0.000000000,0.000000000,0.000000000,-1.750000000,1.570000000,1.750000000,1.570000000,1.750000000
113,2259.998,1786876908541.488,11696359.423,0.000000000,0.000000000,0.000000000,-1.750000000,1.570000000,1.750000000,1.570000000,1.750000000
114,2280.003,1786876908561.492,11696379.427,0.000000000,0.000000000,0.000000000,-1.750000000,1.570000000,1.750000000,1.570000000,1.750000000
115,2300.005,1786876908581.494,11696399.429,0.000000000,0.000000000,0.000000000,-1.750000000,1.570000000,1.750000000,1.570000000,1.750000000
116,2320.003,1786876908601.493,11696419.428,0.000000000,0.000000000,0.000000000,-1.750000000,1.570000000,1.750000000,1.570000000,1.750000000
117,2340.025,1786876908621.515,11696439.450,0.000000000,0.000000000,0.000000000,-1.750000000,1.570000000,1.750000000,1.570000000,1.750000000
118,2360.025,1786876908641.515,11696459.450,0.000000000,0.000000000,0.000000000,-1.750000000,1.570000000,1.750000000,1.570000000,1.750000000
119,2380.024,1786876908661.513,11696479.448,0.000000000,0.000000000,0.000000000,-1.750000000,1.570000000,1.750000000,1.570000000,1.750000000
120,2400.025,1786876908681.515,11696499.450,0.000000000,0.000000000,0.000000000,-1.750000000,1.570000000,1.750000000,1.570000000,1.750000000
121,2420.024,1786876908701.514,11696519.449,0.000000000,0.000000000,0.000000000,-1.750000000,1.570000000,1.750000000,1.570000000,1.750000000
122,2440.024,1786876908721.514,11696539.449,0.000000000,0.000000000,0.000000000,-1.750000000,1.570000000,1.750000000,1.570000000,1.750000000
123,2460.002,1786876908741.491,11696559.426,0.000000000,0.000000000,0.000000000,-1.750000000,1.570000000,1.750000000,1.570000000,1.750000000
124,2480.010,1786876908761.499,11696579.434,0.000000000,0.000000000,0.000000000,-1.750000000,1.570000000,1.750000000,1.570000000,1.750000000
125,2500.029,1786876908781.519,11696599.453,0.000000000,0.000000000,0.000000000,-1.750000000,1.570000000,1.750000000,1.570000000,1.750000000
126,2520.003,1786876908801.493,11696619.428,0.000000000,0.000000000,0.000000000,-1.750000000,1.570000000,1.750000000,1.570000000,1.750000000
127,2540.046,1786876908821.535,11696639.470,0.000000000,0.000000000,0.000000000,-1.750000000,1.570000000,1.750000000,1.570000000,1.750000000
128,2559.997,1786876908841.487,11696659.422,0.000000000,0.000000000,0.000000000,-1.750000000,1.570000000,1.750000000,1.570000000,1.750000000
129,2580.028,1786876908861.518,11696679.453,0.000000000,0.000000000,0.000000000,-1.750000000,1.570000000,1.750000000,1.570000000,1.750000000
130,2600.028,1786876908881.518,11696699.453,0.000000000,0.000000000,0.000000000,-1.750000000,1.570000000,1.750000000,1.570000000,1.750000000
131,2620.030,1786876908901.520,11696719.455,0.000000000,0.000000000,0.000000000,-1.750000000,1.570000000,1.750000000,1.570000000,1.750000000
132,2640.025,1786876908921.514,11696739.449,0.000000000,0.000000000,0.000000000,-1.750000000,1.570000000,1.750000000,1.570000000,1.750000000
133,2660.028,1786876908941.518,11696759.453,0.000000000,0.000000000,0.000000000,-1.750000000,1.570000000,1.750000000,1.570000000,1.750000000
134,2680.028,1786876908961.518,11696779.453,0.000000000,0.000000000,0.000000000,-1.750000000,1.570000000,1.750000000,1.570000000,1.750000000
135,2700.036,1786876908981.525,11696799.460,0.000000000,0.000000000,0.000000000,-1.750000000,1.570000000,1.750000000,1.570000000,1.750000000
136,2720.028,1786876909001.518,11696819.453,0.000000000,0.000000000,0.000000000,-1.750000000,1.570000000,1.750000000,1.570000000,1.750000000
137,2740.000,1786876909021.490,11696839.425,0.000000000,0.000000000,0.000000000,-1.750000000,1.570000000,1.750000000,1.570000000,1.750000000
138,2760.007,1786876909041.496,11696859.431,0.000000000,0.000000000,0.000000000,-1.750000000,1.570000000,1.750000000,1.570000000,1.750000000
139,2780.028,1786876909061.518,11696879.452,0.000000000,0.000000000,0.000000000,-1.750000000,1.570000000,1.750000000,1.570000000,1.750000000
140,2800.008,1786876909081.498,11696899.432,0.000000000,0.000000000,0.000000000,-1.750000000,1.570000000,1.750000000,1.570000000,1.750000000
141,2820.027,1786876909101.517,11696919.452,0.000000000,0.000000000,0.000000000,-1.750000000,1.570000000,1.750000000,1.570000000,1.750000000
142,2839.995,1786876909121.484,11696939.419,0.000000000,0.000000000,0.000000000,-1.750000000,1.570000000,1.750000000,1.570000000,1.750000000
143,2860.049,1786876909141.538,11696959.473,0.000000000,0.000000000,0.000000000,-1.750000000,1.570000000,1.750000000,1.570000000,1.750000000
144,2880.025,1786876909161.514,11696979.449,0.000000000,0.000000000,0.000000000,-1.750000000,1.570000000,1.750000000,1.570000000,1.750000000
145,2900.028,1786876909181.518,11696999.452,0.000000000,0.000000000,0.000000000,-1.750000000,1.570000000,1.750000000,1.570000000,1.750000000
146,2920.009,1786876909201.498,11697019.433,0.000000000,0.000000000,0.000000000,-1.750000000,1.570000000,1.750000000,1.570000000,1.750000000
147,2940.026,1786876909221.515,11697039.450,0.000000000,0.000000000,0.000000000,-1.750000000,1.570000000,1.750000000,1.570000000,1.750000000
148,2960.026,1786876909241.515,11697059.450,0.000000000,0.000000000,0.000000000,-1.750000000,1.570000000,1.750000000,1.570000000,1.750000000
149,2980.025,1786876909261.514,11697079.449,0.000000000,0.000000000,0.000000000,-1.750000000,1.570000000,1.750000000,1.570000000,1.750000000
150,3000.027,1786876909281.516,11697099.451,0.000000000,0.000000000,0.000000000,-1.750000000,1.570000000,1.750000000,1.570000000,1.750000000
151,3020.045,1786876909301.535,11697119.470,0.000000000,0.000000000,0.000000000,-1.750000000,1.570000000,1.750000000,1.570000000,1.750000000
152,3040.024,1786876909321.514,11697139.449,0.000000000,0.000000000,0.000000000,-1.750000000,1.570000000,1.750000000,1.570000000,1.750000000
153,3060.073,1786876909341.562,11697159.497,0.000000000,0.000000000,0.000000000,-1.750000000,1.570000000,1.750000000,1.570000000,1.750000000
154,3080.003,1786876909361.492,11697179.427,0.000000000,0.000000000,0.000000000,-1.750000000,1.570000000,1.750000000,1.570000000,1.750000000
155,3100.027,1786876909381.516,11697199.451,0.000000000,0.000000000,0.000000000,-1.750000000,1.570000000,1.750000000,1.570000000,1.750000000
156,3120.010,1786876909401.500,11697219.434,0.000000000,0.000000000,0.000000000,-1.750000000,1.570000000,1.750000000,1.570000000,1.750000000
157,3140.025,1786876909421.515,11697239.450,0.000000000,0.000000000,0.000000000,-1.750000000,1.570000000,1.750000000,1.570000000,1.750000000
158,3160.038,1786876909441.528,11697259.463,0.000000000,0.000000000,0.000000000,-1.750000000,1.570000000,1.750000000,1.570000000,1.750000000
159,3180.024,1786876909461.514,11697279.449,0.000000000,0.000000000,0.000000000,-1.750000000,1.570000000,1.750000000,1.570000000,1.750000000
160,3200.065,1786876909481.554,11697299.489,0.000000000,0.000000000,0.000000000,-1.750000000,1.570000000,1.750000000,1.570000000,1.750000000
161,3220.033,1786876909501.522,11697319.457,0.000000000,0.000000000,0.000000000,-1.750000000,1.570000000,1.750000000,1.570000000,1.750000000
162,3240.002,1786876909521.492,11697339.427,0.000000000,0.000000000,0.000000000,-1.750000000,1.570000000,1.750000000,1.570000000,1.750000000
163,3260.023,1786876909541.512,11697359.447,0.000000000,0.000000000,0.000000000,-1.750000000,1.570000000,1.750000000,1.570000000,1.750000000
164,3280.025,1786876909561.515,11697379.450,0.000000000,0.000000000,0.000000000,-1.750000000,1.570000000,1.750000000,1.570000000,1.750000000
165,3300.031,1786876909581.520,11697399.455,0.000000000,0.000000000,0.000000000,-1.750000000,1.570000000,1.750000000,1.570000000,1.750000000
166,3320.031,1786876909601.520,11697419.455,0.000000000,0.000000000,0.000000000,-1.750000000,1.570000000,1.750000000,1.570000000,1.750000000
167,3340.029,1786876909621.519,11697439.454,0.000000000,0.000000000,0.000000000,-1.750000000,1.570000000,1.750000000,1.570000000,1.750000000
168,3360.054,1786876909641.543,11697459.478,0.000000000,0.000000000,0.000000000,-1.750000000,1.570000000,1.750000000,1.570000000,1.750000000
169,3380.032,1786876909661.522,11697479.457,0.000000000,0.000000000,0.000000000,-1.750000000,1.570000000,1.750000000,1.570000000,1.750000000
170,3400.041,1786876909681.530,11697499.465,0.000000000,0.000000000,0.000000000,-1.750000000,1.570000000,1.750000000,1.570000000,1.750000000
171,3420.003,1786876909701.493,11697519.428,0.000000000,0.000000000,0.000000000,-1.750000000,1.570000000,1.750000000,1.570000000,1.750000000
172,3439.996,1786876909721.485,11697539.420,0.000000000,0.000000000,0.000000000,-1.750000000,1.570000000,1.750000000,1.570000000,1.750000000
173,3460.002,1786876909741.491,11697559.426,0.000000000,0.000000000,0.000000000,-1.750000000,1.570000000,1.750000000,1.570000000,1.750000000
174,3480.002,1786876909761.492,11697579.427,0.000000000,0.000000000,0.000000000,-1.750000000,1.570000000,1.750000000,1.570000000,1.750000000
175,3499.997,1786876909781.486,11697599.421,0.000000000,0.000000000,0.000000000,-1.750000000,1.570000000,1.750000000,1.570000000,1.750000000
176,3519.995,1786876909801.485,11697619.420,0.000000000,0.000000000,0.000000000,-1.750000000,1.570000000,1.750000000,1.570000000,1.750000000
177,3539.995,1786876909821.484,11697639.420,0.000000000,0.000000000,0.000000000,-1.750000000,1.570000000,1.750000000,1.570000000,1.750000000
178,3559.994,1786876909841.484,11697659.419,0.000000000,0.000000000,0.000000000,-1.750000000,1.570000000,1.750000000,1.570000000,1.750000000
179,3580.060,1786876909861.549,11697679.484,0.000000000,0.000000000,0.000000000,-1.750000000,1.570000000,1.750000000,1.570000000,1.750000000
180,3600.027,1786876909881.517,11697699.452,0.000000000,0.000000000,0.000000000,-1.750000000,1.570000000,1.750000000,1.570000000,1.750000000
181,3620.025,1786876909901.514,11697719.449,0.000000000,0.000000000,0.000000000,-1.750000000,1.570000000,1.750000000,1.570000000,1.750000000
182,3640.025,1786876909921.515,11697739.450,0.000000000,0.000000000,0.000000000,-1.750000000,1.570000000,1.750000000,1.570000000,1.750000000
183,3660.025,1786876909941.515,11697759.450,0.000000000,0.000000000,0.000000000,-1.750000000,1.570000000,1.750000000,1.570000000,1.750000000
184,3680.028,1786876909961.517,11697779.452,0.000000000,0.000000000,0.000000000,-1.750000000,1.570000000,1.750000000,1.570000000,1.750000000
185,3700.028,1786876909981.518,11697799.453,0.000000000,0.000000000,0.000000000,-1.750000000,1.570000000,1.750000000,1.570000000,1.750000000
186,3719.994,1786876910001.484,11697819.419,0.000000000,0.000000000,0.000000000,-1.750000000,1.570000000,1.750000000,1.570000000,1.750000000
187,3739.993,1786876910021.482,11697839.417,0.000000000,0.000000000,0.000000000,-1.750000000,1.570000000,1.750000000,1.570000000,1.750000000
188,3759.996,1786876910041.486,11697859.421,0.000000000,0.000000000,0.000000000,-1.750000000,1.570000000,1.750000000,1.570000000,1.750000000
189,3780.002,1786876910061.491,11697879.426,0.000000000,0.000000000,0.000000000,-1.750000000,1.570000000,1.750000000,1.570000000,1.750000000
190,3799.991,1786876910081.481,11697899.416,0.000000000,0.000000000,0.000000000,-1.750000000,1.570000000,1.750000000,1.570000000,1.750000000
191,3819.991,1786876910101.481,11697919.416,0.000000000,0.000000000,0.000000000,-1.750000000,1.570000000,1.750000000,1.570000000,1.750000000
192,3839.990,1786876910121.480,11697939.415,0.000000000,0.000000000,0.000000000,-1.750000000,1.570000000,1.750000000,1.570000000,1.750000000
193,3859.993,1786876910141.483,11697959.418,0.000000000,0.000000000,0.000000000,-1.750000000,1.570000000,1.750000000,1.570000000,1.750000000
194,3879.992,1786876910161.481,11697979.416,0.000000000,0.000000000,0.000000000,-1.750000000,1.570000000,1.750000000,1.570000000,1.750000000
195,3899.997,1786876910181.486,11697999.421,0.000000000,0.000000000,0.000000000,-1.750000000,1.570000000,1.750000000,1.570000000,1.750000000
196,3919.999,1786876910201.489,11698019.424,0.000000000,0.000000000,0.000000000,-1.750000000,1.570000000,1.750000000,1.570000000,1.750000000
197,3939.998,1786876910221.488,11698039.423,0.000000000,0.000000000,0.000000000,-1.750000000,1.570000000,1.750000000,1.570000000,1.750000000
198,3960.000,1786876910241.489,11698059.424,0.000000000,0.000000000,0.000000000,-1.750000000,1.570000000,1.750000000,1.570000000,1.750000000
199,3979.997,1786876910261.487,11698079.422,0.000000000,0.000000000,0.000000000,-1.750000000,1.570000000,1.750000000,1.570000000,1.750000000
200,3999.997,1786876910281.486,11698099.421,0.000000000,0.000000000,0.000000000,-1.750000000,1.570000000,1.750000000,1.570000000,1.750000000
201,4019.997,1786876910301.487,11698119.422,0.000000000,0.000000000,0.000000000,-1.750000000,1.570000000,1.750000000,1.570000000,1.750000000
202,4040.000,1786876910321.490,11698139.425,0.000000000,0.000000000,0.000000000,-1.750000000,1.570000000,1.750000000,1.570000000,1.750000000
203,4060.000,1786876910341.490,11698159.425,0.000000000,0.000000000,0.000000000,-1.750000000,1.570000000,1.750000000,1.570000000,1.750000000
204,4080.000,1786876910361.490,11698179.425,0.000000000,0.000000000,0.000000000,-1.750000000,1.570000000,1.750000000,1.570000000,1.750000000
205,4099.999,1786876910381.489,11698199.424,0.000000000,0.000000000,0.000000000,-1.750000000,1.570000000,1.750000000,1.570000000,1.750000000
206,4119.998,1786876910401.488,11698219.423,0.000000000,0.000000000,0.000000000,-1.750000000,1.570000000,1.750000000,1.570000000,1.750000000
207,4139.997,1786876910421.487,11698239.422,0.000000000,0.000000000,0.000000000,-1.750000000,1.570000000,1.750000000,1.570000000,1.750000000
208,4159.996,1786876910441.485,11698259.420,0.000000000,0.000000000,0.000000000,-1.750000000,1.570000000,1.750000000,1.570000000,1.750000000
209,4179.998,1786876910461.487,11698279.422,0.000000000,0.000000000,0.000000000,-1.750000000,1.570000000,1.750000000,1.570000000,1.750000000
210,4200.001,1786876910481.490,11698299.425,0.000000000,0.000000000,0.000000000,-1.750000000,1.570000000,1.750000000,1.570000000,1.750000000
211,4219.993,1786876910501.483,11698319.418,0.000000000,0.000000000,0.000000000,-1.750000000,1.570000000,1.750000000,1.570000000,1.750000000
212,4239.998,1786876910521.487,11698339.422,0.000000000,0.000000000,0.000000000,-1.750000000,1.570000000,1.750000000,1.570000000,1.750000000
213,4259.999,1786876910541.489,11698359.424,0.000000000,0.000000000,0.000000000,-1.750000000,1.570000000,1.750000000,1.570000000,1.750000000
214,4279.992,1786876910561.481,11698379.416,0.000000000,0.000000000,0.000000000,-1.750000000,1.570000000,1.750000000,1.570000000,1.750000000
215,4299.997,1786876910581.487,11698399.422,0.000000000,0.000000000,0.000000000,-1.750000000,1.570000000,1.750000000,1.570000000,1.750000000
216,4319.997,1786876910601.486,11698419.421,0.000000000,0.000000000,0.000000000,-1.750000000,1.570000000,1.750000000,1.570000000,1.750000000
217,4339.995,1786876910621.484,11698439.419,0.000000000,0.000000000,0.000000000,-1.750000000,1.570000000,1.750000000,1.570000000,1.750000000
218,4359.995,1786876910641.484,11698459.419,0.000000000,0.000000000,0.000000000,-1.750000000,1.570000000,1.750000000,1.570000000,1.750000000
219,4380.001,1786876910661.490,11698479.425,0.000000000,0.000000000,0.000000000,-1.750000000,1.570000000,1.750000000,1.570000000,1.750000000
220,4399.999,1786876910681.488,11698499.423,0.000000000,0.000000000,0.000000000,-1.750000000,1.570000000,1.750000000,1.570000000,1.750000000
221,4419.998,1786876910701.488,11698519.422,0.000000000,0.000000000,0.000000000,-1.750000000,1.570000000,1.750000000,1.570000000,1.750000000
222,4439.997,1786876910721.487,11698539.422,0.000000000,0.000000000,0.000000000,-1.750000000,1.570000000,1.750000000,1.570000000,1.750000000
223,4459.997,1786876910741.487,11698559.422,0.000000000,0.000000000,0.000000000,-1.750000000,1.570000000,1.750000000,1.570000000,1.750000000
224,4479.997,1786876910761.487,11698579.422,0.000000000,0.000000000,0.000000000,-1.750000000,1.570000000,1.750000000,1.570000000,1.750000000
225,4499.996,1786876910781.485,11698599.420,0.000000000,0.000000000,0.000000000,-1.750000000,1.570000000,1.750000000,1.570000000,1.750000000
226,4520.001,1786876910801.490,11698619.425,0.000000000,0.000000000,0.000000000,-1.750000000,1.570000000,1.750000000,1.570000000,1.750000000
227,4539.999,1786876910821.489,11698639.424,0.000000000,0.000000000,0.000000000,-1.750000000,1.570000000,1.750000000,1.570000000,1.750000000
228,4559.998,1786876910841.488,11698659.423,0.000000000,0.000000000,0.000000000,-1.750000000,1.570000000,1.750000000,1.570000000,1.750000000
229,4579.998,1786876910861.488,11698679.423,0.000000000,0.000000000,0.000000000,-1.750000000,1.570000000,1.750000000,1.570000000,1.750000000
230,4599.996,1786876910881.486,11698699.421,0.000000000,0.000000000,0.000000000,-1.750000000,1.570000000,1.750000000,1.570000000,1.750000000
231,4619.996,1786876910901.486,11698719.421,0.000000000,0.000000000,0.000000000,-1.750000000,1.570000000,1.750000000,1.570000000,1.750000000
232,4639.997,1786876910921.486,11698739.421,0.000000000,0.000000000,0.000000000,-1.750000000,1.570000000,1.750000000,1.570000000,1.750000000
233,4659.996,1786876910941.486,11698759.421,0.000000000,0.000000000,0.000000000,-1.750000000,1.570000000,1.750000000,1.570000000,1.750000000
234,4680.001,1786876910961.490,11698779.425,0.000000000,0.000000000,0.000000000,-1.750000000,1.570000000,1.750000000,1.570000000,1.750000000
235,4699.998,1786876910981.488,11698799.423,0.000000000,0.000000000,0.000000000,-1.750000000,1.570000000,1.750000000,1.570000000,1.750000000
236,4719.999,1786876911001.488,11698819.423,0.000000000,0.000000000,0.000000000,-1.750000000,1.570000000,1.750000000,1.570000000,1.750000000
237,4740.022,1786876911021.512,11698839.447,0.000000000,0.000000000,0.000000000,-1.750000000,1.570000000,1.750000000,1.570000000,1.750000000
238,4759.991,1786876911041.481,11698859.416,0.000000000,0.000000000,0.000000000,-1.750000000,1.570000000,1.750000000,1.570000000,1.750000000
239,4779.991,1786876911061.480,11698879.415,0.000000000,0.000000000,0.000000000,-1.750000000,1.570000000,1.750000000,1.570000000,1.750000000
240,4799.990,1786876911081.480,11698899.415,0.000000000,0.000000000,0.000000000,-1.750000000,1.570000000,1.750000000,1.570000000,1.750000000
241,4819.991,1786876911101.480,11698919.415,0.000000000,0.000000000,0.000000000,-1.750000000,1.570000000,1.750000000,1.570000000,1.750000000
242,4839.991,1786876911121.481,11698939.416,0.000000000,0.000000000,0.000000000,-1.750000000,1.570000000,1.750000000,1.570000000,1.750000000
243,4859.991,1786876911141.480,11698959.415,0.000000000,0.000000000,0.000000000,-1.750000000,1.570000000,1.750000000,1.570000000,1.750000000
244,4879.990,1786876911161.479,11698979.414,0.000000000,0.000000000,0.000000000,-1.750000000,1.570000000,1.750000000,1.570000000,1.750000000
245,4900.001,1786876911181.490,11698999.425,0.000000000,0.000000000,0.000000000,-1.750000000,1.570000000,1.750000000,1.570000000,1.750000000
246,4919.991,1786876911201.481,11699019.416,0.000000000,0.000000000,0.000000000,-1.750000000,1.570000000,1.750000000,1.570000000,1.750000000
247,4939.991,1786876911221.480,11699039.415,0.000000000,0.000000000,0.000000000,-1.750000000,1.570000000,1.750000000,1.570000000,1.750000000
248,4959.991,1786876911241.480,11699059.415,0.000000000,0.000000000,0.000000000,-1.750000000,1.570000000,1.750000000,1.570000000,1.750000000
249,4979.991,1786876911261.481,11699079.416,0.000000000,0.000000000,0.000000000,-1.750000000,1.570000000,1.750000000,1.570000000,1.750000000
250,4999.990,1786876911281.479,11699099.414,0.000000000,0.000000000,0.000000000,-1.750000000,1.570000000,1.750000000,1.570000000,1.750000000
251,5019.990,1786876911301.479,11699119.415,0.000000000,0.000000000,0.000000000,-1.750000000,1.570000000,1.750000000,1.570000000,1.750000000
252,5039.991,1786876911321.480,11699139.415,0.000000000,0.000000000,0.000000000,-1.750000000,1.570000000,1.750000000,1.570000000,1.750000000
253,5059.990,1786876911341.480,11699159.415,0.000000000,0.000000000,0.000000000,-1.750000000,1.570000000,1.750000000,1.570000000,1.750000000
254,5079.990,1786876911361.479,11699179.415,0.000000000,0.000000000,0.000000000,-1.750000000,1.570000000,1.750000000,1.570000000,1.750000000
255,5099.991,1786876911381.480,11699199.415,0.000000000,0.000000000,0.000000000,-1.750000000,1.570000000,1.750000000,1.570000000,1.750000000
256,5119.991,1786876911401.480,11699219.415,0.000000000,0.000000000,0.000000000,-1.750000000,1.570000000,1.750000000,1.570000000,1.750000000
257,5139.991,1786876911421.480,11699239.415,0.000000000,0.000000000,0.000000000,-1.750000000,1.570000000,1.750000000,1.570000000,1.750000000
258,5159.990,1786876911441.480,11699259.415,0.000000000,0.000000000,0.000000000,-1.750000000,1.570000000,1.750000000,1.570000000,1.750000000
259,5179.990,1786876911461.479,11699279.415,0.000000000,0.000000000,0.000000000,-1.750000000,1.570000000,1.750000000,1.570000000,1.750000000
260,5199.990,1786876911481.480,11699299.415,0.000000000,0.000000000,0.000000000,-1.750000000,1.570000000,1.750000000,1.570000000,1.750000000
261,5219.992,1786876911501.481,11699319.416,0.000000000,0.000000000,0.000000000,-1.750000000,1.570000000,1.750000000,1.570000000,1.750000000
262,5239.990,1786876911521.480,11699339.415,0.000000000,0.000000000,0.000000000,-1.750000000,1.570000000,1.750000000,1.570000000,1.750000000
263,5259.990,1786876911541.480,11699359.415,0.000000000,0.000000000,0.000000000,-1.750000000,1.570000000,1.750000000,1.570000000,1.750000000
264,5279.991,1786876911561.480,11699379.415,0.000000000,0.000000000,0.000000000,-1.750000000,1.570000000,1.750000000,1.570000000,1.750000000
265,5299.991,1786876911581.480,11699399.415,0.000000000,0.000000000,0.000000000,-1.750000000,1.570000000,1.750000000,1.570000000,1.750000000
266,5319.993,1786876911601.482,11699419.417,0.000000000,0.000000000,0.000000000,-1.750000000,1.570000000,1.750000000,1.570000000,1.750000000
267,5340.002,1786876911621.491,11699439.426,0.000000000,0.000000000,0.000000000,-1.750000000,1.570000000,1.750000000,1.570000000,1.750000000
268,5359.993,1786876911641.482,11699459.417,0.000000000,0.000000000,0.000000000,-1.750000000,1.570000000,1.750000000,1.570000000,1.750000000
269,5379.991,1786876911661.481,11699479.416,0.000000000,0.000000000,0.000000000,-1.750000000,1.570000000,1.750000000,1.570000000,1.750000000
270,5399.990,1786876911681.479,11699499.415,0.000000000,0.000000000,0.000000000,-1.750000000,1.570000000,1.750000000,1.570000000,1.750000000
271,5419.994,1786876911701.484,11699519.419,0.000000000,0.000000000,0.000000000,-1.750000000,1.570000000,1.750000000,1.570000000,1.750000000
272,5439.992,1786876911721.481,11699539.416,0.000000000,0.000000000,0.000000000,-1.750000000,1.570000000,1.750000000,1.570000000,1.750000000
273,5459.993,1786876911741.482,11699559.417,0.000000000,0.000000000,0.000000000,-1.750000000,1.570000000,1.750000000,1.570000000,1.750000000
274,5479.992,1786876911761.482,11699579.417,0.000000000,0.000000000,0.000000000,-1.750000000,1.570000000,1.750000000,1.570000000,1.750000000
275,5499.991,1786876911781.480,11699599.415,0.000000000,0.000000000,0.000000000,-1.750000000,1.570000000,1.750000000,1.570000000,1.750000000
276,5519.991,1786876911801.480,11699619.415,0.000000000,0.000000000,0.000000000,-1.750000000,1.570000000,1.750000000,1.570000000,1.750000000
277,5539.992,1786876911821.481,11699639.416,0.000000000,0.000000000,0.000000000,-1.750000000,1.570000000,1.750000000,1.570000000,1.750000000
278,5559.992,1786876911841.481,11699659.416,0.000000000,0.000000000,0.000000000,-1.750000000,1.570000000,1.750000000,1.570000000,1.750000000
279,5579.992,1786876911861.481,11699679.416,0.000000000,0.000000000,0.000000000,-1.750000000,1.570000000,1.750000000,1.570000000,1.750000000
280,5600.004,1786876911881.493,11699699.428,0.000000000,0.000000000,0.000000000,-1.750000000,1.570000000,1.750000000,1.570000000,1.750000000
281,5620.007,1786876911901.497,11699719.431,0.000000000,0.000000000,0.000000000,-1.750000000,1.570000000,1.750000000,1.570000000,1.750000000
282,5639.998,1786876911921.488,11699739.422,0.000000000,0.000000000,0.000000000,-1.750000000,1.570000000,1.750000000,1.570000000,1.750000000
283,5660.001,1786876911941.491,11699759.426,0.000000000,0.000000000,0.000000000,-1.750000000,1.570000000,1.750000000,1.570000000,1.750000000
284,5680.012,1786876911961.502,11699779.436,0.000000000,0.000000000,0.000000000,-1.750000000,1.570000000,1.750000000,1.570000000,1.750000000
285,5700.036,1786876911981.526,11699799.461,0.000000000,0.000000000,0.000000000,-1.750000000,1.570000000,1.750000000,1.570000000,1.750000000
286,5720.034,1786876912001.524,11699819.459,0.000000000,0.000000000,0.000000000,-1.750000000,1.570000000,1.750000000,1.570000000,1.750000000
287,5740.027,1786876912021.516,11699839.451,0.000000000,0.000000000,0.000000000,-1.750000000,1.570000000,1.750000000,1.570000000,1.750000000
288,5760.015,1786876912041.504,11699859.439,0.000000000,0.000000000,0.000000000,-1.750000000,1.570000000,1.750000000,1.570000000,1.750000000
289,5780.014,1786876912061.503,11699879.438,0.000000000,0.000000000,0.000000000,-1.750000000,1.570000000,1.750000000,1.570000000,1.750000000
290,5799.999,1786876912081.488,11699899.423,0.000000000,0.000000000,0.000000000,-1.750000000,1.570000000,1.750000000,1.570000000,1.750000000
291,5820.080,1786876912101.569,11699919.504,0.000000000,0.000000000,0.000000000,-1.750000000,1.570000000,1.750000000,1.570000000,1.750000000
292,5839.997,1786876912121.487,11699939.422,0.000000000,0.000000000,0.000000000,-1.750000000,1.570000000,1.750000000,1.570000000,1.750000000
293,5859.994,1786876912141.484,11699959.419,0.000000000,0.000000000,0.000000000,-1.750000000,1.570000000,1.750000000,1.570000000,1.750000000
294,5879.993,1786876912161.482,11699979.417,0.000000000,0.000000000,0.000000000,-1.750000000,1.570000000,1.750000000,1.570000000,1.750000000
295,5899.993,1786876912181.482,11699999.417,0.000000000,0.000000000,0.000000000,-1.750000000,1.570000000,1.750000000,1.570000000,1.750000000
296,5919.991,1786876912201.481,11700019.416,0.000000000,0.000000000,0.000000000,-1.750000000,1.570000000,1.750000000,1.570000000,1.750000000
297,5939.994,1786876912221.483,11700039.418,0.000000000,0.000000000,0.000000000,-1.750000000,1.570000000,1.750000000,1.570000000,1.750000000
298,5959.992,1786876912241.481,11700059.416,0.000000000,0.000000000,0.000000000,-1.750000000,1.570000000,1.750000000,1.570000000,1.750000000
299,5979.990,1786876912261.479,11700079.415,0.000000000,0.000000000,0.000000000,-1.750000000,1.570000000,1.750000000,1.570000000,1.750000000
300,5999.995,1786876912281.484,11700099.419,0.000000000,0.000000000,0.000000000,-1.750000000,1.570000000,1.750000000,1.570000000,1.750000000
301,6019.993,1786876912301.482,11700119.417,0.000000000,0.000000000,0.000000000,-1.750000000,1.570000000,1.750000000,1.570000000,1.750000000
302,6039.991,1786876912321.481,11700139.416,0.000000000,0.000000000,0.000000000,-1.750000000,1.570000000,1.750000000,1.570000000,1.750000000
303,6059.991,1786876912341.481,11700159.416,0.000000000,0.000000000,0.000000000,-1.750000000,1.570000000,1.750000000,1.570000000,1.750000000
304,6079.994,1786876912361.483,11700179.418,0.000000000,0.000000000,0.000000000,-1.750000000,1.570000000,1.750000000,1.570000000,1.750000000
305,6099.993,1786876912381.482,11700199.417,0.000000000,0.000000000,0.000000000,-1.750000000,1.570000000,1.750000000,1.570000000,1.750000000
306,6119.993,1786876912401.483,11700219.418,0.000000000,0.000000000,0.000000000,-1.750000000,1.570000000,1.750000000,1.570000000,1.750000000
307,6139.996,1786876912421.485,11700239.420,0.000000000,0.000000000,0.000000000,-1.750000000,1.570000000,1.750000000,1.570000000,1.750000000
308,6159.992,1786876912441.481,11700259.416,0.000000000,0.000000000,0.000000000,-1.750000000,1.570000000,1.750000000,1.570000000,1.750000000
309,6179.995,1786876912461.484,11700279.419,0.000000000,0.000000000,0.000000000,-1.750000000,1.570000000,1.750000000,1.570000000,1.750000000
310,6199.998,1786876912481.487,11700299.422,0.000000000,0.000000000,0.000000000,-1.750000000,1.570000000,1.750000000,1.570000000,1.750000000
311,6219.993,1786876912501.482,11700319.417,0.000000000,0.000000000,0.000000000,-1.750000000,1.570000000,1.750000000,1.570000000,1.750000000
312,6239.994,1786876912521.483,11700339.418,0.000000000,0.000000000,0.000000000,-1.750000000,1.570000000,1.750000000,1.570000000,1.750000000
313,6259.992,1786876912541.482,11700359.417,0.000000000,0.000000000,0.000000000,-1.750000000,1.570000000,1.750000000,1.570000000,1.750000000
314,6279.995,1786876912561.484,11700379.419,0.000000000,0.000000000,0.000000000,-1.750000000,1.570000000,1.750000000,1.570000000,1.750000000
315,6299.994,1786876912581.483,11700399.418,0.000000000,0.000000000,0.000000000,-1.750000000,1.570000000,1.750000000,1.570000000,1.750000000
316,6319.994,1786876912601.483,11700419.418,0.000000000,0.000000000,0.000000000,-1.750000000,1.570000000,1.750000000,1.570000000,1.750000000
317,6340.007,1786876912621.497,11700439.432,0.000000000,0.000000000,0.000000000,-1.750000000,1.570000000,1.750000000,1.570000000,1.750000000
318,6359.992,1786876912641.482,11700459.417,0.000000000,0.000000000,0.000000000,-1.750000000,1.570000000,1.750000000,1.570000000,1.750000000
319,6379.994,1786876912661.483,11700479.418,0.000000000,0.000000000,0.000000000,-1.750000000,1.570000000,1.750000000,1.570000000,1.750000000
320,6399.993,1786876912681.482,11700499.417,0.000000000,0.000000000,0.000000000,-1.750000000,1.570000000,1.750000000,1.570000000,1.750000000
321,6419.992,1786876912701.482,11700519.417,0.000000000,0.000000000,0.000000000,-1.750000000,1.570000000,1.750000000,1.570000000,1.750000000
322,6439.991,1786876912721.480,11700539.415,0.000000000,0.000000000,0.000000000,-1.750000000,1.570000000,1.750000000,1.570000000,1.750000000
323,6459.992,1786876912741.482,11700559.417,0.000000000,0.000000000,0.000000000,-1.750000000,1.570000000,1.750000000,1.570000000,1.750000000
324,6479.992,1786876912761.481,11700579.416,0.000000000,0.000000000,0.000000000,-1.750000000,1.570000000,1.750000000,1.570000000,1.750000000
325,6499.991,1786876912781.481,11700599.416,0.000000000,0.000000000,0.000000000,-1.750000000,1.570000000,1.750000000,1.570000000,1.750000000
326,6519.995,1786876912801.484,11700619.419,0.000000000,0.000000000,0.000000000,-1.750000000,1.570000000,1.750000000,1.570000000,1.750000000
327,6539.993,1786876912821.483,11700639.418,0.000000000,0.000000000,0.000000000,-1.750000000,1.570000000,1.750000000,1.570000000,1.750000000
328,6559.994,1786876912841.483,11700659.418,0.000000000,0.000000000,0.000000000,-1.750000000,1.570000000,1.750000000,1.570000000,1.750000000
329,6579.995,1786876912861.484,11700679.419,0.000000000,0.000000000,0.000000000,-1.750000000,1.570000000,1.750000000,1.570000000,1.750000000
330,6599.993,1786876912881.483,11700699.418,0.000000000,0.000000000,0.000000000,-1.750000000,1.570000000,1.750000000,1.570000000,1.750000000
331,6619.995,1786876912901.485,11700719.420,0.000000000,0.000000000,0.000000000,-1.750000000,1.570000000,1.750000000,1.570000000,1.750000000
332,6639.995,1786876912921.484,11700739.419,0.000000000,0.000000000,0.000000000,-1.750000000,1.570000000,1.750000000,1.570000000,1.750000000
333,6659.997,1786876912941.487,11700759.422,0.000000000,0.000000000,0.000000000,-1.750000000,1.570000000,1.750000000,1.570000000,1.750000000
334,6679.995,1786876912961.484,11700779.419,0.000000000,0.000000000,0.000000000,-1.750000000,1.570000000,1.750000000,1.570000000,1.750000000
335,6699.994,1786876912981.483,11700799.418,0.000000000,0.000000000,0.000000000,-1.750000000,1.570000000,1.750000000,1.570000000,1.750000000
336,6719.994,1786876913001.483,11700819.418,0.000000000,0.000000000,0.000000000,-1.750000000,1.570000000,1.750000000,1.570000000,1.750000000
337,6739.994,1786876913021.483,11700839.419,0.000000000,0.000000000,0.000000000,-1.750000000,1.570000000,1.750000000,1.570000000,1.750000000
338,6759.993,1786876913041.482,11700859.417,0.000000000,0.000000000,0.000000000,-1.750000000,1.570000000,1.750000000,1.570000000,1.750000000
339,6779.993,1786876913061.482,11700879.417,0.000000000,0.000000000,0.000000000,-1.750000000,1.570000000,1.750000000,1.570000000,1.750000000
340,6799.991,1786876913081.480,11700899.415,0.000000000,0.000000000,0.000000000,-1.750000000,1.570000000,1.750000000,1.570000000,1.750000000
341,6819.992,1786876913101.481,11700919.416,0.000000000,0.000000000,0.000000000,-1.750000000,1.570000000,1.750000000,1.570000000,1.750000000
342,6839.991,1786876913121.480,11700939.415,0.000000000,0.000000000,0.000000000,-1.750000000,1.570000000,1.750000000,1.570000000,1.750000000
343,6859.993,1786876913141.482,11700959.417,0.000000000,0.000000000,0.000000000,-1.750000000,1.570000000,1.750000000,1.570000000,1.750000000
344,6879.998,1786876913161.488,11700979.423,0.000000000,0.000000000,0.000000000,-1.750000000,1.570000000,1.750000000,1.570000000,1.750000000
345,6899.997,1786876913181.487,11700999.422,0.000000000,0.000000000,0.000000000,-1.750000000,1.570000000,1.750000000,1.570000000,1.750000000
346,6919.997,1786876913201.486,11701019.421,0.000000000,0.000000000,0.000000000,-1.750000000,1.570000000,1.750000000,1.570000000,1.750000000
347,6939.996,1786876913221.485,11701039.420,0.000000000,0.000000000,0.000000000,-1.750000000,1.570000000,1.750000000,1.570000000,1.750000000
348,6959.994,1786876913241.483,11701059.418,0.000000000,0.000000000,0.000000000,-1.750000000,1.570000000,1.750000000,1.570000000,1.750000000
349,6979.995,1786876913261.484,11701079.419,0.000000000,0.000000000,0.000000000,-1.750000000,1.570000000,1.750000000,1.570000000,1.750000000
350,6999.995,1786876913281.484,11701099.419,0.000000000,0.000000000,0.000000000,-1.750000000,1.570000000,1.750000000,1.570000000,1.750000000
351,7019.996,1786876913301.485,11701119.420,0.000000000,0.000000000,0.000000000,-1.750000000,1.570000000,1.750000000,1.570000000,1.750000000
352,7039.994,1786876913321.483,11701139.418,0.000000000,0.000000000,0.000000000,-1.750000000,1.570000000,1.750000000,1.570000000,1.750000000
353,7059.995,1786876913341.484,11701159.419,0.000000000,0.000000000,0.000000000,-1.750000000,1.570000000,1.750000000,1.570000000,1.750000000
354,7079.992,1786876913361.482,11701179.417,0.000000000,0.000000000,0.000000000,-1.750000000,1.570000000,1.750000000,1.570000000,1.750000000
355,7099.992,1786876913381.481,11701199.416,0.000000000,0.000000000,0.000000000,-1.750000000,1.570000000,1.750000000,1.570000000,1.750000000
356,7119.992,1786876913401.481,11701219.416,0.000000000,0.000000000,0.000000000,-1.750000000,1.570000000,1.750000000,1.570000000,1.750000000
357,7139.993,1786876913421.483,11701239.418,0.000000000,0.000000000,0.000000000,-1.750000000,1.570000000,1.750000000,1.570000000,1.750000000
358,7159.992,1786876913441.481,11701259.416,0.000000000,0.000000000,0.000000000,-1.750000000,1.570000000,1.750000000,1.570000000,1.750000000
359,7179.991,1786876913461.481,11701279.416,0.000000000,0.000000000,0.000000000,-1.750000000,1.570000000,1.750000000,1.570000000,1.750000000
360,7199.993,1786876913481.483,11701299.418,0.000000000,0.000000000,0.000000000,-1.750000000,1.570000000,1.750000000,1.570000000,1.750000000
361,7219.993,1786876913501.482,11701319.417,0.000000000,0.000000000,0.000000000,-1.750000000,1.570000000,1.750000000,1.570000000,1.750000000
362,7239.992,1786876913521.481,11701339.416,0.000000000,0.000000000,0.000000000,-1.750000000,1.570000000,1.750000000,1.570000000,1.750000000
363,7259.994,1786876913541.483,11701359.418,0.000000000,0.000000000,0.000000000,-1.750000000,1.570000000,1.750000000,1.570000000,1.750000000
364,7279.995,1786876913561.485,11701379.420,0.000000000,0.000000000,0.000000000,-1.750000000,1.570000000,1.750000000,1.570000000,1.750000000
365,7299.991,1786876913581.481,11701399.416,0.000000000,0.000000000,0.000000000,-1.750000000,1.570000000,1.750000000,1.570000000,1.750000000
366,7319.993,1786876913601.483,11701419.418,0.000000000,0.000000000,0.000000000,-1.750000000,1.570000000,1.750000000,1.570000000,1.750000000
367,7339.995,1786876913621.485,11701439.420,0.000000000,0.000000000,0.000000000,-1.750000000,1.570000000,1.750000000,1.570000000,1.750000000
368,7359.994,1786876913641.483,11701459.418,0.000000000,0.000000000,0.000000000,-1.750000000,1.570000000,1.750000000,1.570000000,1.750000000
369,7379.992,1786876913661.482,11701479.417,0.000000000,0.000000000,0.000000000,-1.750000000,1.570000000,1.750000000,1.570000000,1.750000000
370,7399.992,1786876913681.482,11701499.417,0.000000000,0.000000000,0.000000000,-1.750000000,1.570000000,1.750000000,1.570000000,1.750000000
371,7419.995,1786876913701.484,11701519.419,0.000000000,0.000000000,0.000000000,-1.750000000,1.570000000,1.750000000,1.570000000,1.750000000
372,7439.993,1786876913721.482,11701539.417,0.000000000,0.000000000,0.000000000,-1.750000000,1.570000000,1.750000000,1.570000000,1.750000000
373,7459.994,1786876913741.484,11701559.419,0.000000000,0.000000000,0.000000000,-1.750000000,1.570000000,1.750000000,1.570000000,1.750000000
374,7479.992,1786876913761.482,11701579.417,0.000000000,0.000000000,0.000000000,-1.750000000,1.570000000,1.750000000,1.570000000,1.750000000
375,7499.991,1786876913781.480,11701599.415,0.000000000,0.000000000,0.000000000,-1.750000000,1.570000000,1.750000000,1.570000000,1.750000000
376,7519.993,1786876913801.483,11701619.418,0.000000000,0.000000000,0.000000000,-1.750000000,1.570000000,1.750000000,1.570000000,1.750000000
377,7539.991,1786876913821.481,11701639.416,0.000000000,0.000000000,0.000000000,-1.750000000,1.570000000,1.750000000,1.570000000,1.750000000
378,7559.993,1786876913841.483,11701659.418,0.000000000,0.000000000,0.000000000,-1.750000000,1.570000000,1.750000000,1.570000000,1.750000000
379,7579.994,1786876913861.484,11701679.419,0.000000000,0.000000000,0.000000000,-1.750000000,1.570000000,1.750000000,1.570000000,1.750000000
380,7599.990,1786876913881.479,11701699.414,0.000000000,0.000000000,0.000000000,-1.750000000,1.570000000,1.750000000,1.570000000,1.750000000
381,7619.994,1786876913901.483,11701719.418,0.000000000,0.000000000,0.000000000,-1.750000000,1.570000000,1.750000000,1.570000000,1.750000000
382,7639.991,1786876913921.481,11701739.415,0.000000000,0.000000000,0.000000000,-1.750000000,1.570000000,1.750000000,1.570000000,1.750000000
383,7659.994,1786876913941.483,11701759.418,0.000000000,0.000000000,0.000000000,-1.750000000,1.570000000,1.750000000,1.570000000,1.750000000
384,7679.992,1786876913961.482,11701779.417,0.000000000,0.000000000,0.000000000,-1.750000000,1.570000000,1.750000000,1.570000000,1.750000000
385,7699.991,1786876913981.481,11701799.415,0.000000000,0.000000000,0.000000000,-1.750000000,1.570000000,1.750000000,1.570000000,1.750000000
386,7719.993,1786876914001.483,11701819.418,0.000000000,0.000000000,0.000000000,-1.750000000,1.570000000,1.750000000,1.570000000,1.750000000
387,7739.991,1786876914021.480,11701839.415,0.000000000,0.000000000,0.000000000,-1.750000000,1.570000000,1.750000000,1.570000000,1.750000000
388,7759.992,1786876914041.482,11701859.417,0.000000000,0.000000000,0.000000000,-1.750000000,1.570000000,1.750000000,1.570000000,1.750000000
389,7779.992,1786876914061.481,11701879.416,0.000000000,0.000000000,0.000000000,-1.750000000,1.570000000,1.750000000,1.570000000,1.750000000
390,7799.991,1786876914081.480,11701899.415,0.000000000,0.000000000,0.000000000,-1.750000000,1.570000000,1.750000000,1.570000000,1.750000000
391,7819.994,1786876914101.483,11701919.418,0.000000000,0.000000000,0.000000000,-1.750000000,1.570000000,1.750000000,1.570000000,1.750000000
392,7839.992,1786876914121.481,11701939.416,0.000000000,0.000000000,0.000000000,-1.750000000,1.570000000,1.750000000,1.570000000,1.750000000
393,7859.993,1786876914141.483,11701959.418,0.000000000,0.000000000,0.000000000,-1.750000000,1.570000000,1.750000000,1.570000000,1.750000000
394,7879.992,1786876914161.481,11701979.416,0.000000000,0.000000000,0.000000000,-1.750000000,1.570000000,1.750000000,1.570000000,1.750000000
395,7899.991,1786876914181.481,11701999.416,0.000000000,0.000000000,0.000000000,-1.750000000,1.570000000,1.750000000,1.570000000,1.750000000
396,7919.993,1786876914201.482,11702019.417,0.000000000,0.000000000,0.000000000,-1.750000000,1.570000000,1.750000000,1.570000000,1.750000000
397,7939.992,1786876914221.481,11702039.416,0.000000000,0.000000000,0.000000000,-1.750000000,1.570000000,1.750000000,1.570000000,1.750000000
398,7959.992,1786876914241.481,11702059.416,0.000000000,0.000000000,0.000000000,-1.750000000,1.570000000,1.750000000,1.570000000,1.750000000
399,7979.994,1786876914261.483,11702079.418,0.000000000,0.000000000,0.000000000,-1.750000000,1.570000000,1.750000000,1.570000000,1.750000000
400,7999.991,1786876914281.481,11702099.416,0.000000000,0.000000000,0.000000000,-1.750000000,1.570000000,1.750000000,1.570000000,1.750000000
401,8019.994,1786876914301.483,11702119.418,0.000000000,0.000000000,0.000000000,-1.750000000,1.570000000,1.750000000,1.570000000,1.750000000
402,8039.992,1786876914321.481,11702139.416,0.000000000,0.000000000,0.000000000,-1.750000000,1.570000000,1.750000000,1.570000000,1.750000000
403,8059.992,1786876914341.481,11702159.416,0.000000000,0.000000000,0.000000000,-1.750000000,1.570000000,1.750000000,1.570000000,1.750000000
404,8079.995,1786876914361.485,11702179.420,0.000000000,0.000000000,0.000000000,-1.750000000,1.570000000,1.750000000,1.570000000,1.750000000
405,8099.991,1786876914381.480,11702199.415,0.000000000,0.000000000,0.000000000,-1.750000000,1.570000000,1.750000000,1.570000000,1.750000000
406,8119.994,1786876914401.483,11702219.418,0.000000000,0.000000000,0.000000000,-1.750000000,1.570000000,1.750000000,1.570000000,1.750000000
407,8139.995,1786876914421.484,11702239.419,0.000000000,0.000000000,0.000000000,-1.750000000,1.570000000,1.750000000,1.570000000,1.750000000
408,8159.994,1786876914441.484,11702259.419,0.000000000,0.000000000,0.000000000,-1.750000000,1.570000000,1.750000000,1.570000000,1.750000000
409,8179.992,1786876914461.481,11702279.416,0.000000000,0.000000000,0.000000000,-1.750000000,1.570000000,1.750000000,1.570000000,1.750000000
410,8199.991,1786876914481.481,11702299.416,0.000000000,0.000000000,0.000000000,-1.750000000,1.570000000,1.750000000,1.570000000,1.750000000
411,8219.994,1786876914501.483,11702319.418,0.000000000,0.000000000,0.000000000,-1.750000000,1.570000000,1.750000000,1.570000000,1.750000000
412,8239.991,1786876914521.480,11702339.415,0.000000000,0.000000000,0.000000000,-1.750000000,1.570000000,1.750000000,1.570000000,1.750000000
413,8259.992,1786876914541.482,11702359.417,0.000000000,0.000000000,0.000000000,-1.750000000,1.570000000,1.750000000,1.570000000,1.750000000
414,8279.992,1786876914561.482,11702379.417,0.000000000,0.000000000,0.000000000,-1.750000000,1.570000000,1.750000000,1.570000000,1.750000000
415,8299.992,1786876914581.481,11702399.416,0.000000000,0.000000000,0.000000000,-1.750000000,1.570000000,1.750000000,1.570000000,1.750000000
416,8319.994,1786876914601.483,11702419.418,0.000000000,0.000000000,0.000000000,-1.750000000,1.570000000,1.750000000,1.570000000,1.750000000
417,8339.991,1786876914621.481,11702439.415,0.000000000,0.000000000,0.000000000,-1.750000000,1.570000000,1.750000000,1.570000000,1.750000000
418,8359.993,1786876914641.482,11702459.417,0.000000000,0.000000000,0.000000000,-1.750000000,1.570000000,1.750000000,1.570000000,1.750000000
419,8379.991,1786876914661.481,11702479.415,0.000000000,0.000000000,0.000000000,-1.750000000,1.570000000,1.750000000,1.570000000,1.750000000
420,8399.991,1786876914681.481,11702499.416,0.000000000,0.000000000,0.000000000,-1.750000000,1.570000000,1.750000000,1.570000000,1.750000000
421,8419.996,1786876914701.485,11702519.420,0.000000000,0.000000000,0.000000000,-1.750000000,1.570000000,1.750000000,1.570000000,1.750000000
422,8439.993,1786876914721.483,11702539.418,0.000000000,0.000000000,0.000000000,-1.750000000,1.570000000,1.750000000,1.570000000,1.750000000
423,8459.995,1786876914741.484,11702559.420,0.000000000,0.000000000,0.000000000,-1.750000000,1.570000000,1.750000000,1.570000000,1.750000000
424,8479.994,1786876914761.484,11702579.419,0.000000000,0.000000000,0.000000000,-1.750000000,1.570000000,1.750000000,1.570000000,1.750000000
425,8499.993,1786876914781.482,11702599.417,0.000000000,0.000000000,0.000000000,-1.750000000,1.570000000,1.750000000,1.570000000,1.750000000
426,8519.992,1786876914801.481,11702619.416,0.000000000,0.000000000,0.000000000,-1.750000000,1.570000000,1.750000000,1.570000000,1.750000000
427,8539.991,1786876914821.481,11702639.416,0.000000000,0.000000000,0.000000000,-1.750000000,1.570000000,1.750000000,1.570000000,1.750000000
428,8559.993,1786876914841.483,11702659.418,0.000000000,0.000000000,0.000000000,-1.750000000,1.570000000,1.750000000,1.570000000,1.750000000
429,8579.991,1786876914861.481,11702679.416,0.000000000,0.000000000,0.000000000,-1.750000000,1.570000000,1.750000000,1.570000000,1.750000000
430,8599.991,1786876914881.480,11702699.415,0.000000000,0.000000000,0.000000000,-1.750000000,1.570000000,1.750000000,1.570000000,1.750000000
431,8619.994,1786876914901.484,11702719.419,0.000000000,0.000000000,0.000000000,-1.750000000,1.570000000,1.750000000,1.570000000,1.750000000
432,8639.991,1786876914921.481,11702739.416,0.000000000,0.000000000,0.000000000,-1.750000000,1.570000000,1.750000000,1.570000000,1.750000000
433,8659.992,1786876914941.482,11702759.417,0.000000000,0.000000000,0.000000000,-1.750000000,1.570000000,1.750000000,1.570000000,1.750000000
434,8679.992,1786876914961.481,11702779.416,0.000000000,0.000000000,0.000000000,-1.750000000,1.570000000,1.750000000,1.570000000,1.750000000
435,8699.991,1786876914981.481,11702799.416,0.000000000,0.000000000,0.000000000,-1.750000000,1.570000000,1.750000000,1.570000000,1.750000000
436,8719.993,1786876915001.483,11702819.418,0.000000000,0.000000000,0.000000000,-1.750000000,1.570000000,1.750000000,1.570000000,1.750000000
437,8739.995,1786876915021.484,11702839.419,0.000000000,0.000000000,0.000000000,-1.750000000,1.570000000,1.750000000,1.570000000,1.750000000
438,8759.992,1786876915041.482,11702859.417,0.000000000,0.000000000,0.000000000,-1.750000000,1.570000000,1.750000000,1.570000000,1.750000000
439,8779.991,1786876915061.481,11702879.416,0.000000000,0.000000000,0.000000000,-1.750000000,1.570000000,1.750000000,1.570000000,1.750000000
440,8799.992,1786876915081.481,11702899.416,0.000000000,0.000000000,0.000000000,-1.750000000,1.570000000,1.750000000,1.570000000,1.750000000
441,8819.993,1786876915101.483,11702919.418,0.000000000,0.000000000,0.000000000,-1.750000000,1.570000000,1.750000000,1.570000000,1.750000000
442,8839.991,1786876915121.480,11702939.415,0.000000000,0.000000000,0.000000000,-1.750000000,1.570000000,1.750000000,1.570000000,1.750000000
443,8859.993,1786876915141.482,11702959.417,0.000000000,0.000000000,0.000000000,-1.750000000,1.570000000,1.750000000,1.570000000,1.750000000
444,8879.992,1786876915161.482,11702979.417,0.000000000,0.000000000,0.000000000,-1.750000000,1.570000000,1.750000000,1.570000000,1.750000000
445,8899.991,1786876915181.480,11702999.415,0.000000000,0.000000000,0.000000000,-1.750000000,1.570000000,1.750000000,1.570000000,1.750000000
446,8919.992,1786876915201.482,11703019.417,0.000000000,0.000000000,0.000000000,-1.750000000,1.570000000,1.750000000,1.570000000,1.750000000
447,8939.991,1786876915221.480,11703039.415,0.000000000,0.000000000,0.000000000,-1.750000000,1.570000000,1.750000000,1.570000000,1.750000000
448,8959.991,1786876915241.480,11703059.415,0.000000000,0.000000000,0.000000000,-1.750000000,1.570000000,1.750000000,1.570000000,1.750000000
449,8979.992,1786876915261.482,11703079.417,0.000000000,0.000000000,0.000000000,-1.750000000,1.570000000,1.750000000,1.570000000,1.750000000
450,8999.990,1786876915281.479,11703099.415,0.000000000,0.000000000,0.000000000,-1.750000000,1.570000000,1.750000000,1.570000000,1.750000000
451,9019.993,1786876915301.482,11703119.417,0.000000000,0.000000000,0.000000000,-1.750000000,1.570000000,1.750000000,1.570000000,1.750000000
452,9039.991,1786876915321.480,11703139.415,0.000000000,0.000000000,0.000000000,-1.750000000,1.570000000,1.750000000,1.570000000,1.750000000
453,9059.993,1786876915341.482,11703159.417,0.000000000,0.000000000,0.000000000,-1.750000000,1.570000000,1.750000000,1.570000000,1.750000000
454,9079.992,1786876915361.481,11703179.416,0.000000000,0.000000000,0.000000000,-1.750000000,1.570000000,1.750000000,1.570000000,1.750000000
455,9099.992,1786876915381.482,11703199.417,0.000000000,0.000000000,0.000000000,-1.750000000,1.570000000,1.750000000,1.570000000,1.750000000
456,9119.994,1786876915401.483,11703219.418,0.000000000,0.000000000,0.000000000,-1.750000000,1.570000000,1.750000000,1.570000000,1.750000000
457,9139.992,1786876915421.481,11703239.416,0.000000000,0.000000000,0.000000000,-1.750000000,1.570000000,1.750000000,1.570000000,1.750000000
458,9159.993,1786876915441.482,11703259.417,0.000000000,0.000000000,0.000000000,-1.750000000,1.570000000,1.750000000,1.570000000,1.750000000
459,9179.993,1786876915461.482,11703279.417,0.000000000,0.000000000,0.000000000,-1.750000000,1.570000000,1.750000000,1.570000000,1.750000000
460,9199.994,1786876915481.484,11703299.419,0.000000000,0.000000000,0.000000000,-1.750000000,1.570000000,1.750000000,1.570000000,1.750000000
461,9219.993,1786876915501.482,11703319.417,0.000000000,0.000000000,0.000000000,-1.750000000,1.570000000,1.750000000,1.570000000,1.750000000
462,9239.993,1786876915521.482,11703339.417,0.000000000,0.000000000,0.000000000,-1.750000000,1.570000000,1.750000000,1.570000000,1.750000000
463,9259.993,1786876915541.482,11703359.417,0.000000000,0.000000000,0.000000000,-1.750000000,1.570000000,1.750000000,1.570000000,1.750000000
464,9279.994,1786876915561.483,11703379.418,0.000000000,0.000000000,0.000000000,-1.750000000,1.570000000,1.750000000,1.570000000,1.750000000
465,9299.994,1786876915581.483,11703399.418,0.000000000,0.000000000,0.000000000,-1.750000000,1.570000000,1.750000000,1.570000000,1.750000000
466,9319.994,1786876915601.483,11703419.418,0.000000000,0.000000000,0.000000000,-1.750000000,1.570000000,1.750000000,1.570000000,1.750000000
467,9339.992,1786876915621.481,11703439.416,0.000000000,0.000000000,0.000000000,-1.750000000,1.570000000,1.750000000,1.570000000,1.750000000
468,9359.993,1786876915641.482,11703459.417,0.000000000,0.000000000,0.000000000,-1.750000000,1.570000000,1.750000000,1.570000000,1.750000000
469,9379.992,1786876915661.482,11703479.417,0.000000000,0.000000000,0.000000000,-1.750000000,1.570000000,1.750000000,1.570000000,1.750000000
470,9399.991,1786876915681.481,11703499.416,0.000000000,0.000000000,0.000000000,-1.750000000,1.570000000,1.750000000,1.570000000,1.750000000
471,9419.993,1786876915701.482,11703519.417,0.000000000,0.000000000,0.000000000,-1.750000000,1.570000000,1.750000000,1.570000000,1.750000000
472,9439.991,1786876915721.481,11703539.416,0.000000000,0.000000000,0.000000000,-1.750000000,1.570000000,1.750000000,1.570000000,1.750000000
473,9459.992,1786876915741.481,11703559.416,0.000000000,0.000000000,0.000000000,-1.750000000,1.570000000,1.750000000,1.570000000,1.750000000
474,9479.994,1786876915761.483,11703579.418,0.000000000,0.000000000,0.000000000,-1.750000000,1.570000000,1.750000000,1.570000000,1.750000000
475,9499.991,1786876915781.480,11703599.415,0.000000000,0.000000000,0.000000000,-1.750000000,1.570000000,1.750000000,1.570000000,1.750000000
476,9519.994,1786876915801.483,11703619.418,0.000000000,0.000000000,0.000000000,-1.750000000,1.570000000,1.750000000,1.570000000,1.750000000
477,9539.991,1786876915821.480,11703639.415,0.000000000,0.000000000,0.000000000,-1.750000000,1.570000000,1.750000000,1.570000000,1.750000000
478,9559.993,1786876915841.482,11703659.417,0.000000000,0.000000000,0.000000000,-1.750000000,1.570000000,1.750000000,1.570000000,1.750000000
479,9579.992,1786876915861.481,11703679.416,0.000000000,0.000000000,0.000000000,-1.750000000,1.570000000,1.750000000,1.570000000,1.750000000
480,9599.991,1786876915881.481,11703699.416,0.000000000,0.000000000,0.000000000,-1.750000000,1.570000000,1.750000000,1.570000000,1.750000000
481,9619.994,1786876915901.484,11703719.419,0.000000000,0.000000000,0.000000000,-1.750000000,1.570000000,1.750000000,1.570000000,1.750000000
482,9639.992,1786876915921.481,11703739.416,0.000000000,0.000000000,0.000000000,-1.750000000,1.570000000,1.750000000,1.570000000,1.750000000
483,9659.993,1786876915941.482,11703759.417,0.000000000,0.000000000,0.000000000,-1.750000000,1.570000000,1.750000000,1.570000000,1.750000000
484,9679.992,1786876915961.482,11703779.417,0.000000000,0.000000000,0.000000000,-1.750000000,1.570000000,1.750000000,1.570000000,1.750000000
485,9699.993,1786876915981.483,11703799.418,0.000000000,0.000000000,0.000000000,-1.750000000,1.570000000,1.750000000,1.570000000,1.750000000
486,9719.994,1786876916001.483,11703819.418,0.000000000,0.000000000,0.000000000,-1.750000000,1.570000000,1.750000000,1.570000000,1.750000000
487,9739.993,1786876916021.482,11703839.417,0.000000000,0.000000000,0.000000000,-1.750000000,1.570000000,1.750000000,1.570000000,1.750000000
488,9759.992,1786876916041.481,11703859.416,0.000000000,0.000000000,0.000000000,-1.750000000,1.570000000,1.750000000,1.570000000,1.750000000
489,9779.993,1786876916061.482,11703879.417,0.000000000,0.000000000,0.000000000,-1.750000000,1.570000000,1.750000000,1.570000000,1.750000000
490,9799.993,1786876916081.482,11703899.417,0.000000000,0.000000000,0.000000000,-1.750000000,1.570000000,1.750000000,1.570000000,1.750000000
491,9819.993,1786876916101.482,11703919.417,0.000000000,0.000000000,0.000000000,-1.750000000,1.570000000,1.750000000,1.570000000,1.750000000
492,9839.993,1786876916121.483,11703939.418,0.000000000,0.000000000,0.000000000,-1.750000000,1.570000000,1.750000000,1.570000000,1.750000000
493,9859.992,1786876916141.482,11703959.417,0.000000000,0.000000000,0.000000000,-1.750000000,1.570000000,1.750000000,1.570000000,1.750000000
494,9879.993,1786876916161.482,11703979.417,0.000000000,0.000000000,0.000000000,-1.750000000,1.570000000,1.750000000,1.570000000,1.750000000
495,9899.992,1786876916181.481,11703999.416,0.000000000,0.000000000,0.000000000,-1.750000000,1.570000000,1.750000000,1.570000000,1.750000000
496,9919.993,1786876916201.483,11704019.418,0.000000000,0.000000000,0.000000000,-1.750000000,1.570000000,1.750000000,1.570000000,1.750000000
497,9939.992,1786876916221.482,11704039.417,0.000000000,0.000000000,0.000000000,-1.750000000,1.570000000,1.750000000,1.570000000,1.750000000
498,9959.991,1786876916241.481,11704059.416,0.000000000,0.000000000,0.000000000,-1.750000000,1.570000000,1.750000000,1.570000000,1.750000000
499,9979.992,1786876916261.481,11704079.416,0.000000000,0.000000000,0.000000000,-1.750000000,1.570000000,1.750000000,1.570000000,1.750000000
500,9999.991,1786876916281.480,11704099.415,0.000000000,0.000000000,0.000000000,-1.750000000,1.570000000,1.750000000,1.570000000,1.750000000
501,10019.992,1786876916301.482,11704119.417,0.000000000,0.000000000,0.000000000,-1.750000000,1.570000000,1.750000000,1.570000000,1.750000000
502,10039.991,1786876916321.481,11704139.415,0.000000000,0.000000000,0.000000000,-1.750000000,1.570000000,1.750000000,1.570000000,1.750000000
503,10059.992,1786876916341.481,11704159.416,0.000000000,0.000000000,0.000000000,-1.750000000,1.570000000,1.750000000,1.570000000,1.750000000
504,10079.994,1786876916361.484,11704179.419,0.000000000,0.000000000,0.000000000,-1.750000000,1.570000000,1.750000000,1.570000000,1.750000000
505,10099.994,1786876916381.484,11704199.419,0.000000000,0.000000000,0.000000000,-1.750000000,1.570000000,1.750000000,1.570000000,1.750000000
506,10119.996,1786876916401.485,11704219.420,0.000000000,0.000000000,0.000000000,-1.750000000,1.570000000,1.750000000,1.570000000,1.750000000
507,10139.992,1786876916421.482,11704239.417,0.000000000,0.000000000,0.000000000,-1.750000000,1.570000000,1.750000000,1.570000000,1.750000000
508,10159.993,1786876916441.482,11704259.417,0.000000000,0.000000000,0.000000000,-1.750000000,1.570000000,1.750000000,1.570000000,1.750000000
509,10179.992,1786876916461.482,11704279.417,0.000000000,0.000000000,0.000000000,-1.750000000,1.570000000,1.750000000,1.570000000,1.750000000
510,10199.991,1786876916481.480,11704299.415,0.000000000,0.000000000,0.000000000,-1.750000000,1.570000000,1.750000000,1.570000000,1.750000000
511,10219.992,1786876916501.482,11704319.417,0.000000000,0.000000000,0.000000000,-1.750000000,1.570000000,1.750000000,1.570000000,1.750000000
512,10239.991,1786876916521.481,11704339.416,0.000000000,0.000000000,0.000000000,-1.750000000,1.570000000,1.750000000,1.570000000,1.750000000
513,10259.992,1786876916541.481,11704359.416,0.000000000,0.000000000,0.000000000,-1.750000000,1.570000000,1.750000000,1.570000000,1.750000000
514,10279.992,1786876916561.481,11704379.416,0.000000000,0.000000000,0.000000000,-1.750000000,1.570000000,1.750000000,1.570000000,1.750000000
515,10299.991,1786876916581.481,11704399.416,0.000000000,0.000000000,0.000000000,-1.750000000,1.570000000,1.750000000,1.570000000,1.750000000
516,10319.994,1786876916601.483,11704419.418,0.000000000,0.000000000,0.000000000,-1.750000000,1.570000000,1.750000000,1.570000000,1.750000000
517,10339.991,1786876916621.480,11704439.415,0.000000000,0.000000000,0.000000000,-1.750000000,1.570000000,1.750000000,1.570000000,1.750000000
518,10359.992,1786876916641.481,11704459.416,0.000000000,0.000000000,0.000000000,-1.750000000,1.570000000,1.750000000,1.570000000,1.750000000
519,10379.992,1786876916661.482,11704479.417,0.000000000,0.000000000,0.000000000,-1.750000000,1.570000000,1.750000000,1.570000000,1.750000000
520,10399.995,1786876916681.484,11704499.419,0.000000000,0.000000000,0.000000000,-1.750000000,1.570000000,1.750000000,1.570000000,1.750000000
521,10419.993,1786876916701.482,11704519.417,0.000000000,0.000000000,0.000000000,-1.750000000,1.570000000,1.750000000,1.570000000,1.750000000
522,10439.991,1786876916721.481,11704539.416,0.000000000,0.000000000,0.000000000,-1.750000000,1.570000000,1.750000000,1.570000000,1.750000000
523,10459.992,1786876916741.481,11704559.416,0.000000000,0.000000000,0.000000000,-1.750000000,1.570000000,1.750000000,1.570000000,1.750000000
524,10479.992,1786876916761.481,11704579.416,0.000000000,0.000000000,0.000000000,-1.750000000,1.570000000,1.750000000,1.570000000,1.750000000
525,10499.991,1786876916781.481,11704599.416,0.000000000,0.000000000,0.000000000,-1.750000000,1.570000000,1.750000000,1.570000000,1.750000000
526,10519.991,1786876916801.481,11704619.416,0.000000000,0.000000000,0.000000000,-1.750000000,1.570000000,1.750000000,1.570000000,1.750000000
527,10539.992,1786876916821.481,11704639.416,0.000000000,0.000000000,0.000000000,-1.750000000,1.570000000,1.750000000,1.570000000,1.750000000
528,10559.993,1786876916841.482,11704659.417,0.000000000,0.000000000,0.000000000,-1.750000000,1.570000000,1.750000000,1.570000000,1.750000000
529,10579.993,1786876916861.482,11704679.417,0.000000000,0.000000000,0.000000000,-1.750000000,1.570000000,1.750000000,1.570000000,1.750000000
530,10599.993,1786876916881.482,11704699.417,0.000000000,0.000000000,0.000000000,-1.750000000,1.570000000,1.750000000,1.570000000,1.750000000
531,10619.994,1786876916901.483,11704719.418,0.000000000,0.000000000,0.000000000,-1.750000000,1.570000000,1.750000000,1.570000000,1.750000000
532,10639.992,1786876916921.481,11704739.416,0.000000000,0.000000000,0.000000000,-1.750000000,1.570000000,1.750000000,1.570000000,1.750000000
533,10659.992,1786876916941.481,11704759.416,0.000000000,0.000000000,0.000000000,-1.750000000,1.570000000,1.750000000,1.570000000,1.750000000
534,10679.992,1786876916961.482,11704779.417,0.000000000,0.000000000,0.000000000,-1.750000000,1.570000000,1.750000000,1.570000000,1.750000000
535,10699.991,1786876916981.480,11704799.415,0.000000000,0.000000000,0.000000000,-1.750000000,1.570000000,1.750000000,1.570000000,1.750000000
536,10720.002,1786876917001.491,11704819.426,0.000000000,0.000000000,0.000000000,-1.750000000,1.570000000,1.750000000,1.570000000,1.750000000
537,10739.994,1786876917021.483,11704839.418,0.000000000,0.000000000,0.000000000,-1.750000000,1.570000000,1.750000000,1.570000000,1.750000000
538,10759.994,1786876917041.484,11704859.419,0.000000000,0.000000000,0.000000000,-1.750000000,1.570000000,1.750000000,1.570000000,1.750000000
539,10779.993,1786876917061.483,11704879.418,0.000000000,0.000000000,0.000000000,-1.750000000,1.570000000,1.750000000,1.570000000,1.750000000
540,10799.993,1786876917081.482,11704899.417,0.000000000,0.000000000,0.000000000,-1.750000000,1.570000000,1.750000000,1.570000000,1.750000000
541,10819.991,1786876917101.481,11704919.416,0.000000000,0.000000000,0.000000000,-1.750000000,1.570000000,1.750000000,1.570000000,1.750000000
542,10839.993,1786876917121.482,11704939.417,0.000000000,0.000000000,0.000000000,-1.750000000,1.570000000,1.750000000,1.570000000,1.750000000
543,10859.992,1786876917141.481,11704959.416,0.000000000,0.000000000,0.000000000,-1.750000000,1.570000000,1.750000000,1.570000000,1.750000000
544,10879.992,1786876917161.482,11704979.417,0.000000000,0.000000000,0.000000000,-1.750000000,1.570000000,1.750000000,1.570000000,1.750000000
545,10899.992,1786876917181.481,11704999.416,0.000000000,0.000000000,0.000000000,-1.750000000,1.570000000,1.750000000,1.570000000,1.750000000
546,10919.993,1786876917201.482,11705019.417,0.000000000,0.000000000,0.000000000,-1.750000000,1.570000000,1.750000000,1.570000000,1.750000000
547,10939.993,1786876917221.482,11705039.417,0.000000000,0.000000000,0.000000000,-1.750000000,1.570000000,1.750000000,1.570000000,1.750000000
548,10959.993,1786876917241.482,11705059.417,0.000000000,0.000000000,0.000000000,-1.750000000,1.570000000,1.750000000,1.570000000,1.750000000
549,10979.994,1786876917261.483,11705079.418,0.000000000,0.000000000,0.000000000,-1.750000000,1.570000000,1.750000000,1.570000000,1.750000000
550,10999.993,1786876917281.482,11705099.417,0.000000000,0.000000000,0.000000000,-1.750000000,1.570000000,1.750000000,1.570000000,1.750000000
551,11019.993,1786876917301.482,11705119.417,0.000000000,0.000000000,0.000000000,-1.750000000,1.570000000,1.750000000,1.570000000,1.750000000
552,11039.999,1786876917321.488,11705139.423,0.000000000,0.000000000,0.000000000,-1.750000000,1.570000000,1.750000000,1.570000000,1.750000000
553,11059.994,1786876917341.483,11705159.418,0.000000000,0.000000000,0.000000000,-1.750000000,1.570000000,1.750000000,1.570000000,1.750000000
554,11079.994,1786876917361.483,11705179.418,0.000000000,0.000000000,0.000000000,-1.750000000,1.570000000,1.750000000,1.570000000,1.750000000
555,11099.993,1786876917381.483,11705199.418,0.000000000,0.000000000,0.000000000,-1.750000000,1.570000000,1.750000000,1.570000000,1.750000000
556,11119.992,1786876917401.482,11705219.417,0.000000000,0.000000000,0.000000000,-1.750000000,1.570000000,1.750000000,1.570000000,1.750000000
557,11139.991,1786876917421.481,11705239.416,0.000000000,0.000000000,0.000000000,-1.750000000,1.570000000,1.750000000,1.570000000,1.750000000
558,11159.991,1786876917441.481,11705259.416,0.000000000,0.000000000,0.000000000,-1.750000000,1.570000000,1.750000000,1.570000000,1.750000000
559,11179.992,1786876917461.481,11705279.416,0.000000000,0.000000000,0.000000000,-1.750000000,1.570000000,1.750000000,1.570000000,1.750000000
560,11199.992,1786876917481.482,11705299.417,0.000000000,0.000000000,0.000000000,-1.750000000,1.570000000,1.750000000,1.570000000,1.750000000
561,11219.992,1786876917501.481,11705319.416,0.000000000,0.000000000,0.000000000,-1.750000000,1.570000000,1.750000000,1.570000000,1.750000000
562,11239.992,1786876917521.482,11705339.417,0.000000000,0.000000000,0.000000000,-1.750000000,1.570000000,1.750000000,1.570000000,1.750000000
563,11259.994,1786876917541.483,11705359.418,0.000000000,0.000000000,0.000000000,-1.750000000,1.570000000,1.750000000,1.570000000,1.750000000
564,11279.992,1786876917561.482,11705379.417,0.000000000,0.000000000,0.000000000,-1.750000000,1.570000000,1.750000000,1.570000000,1.750000000
565,11299.991,1786876917581.480,11705399.415,0.000000000,0.000000000,0.000000000,-1.750000000,1.570000000,1.750000000,1.570000000,1.750000000
566,11319.992,1786876917601.481,11705419.416,0.000000000,0.000000000,0.000000000,-1.750000000,1.570000000,1.750000000,1.570000000,1.750000000
567,11339.992,1786876917621.481,11705439.416,0.000000000,0.000000000,0.000000000,-1.750000000,1.570000000,1.750000000,1.570000000,1.750000000
568,11359.992,1786876917641.481,11705459.416,0.000000000,0.000000000,0.000000000,-1.750000000,1.570000000,1.750000000,1.570000000,1.750000000
569,11379.992,1786876917661.481,11705479.416,0.000000000,0.000000000,0.000000000,-1.750000000,1.570000000,1.750000000,1.570000000,1.750000000
570,11399.993,1786876917681.482,11705499.417,0.000000000,0.000000000,0.000000000,-1.750000000,1.570000000,1.750000000,1.570000000,1.750000000
571,11419.991,1786876917701.481,11705519.416,0.000000000,0.000000000,0.000000000,-1.750000000,1.570000000,1.750000000,1.570000000,1.750000000
572,11439.992,1786876917721.482,11705539.417,0.000000000,0.000000000,0.000000000,-1.750000000,1.570000000,1.750000000,1.570000000,1.750000000
573,11459.991,1786876917741.481,11705559.416,0.000000000,0.000000000,0.000000000,-1.750000000,1.570000000,1.750000000,1.570000000,1.750000000
574,11479.993,1786876917761.483,11705579.418,0.000000000,0.000000000,0.000000000,-1.750000000,1.570000000,1.750000000,1.570000000,1.750000000
575,11499.991,1786876917781.481,11705599.416,0.000000000,0.000000000,0.000000000,-1.750000000,1.570000000,1.750000000,1.570000000,1.750000000
576,11519.995,1786876917801.485,11705619.420,0.000000000,0.000000000,0.000000000,-1.750000000,1.570000000,1.750000000,1.570000000,1.750000000
577,11539.994,1786876917821.483,11705639.418,0.000000000,0.000000000,0.000000000,-1.750000000,1.570000000,1.750000000,1.570000000,1.750000000
578,11559.992,1786876917841.482,11705659.417,0.000000000,0.000000000,0.000000000,-1.750000000,1.570000000,1.750000000,1.570000000,1.750000000
579,11579.992,1786876917861.481,11705679.416,0.000000000,0.000000000,0.000000000,-1.750000000,1.570000000,1.750000000,1.570000000,1.750000000
580,11599.992,1786876917881.482,11705699.417,0.000000000,0.000000000,0.000000000,-1.750000000,1.570000000,1.750000000,1.570000000,1.750000000
581,11619.992,1786876917901.481,11705719.416,0.000000000,0.000000000,0.000000000,-1.750000000,1.570000000,1.750000000,1.570000000,1.750000000
582,11639.991,1786876917921.480,11705739.415,0.000000000,0.000000000,0.000000000,-1.750000000,1.570000000,1.750000000,1.570000000,1.750000000
583,11659.991,1786876917941.481,11705759.416,0.000000000,0.000000000,0.000000000,-1.750000000,1.570000000,1.750000000,1.570000000,1.750000000
584,11679.993,1786876917961.482,11705779.417,0.000000000,0.000000000,0.000000000,-1.750000000,1.570000000,1.750000000,1.570000000,1.750000000
585,11699.993,1786876917981.482,11705799.417,0.000000000,0.000000000,0.000000000,-1.750000000,1.570000000,1.750000000,1.570000000,1.750000000
586,11719.992,1786876918001.481,11705819.416,0.000000000,0.000000000,0.000000000,-1.750000000,1.570000000,1.750000000,1.570000000,1.750000000
587,11740.005,1786876918021.494,11705839.429,0.000000000,0.000000000,0.000000000,-1.750000000,1.570000000,1.750000000,1.570000000,1.750000000
588,11759.994,1786876918041.484,11705859.419,0.000000000,0.000000000,0.000000000,-1.750000000,1.570000000,1.750000000,1.570000000,1.750000000
589,11779.992,1786876918061.482,11705879.417,0.000000000,0.000000000,0.000000000,-1.750000000,1.570000000,1.750000000,1.570000000,1.750000000
590,11799.994,1786876918081.483,11705899.418,0.000000000,0.000000000,0.000000000,-1.750000000,1.570000000,1.750000000,1.570000000,1.750000000
591,11819.995,1786876918101.484,11705919.419,0.000000000,0.000000000,0.000000000,-1.750000000,1.570000000,1.750000000,1.570000000,1.750000000
592,11839.998,1786876918121.487,11705939.422,0.000000000,0.000000000,0.000000000,-1.750000000,1.570000000,1.750000000,1.570000000,1.750000000
593,11859.996,1786876918141.486,11705959.420,0.000000000,0.000000000,0.000000000,-1.750000000,1.570000000,1.750000000,1.570000000,1.750000000
594,11879.999,1786876918161.489,11705979.424,0.000000000,0.000000000,0.000000000,-1.750000000,1.570000000,1.750000000,1.570000000,1.750000000
595,11899.997,1786876918181.486,11705999.421,0.000000000,0.000000000,0.000000000,-1.750000000,1.570000000,1.750000000,1.570000000,1.750000000
596,11919.997,1786876918201.487,11706019.422,0.000000000,0.000000000,0.000000000,-1.750000000,1.570000000,1.750000000,1.570000000,1.750000000
597,11939.995,1786876918221.485,11706039.420,0.000000000,0.000000000,0.000000000,-1.750000000,1.570000000,1.750000000,1.570000000,1.750000000
598,11959.993,1786876918241.483,11706059.418,0.000000000,0.000000000,0.000000000,-1.750000000,1.570000000,1.750000000,1.570000000,1.750000000
599,11979.996,1786876918261.486,11706079.420,0.000000000,0.000000000,0.000000000,-1.750000000,1.570000000,1.750000000,1.570000000,1.750000000
600,11999.992,1786876918281.482,11706099.417,0.000000000,0.000000000,0.000000000,-1.750000000,1.570000000,1.750000000,1.570000000,1.750000000
601,12019.993,1786876918301.483,11706119.418,0.000000000,0.000000000,0.000000000,-1.750000000,1.570000000,1.750000000,1.570000000,1.750000000
602,12039.992,1786876918321.482,11706139.417,0.000000000,0.000000000,0.000000000,-1.750000000,1.570000000,1.750000000,1.570000000,1.750000000
603,12059.992,1786876918341.481,11706159.416,0.000000000,0.000000000,0.000000000,-1.750000000,1.570000000,1.750000000,1.570000000,1.750000000
604,12079.998,1786876918361.487,11706179.422,0.000000000,0.000000000,0.000000000,-1.750000000,1.570000000,1.750000000,1.570000000,1.750000000
605,12099.999,1786876918381.488,11706199.423,0.000000000,0.000000000,0.000000000,-1.750000000,1.570000000,1.750000000,1.570000000,1.750000000
606,12119.993,1786876918401.483,11706219.418,0.000000000,0.000000000,0.000000000,-1.750000000,1.570000000,1.750000000,1.570000000,1.750000000
607,12139.998,1786876918421.488,11706239.423,0.000000000,0.000000000,0.000000000,-1.750000000,1.570000000,1.750000000,1.570000000,1.750000000
608,12159.997,1786876918441.486,11706259.421,0.000000000,0.000000000,0.000000000,-1.750000000,1.570000000,1.750000000,1.570000000,1.750000000
609,12179.996,1786876918461.485,11706279.420,0.000000000,0.000000000,0.000000000,-1.750000000,1.570000000,1.750000000,1.570000000,1.750000000
610,12199.996,1786876918481.485,11706299.420,0.000000000,0.000000000,0.000000000,-1.750000000,1.570000000,1.750000000,1.570000000,1.750000000
611,12219.994,1786876918501.483,11706319.418,0.000000000,0.000000000,0.000000000,-1.750000000,1.570000000,1.750000000,1.570000000,1.750000000
612,12239.995,1786876918521.484,11706339.419,0.000000000,0.000000000,0.000000000,-1.750000000,1.570000000,1.750000000,1.570000000,1.750000000
613,12259.998,1786876918541.488,11706359.423,0.000000000,0.000000000,0.000000000,-1.750000000,1.570000000,1.750000000,1.570000000,1.750000000
614,12279.996,1786876918561.485,11706379.420,0.000000000,0.000000000,0.000000000,-1.750000000,1.570000000,1.750000000,1.570000000,1.750000000
615,12299.994,1786876918581.483,11706399.418,0.000000000,0.000000000,0.000000000,-1.750000000,1.570000000,1.750000000,1.570000000,1.750000000
616,12319.994,1786876918601.483,11706419.418,0.000000000,0.000000000,0.000000000,-1.750000000,1.570000000,1.750000000,1.570000000,1.750000000
617,12339.993,1786876918621.482,11706439.417,0.000000000,0.000000000,0.000000000,-1.750000000,1.570000000,1.750000000,1.570000000,1.750000000
618,12359.991,1786876918641.481,11706459.416,0.000000000,0.000000000,0.000000000,-1.750000000,1.570000000,1.750000000,1.570000000,1.750000000
619,12379.996,1786876918661.485,11706479.420,0.000000000,0.000000000,0.000000000,-1.750000000,1.570000000,1.750000000,1.570000000,1.750000000
620,12399.992,1786876918681.482,11706499.417,0.000000000,0.000000000,0.000000000,-1.750000000,1.570000000,1.750000000,1.570000000,1.750000000
621,12419.994,1786876918701.484,11706519.419,0.000000000,0.000000000,0.000000000,-1.750000000,1.570000000,1.750000000,1.570000000,1.750000000
622,12439.999,1786876918721.488,11706539.423,0.000000000,0.000000000,0.000000000,-1.750000000,1.570000000,1.750000000,1.570000000,1.750000000
623,12459.998,1786876918741.488,11706559.423,0.000000000,0.000000000,0.000000000,-1.750000000,1.570000000,1.750000000,1.570000000,1.750000000
624,12479.996,1786876918761.485,11706579.420,0.000000000,0.000000000,0.000000000,-1.750000000,1.570000000,1.750000000,1.570000000,1.750000000
625,12499.998,1786876918781.488,11706599.423,0.000000000,0.000000000,0.000000000,-1.750000000,1.570000000,1.750000000,1.570000000,1.750000000
626,12519.995,1786876918801.485,11706619.420,0.000000000,0.000000000,0.000000000,-1.750000000,1.570000000,1.750000000,1.570000000,1.750000000
627,12539.997,1786876918821.486,11706639.421,0.000000000,0.000000000,0.000000000,-1.750000000,1.570000000,1.750000000,1.570000000,1.750000000
628,12559.995,1786876918841.485,11706659.420,0.000000000,0.000000000,0.000000000,-1.750000000,1.570000000,1.750000000,1.570000000,1.750000000
629,12579.997,1786876918861.487,11706679.422,0.000000000,0.000000000,0.000000000,-1.750000000,1.570000000,1.750000000,1.570000000,1.750000000
630,12599.995,1786876918881.484,11706699.419,0.000000000,0.000000000,0.000000000,-1.750000000,1.570000000,1.750000000,1.570000000,1.750000000
631,12619.997,1786876918901.486,11706719.421,0.000000000,0.000000000,0.000000000,-1.750000000,1.570000000,1.750000000,1.570000000,1.750000000
632,12639.997,1786876918921.487,11706739.422,0.000000000,0.000000000,0.000000000,-1.750000000,1.570000000,1.750000000,1.570000000,1.750000000
633,12659.996,1786876918941.485,11706759.420,0.000000000,0.000000000,0.000000000,-1.750000000,1.570000000,1.750000000,1.570000000,1.750000000
634,12679.993,1786876918961.483,11706779.418,0.000000000,0.000000000,0.000000000,-1.750000000,1.570000000,1.750000000,1.570000000,1.750000000
635,12699.996,1786876918981.485,11706799.420,0.000000000,0.000000000,0.000000000,-1.750000000,1.570000000,1.750000000,1.570000000,1.750000000
636,12719.992,1786876919001.481,11706819.416,0.000000000,0.000000000,0.000000000,-1.750000000,1.570000000,1.750000000,1.570000000,1.750000000
637,12739.995,1786876919021.484,11706839.419,0.000000000,0.000000000,0.000000000,-1.750000000,1.570000000,1.750000000,1.570000000,1.750000000
638,12759.998,1786876919041.488,11706859.423,0.000000000,0.000000000,0.000000000,-1.750000000,1.570000000,1.750000000,1.570000000,1.750000000
639,12779.995,1786876919061.484,11706879.419,0.000000000,0.000000000,0.000000000,-1.750000000,1.570000000,1.750000000,1.570000000,1.750000000
640,12799.997,1786876919081.487,11706899.421,0.000000000,0.000000000,0.000000000,-1.750000000,1.570000000,1.750000000,1.570000000,1.750000000
641,12819.996,1786876919101.485,11706919.420,0.000000000,0.000000000,0.000000000,-1.750000000,1.570000000,1.750000000,1.570000000,1.750000000
642,12839.997,1786876919121.486,11706939.421,0.000000000,0.000000000,0.000000000,-1.750000000,1.570000000,1.750000000,1.570000000,1.750000000
643,12859.998,1786876919141.488,11706959.423,0.000000000,0.000000000,0.000000000,-1.750000000,1.570000000,1.750000000,1.570000000,1.750000000
644,12879.998,1786876919161.487,11706979.422,0.000000000,0.000000000,0.000000000,-1.750000000,1.570000000,1.750000000,1.570000000,1.750000000
645,12899.996,1786876919181.486,11706999.420,0.000000000,0.000000000,0.000000000,-1.750000000,1.570000000,1.750000000,1.570000000,1.750000000
646,12920.001,1786876919201.491,11707019.426,0.000000000,0.000000000,0.000000000,-1.750000000,1.570000000,1.750000000,1.570000000,1.750000000
647,12939.999,1786876919221.489,11707039.424,0.000000000,0.000000000,0.000000000,-1.750000000,1.570000000,1.750000000,1.570000000,1.750000000
648,12960.000,1786876919241.490,11707059.425,0.000000000,0.000000000,0.000000000,-1.750000000,1.570000000,1.750000000,1.570000000,1.750000000
649,12979.996,1786876919261.486,11707079.421,0.000000000,0.000000000,0.000000000,-1.750000000,1.570000000,1.750000000,1.570000000,1.750000000
650,12999.997,1786876919281.487,11707099.422,0.000000000,0.000000000,0.000000000,-1.750000000,1.570000000,1.750000000,1.570000000,1.750000000
651,13019.995,1786876919301.485,11707119.420,0.000000000,0.000000000,0.000000000,-1.750000000,1.570000000,1.750000000,1.570000000,1.750000000
652,13039.996,1786876919321.486,11707139.420,0.000000000,0.000000000,0.000000000,-1.750000000,1.570000000,1.750000000,1.570000000,1.750000000
653,13059.994,1786876919341.483,11707159.418,0.000000000,0.000000000,0.000000000,-1.750000000,1.570000000,1.750000000,1.570000000,1.750000000
654,13079.997,1786876919361.486,11707179.421,0.000000000,0.000000000,0.000000000,-1.750000000,1.570000000,1.750000000,1.570000000,1.750000000
655,13099.994,1786876919381.483,11707199.418,0.000000000,0.000000000,0.000000000,-1.750000000,1.570000000,1.750000000,1.570000000,1.750000000
656,13119.993,1786876919401.482,11707219.417,0.000000000,0.000000000,0.000000000,-1.750000000,1.570000000,1.750000000,1.570000000,1.750000000
657,13139.994,1786876919421.484,11707239.419,0.000000000,0.000000000,0.000000000,-1.750000000,1.570000000,1.750000000,1.570000000,1.750000000
658,13159.994,1786876919441.483,11707259.418,0.000000000,0.000000000,0.000000000,-1.750000000,1.570000000,1.750000000,1.570000000,1.750000000
659,13179.993,1786876919461.482,11707279.417,0.000000000,0.000000000,0.000000000,-1.750000000,1.570000000,1.750000000,1.570000000,1.750000000
660,13199.995,1786876919481.484,11707299.420,0.000000000,0.000000000,0.000000000,-1.750000000,1.570000000,1.750000000,1.570000000,1.750000000
661,13219.998,1786876919501.487,11707319.422,0.000000000,0.000000000,0.000000000,-1.750000000,1.570000000,1.750000000,1.570000000,1.750000000
662,13239.996,1786876919521.485,11707339.420,0.000000000,0.000000000,0.000000000,-1.750000000,1.570000000,1.750000000,1.570000000,1.750000000
663,13259.995,1786876919541.484,11707359.419,0.000000000,0.000000000,0.000000000,-1.750000000,1.570000000,1.750000000,1.570000000,1.750000000
664,13279.998,1786876919561.488,11707379.423,0.000000000,0.000000000,0.000000000,-1.750000000,1.570000000,1.750000000,1.570000000,1.750000000
665,13299.997,1786876919581.487,11707399.422,0.000000000,0.000000000,0.000000000,-1.750000000,1.570000000,1.750000000,1.570000000,1.750000000
666,13319.998,1786876919601.488,11707419.423,0.000000000,0.000000000,0.000000000,-1.750000000,1.570000000,1.750000000,1.570000000,1.750000000
667,13339.995,1786876919621.485,11707439.420,0.000000000,0.000000000,0.000000000,-1.750000000,1.570000000,1.750000000,1.570000000,1.750000000
668,13359.994,1786876919641.484,11707459.419,0.000000000,0.000000000,0.000000000,-1.750000000,1.570000000,1.750000000,1.570000000,1.750000000
669,13379.995,1786876919661.485,11707479.420,0.000000000,0.000000000,0.000000000,-1.750000000,1.570000000,1.750000000,1.570000000,1.750000000
670,13399.995,1786876919681.484,11707499.419,0.000000000,0.000000000,0.000000000,-1.750000000,1.570000000,1.750000000,1.570000000,1.750000000
671,13420.037,1786876919701.526,11707519.461,0.000000000,0.000000000,0.000000000,-1.750000000,1.570000000,1.750000000,1.570000000,1.750000000
672,13440.034,1786876919721.524,11707539.459,0.000000000,0.000000000,0.000000000,-1.750000000,1.570000000,1.750000000,1.570000000,1.750000000
673,13460.037,1786876919741.526,11707559.461,0.000000000,0.000000000,0.000000000,-1.750000000,1.570000000,1.750000000,1.570000000,1.750000000
674,13480.035,1786876919761.525,11707579.460,0.000000000,0.000000000,0.000000000,-1.750000000,1.570000000,1.750000000,1.570000000,1.750000000
675,13500.038,1786876919781.527,11707599.462,0.000000000,0.000000000,0.000000000,-1.750000000,1.570000000,1.750000000,1.570000000,1.750000000
676,13520.035,1786876919801.525,11707619.460,0.000000000,0.000000000,0.000000000,-1.750000000,1.570000000,1.750000000,1.570000000,1.750000000
677,13540.002,1786876919821.491,11707639.426,0.000000000,0.000000000,0.000000000,-1.750000000,1.570000000,1.750000000,1.570000000,1.750000000
