index,time_ms,time_realtime_ms,time_monotonic_ms,ros_timestamp,left_hand_dq_0,left_hand_dq_1,left_hand_dq_2,left_hand_dq_3,left_hand_dq_4,left_hand_dq_5,left_hand_dq_6
0,0.000,1786884190706.506,18978524.441,0.000000000,0.000464994,-0.151683569,-0.011128440,0.005363985,0.006317862,0.005388409,0.006293823
1,20.002,1786884190726.508,18978544.443,0.000000000,0.000861557,-0.262602389,0.121444240,-0.138849586,-0.129537702,-0.119430527,-0.126670063
2,39.996,1786884190746.502,18978564.437,0.000000000,0.001140157,-0.348811597,0.572252512,-0.575633764,-0.570520639,-0.540487349,-0.565300643
3,59.995,1786884190766.500,18978584.436,0.000000000,-0.068610638,0.069722638,0.919163048,-0.764221847,-0.746844649,-0.763084412,-0.746681571
4,79.999,1786884190786.504,18978604.439,0.000000000,-0.004150068,-0.075864278,1.153910995,-1.025708079,-1.018631339,-1.041753292,-1.021010399
5,100.015,1786884190806.521,18978624.456,0.000000000,-0.000158223,-0.139634088,1.244822979,-1.127152562,-1.125092983,-1.151906252,-1.128758311
6,120.007,1786884190826.513,18978644.448,0.000000000,0.001108491,-0.254761726,1.385998487,-1.274291277,-1.291045427,-1.297688603,-1.294515014
7,140.017,1786884190846.522,18978664.458,0.000000000,0.001022854,-0.337920159,1.462486029,-1.357411146,-1.384969473,-1.361206770,-1.385542512
8,160.018,1786884190866.524,18978684.459,0.000000000,0.000844032,-0.433706641,1.516769886,-1.439791560,-1.461877942,-1.409208775,-1.457349896
9,180.017,1786884190886.522,18978704.458,0.000000000,0.000854418,-0.527855814,1.568518639,-1.533334970,-1.541567445,-1.486241460,-1.534637690
10,200.008,1786884190906.514,18978724.449,0.000000000,0.000964588,-0.571549177,1.585467815,-1.594848037,-1.576975942,-1.555899739,-1.571182370
11,220.003,1786884190926.509,18978744.444,0.000000000,0.001006420,-0.622950077,1.609343767,-1.754727244,-1.642976999,-1.729006529,-1.638868213
12,240.006,1786884190946.512,18978764.447,0.000000000,0.000989757,-0.615447998,1.620497942,-1.818042278,-1.668633223,-1.804684758,-1.666400790
13,260.006,1786884190966.511,18978784.447,0.000000000,0.001043692,-0.430541486,1.660517097,-1.852458358,-1.695042968,-1.838076830,-1.694240808
14,280.011,1786884190986.517,18978804.452,0.000000000,0.001380469,-0.263481438,1.690776706,-1.818976760,-1.701126218,-1.817752123,-1.702117443
15,299.999,1786884191006.505,18978824.440,0.000000000,0.001453018,-0.088946469,1.721056223,-1.758403182,-1.703312039,-1.776539087,-1.706648231
16,319.992,1786884191026.498,18978844.433,0.000000000,0.001352044,-0.029020183,1.733415008,-1.736893177,-1.703949809,-1.751302958,-1.706893325
17,339.992,1786884191046.498,18978864.433,0.000000000,0.001470296,-0.004397708,1.756220937,-1.695617199,-1.702262044,-1.704905391,-1.704629064
18,359.992,1786884191066.498,18978884.433,0.000000000,0.001551438,-0.004092068,1.764442801,-1.694621444,-1.705487132,-1.703641415,-1.707166910
19,379.997,1786884191086.503,18978904.438,0.000000000,0.001446752,-0.005828212,1.767640352,-1.695435286,-1.709531069,-1.700060725,-1.710121036
20,399.993,1786884191106.499,18978924.434,0.000000000,0.001230755,-0.007499257,1.769694209,-1.668033481,-1.712004185,-1.658133388,-1.710452199
21,419.993,1786884191126.499,18978944.434,0.000000000,0.001238400,-0.008180529,1.770350695,-1.644454002,-1.712116957,-1.635009170,-1.710389972
22,439.990,1786884191146.496,18978964.431,0.000000000,0.001118235,-0.009436278,1.768839359,-1.613025784,-1.713997126,-1.618120909,-1.713925719
23,459.997,1786884191166.503,18978984.438,0.000000000,0.001068691,-0.009488004,1.766860247,-1.616076350,-1.716009855,-1.628685594,-1.717223525
24,479.992,1786884191186.498,18979004.433,0.000000000,0.001130261,-0.012689157,1.758068562,-1.670640826,-1.724452615,-1.703809381,-1.728743911
25,499.991,1786884191206.498,18979024.432,0.000000000,0.001188090,-0.010746273,1.753837228,-1.701749802,-1.728465438,-1.740506291,-1.733457804
26,519.991,1786884191226.497,18979044.432,0.000000000,0.001274711,-0.010401890,1.747586131,-1.742252350,-1.734607220,-1.791668177,-1.740441322
27,539.992,1786884191246.498,18979064.433,0.000000000,0.001261039,-0.009494340,1.746392369,-1.750615954,-1.736208439,-1.795222521,-1.741275430
28,559.993,1786884191266.499,18979084.434,0.000000000,0.001359316,-0.008691519,1.748957276,-1.734572649,-1.735323429,-1.765527248,-1.738684416
29,579.990,1786884191286.496,18979104.431,0.000000000,0.001460201,-0.007760587,1.753921032,-1.704068661,-1.732613921,-1.715596199,-1.733485460
30,599.995,1786884191306.501,18979124.436,0.000000000,0.001412695,-0.007329271,1.756031632,-1.692968488,-1.730644584,-1.692320466,-1.730450988
31,619.991,1786884191326.497,18979144.432,0.000000000,0.001368013,-0.007120542,1.757341743,-1.685931087,-1.727071047,-1.667063832,-1.725665569
32,640.002,1786884191346.508,18979164.443,0.000000000,0.001408730,-0.007222968,1.757064700,-1.684184313,-1.725492597,-1.663033366,-1.723911524
33,659.994,1786884191366.500,18979184.435,0.000000000,0.001198330,-0.007537304,1.754870415,-1.689615369,-1.722976446,-1.662954330,-1.721663117
34,679.995,1786884191386.500,18979204.436,0.000000000,0.001156826,-0.007880420,1.752954125,-1.693136096,-1.721863747,-1.666004777,-1.721052408
35,699.997,1786884191406.503,18979224.438,0.000000000,0.001201900,-0.008502448,1.750406981,-1.700801492,-1.722815990,-1.672137380,-1.721791863
36,719.994,1786884191426.500,18979244.434,0.000000000,0.001328985,-0.008862852,1.748839855,-1.703361034,-1.723770380,-1.680737376,-1.722485900
37,740.000,1786884191446.506,18979264.441,0.000000000,0.001402895,-0.009800522,1.743233204,-1.720625043,-1.726971626,-1.719390869,-1.724891305
38,760.001,1786884191466.507,18979284.442,0.000000000,0.001354842,-0.009833127,1.737849474,-1.734671354,-1.726841569,-1.749484301,-1.725546837
39,779.995,1786884191486.501,18979304.436,0.000000000,0.001266885,-0.009335191,1.734177709,-1.744106054,-1.725934744,-1.760584116,-1.724850535
40,799.993,1786884191506.499,18979324.434,0.000000000,0.001181050,-0.008406697,1.734660983,-1.733104229,-1.724421382,-1.743757010,-1.723591924
41,819.995,1786884191526.501,18979344.436,0.000000000,0.001178463,-0.008388421,1.736071110,-1.724567056,-1.724515796,-1.733029604,-1.723750472
42,839.992,1786884191546.498,18979364.433,0.000000000,0.001176737,-0.008527248,1.742020011,-1.707854033,-1.728219390,-1.708760619,-1.727357030
43,860.007,1786884191566.513,18979384.448,0.000000000,0.001179702,-0.008650644,1.744568229,-1.702595472,-1.730308652,-1.701846600,-1.729640722
44,880.006,1786884191586.512,18979404.447,0.000000000,0.001218083,-0.008431954,1.747638702,-1.690267324,-1.731342673,-1.690678596,-1.732613802
45,899.995,1786884191606.501,18979424.436,0.000000000,0.001317406,-0.008391135,1.748320937,-1.686126232,-1.731566548,-1.685794830,-1.733062267
46,919.997,1786884191626.502,18979444.437,0.000000000,0.001456919,-0.007716117,1.749259114,-1.669493198,-1.729957700,-1.666945100,-1.731762528
47,939.994,1786884191646.500,18979464.435,0.000000000,0.001446635,-0.007805671,1.749173045,-1.661138058,-1.729159474,-1.656352282,-1.730535746
48,959.996,1786884191666.502,18979484.437,0.000000000,0.001405885,-0.007995404,1.748397827,-1.656597614,-1.728624225,-1.651039004,-1.729547381
49,979.992,1786884191686.498,18979504.433,0.000000000,0.001387261,-0.008463837,1.747011304,-1.658653259,-1.729234695,-1.652507782,-1.729180217
50,999.994,1786884191706.500,18979524.435,0.000000000,0.001410358,-0.008410704,1.746369123,-1.658322096,-1.729654074,-1.654141784,-1.728950977
51,1019.992,1786884191726.498,18979544.433,0.000000000,0.001435310,-0.008325454,1.744603276,-1.655050159,-1.729912996,-1.657959461,-1.727959394
52,1039.993,1786884191746.499,18979564.434,0.000000000,0.001443322,-0.008231292,1.743015885,-1.651806593,-1.729177833,-1.656755686,-1.727077246
53,1059.992,1786884191766.498,18979584.433,0.000000000,0.001430152,-0.008205015,1.740885377,-1.622997284,-1.727997780,-1.622400284,-1.726107836
54,1080.007,1786884191786.512,18979604.447,0.000000000,0.001394821,-0.008240123,1.739949226,-1.580311418,-1.727625370,-1.577008724,-1.726016164
55,1100.000,1786884191806.505,18979624.440,0.000000000,0.001320895,-0.008491335,1.738415956,-1.452301741,-1.727625132,-1.447080135,-1.726547360
56,1120.003,1786884191826.509,18979644.444,0.000000000,0.001292364,-0.008665184,1.737597227,-1.329784751,-1.728132606,-1.325539827,-1.727469444
57,1139.997,1786884191846.503,18979664.438,0.000000000,0.001267788,-0.008852883,1.700151801,-1.147642970,-1.730101347,-1.144932985,-1.729694843
58,1159.992,1786884191866.498,18979684.433,0.000000000,0.001261108,-0.008935173,1.650332451,-1.052761912,-1.731238127,-1.051051736,-1.730963111
59,1179.993,1786884191886.499,18979704.434,0.000000000,0.001241469,-0.008988193,1.505830526,-0.862507224,-1.705316544,-0.861788511,-1.705825686
60,1199.995,1786884191906.500,18979724.436,0.000000000,0.001220655,-0.009024902,1.369468689,-0.722665370,-1.632289052,-0.722950578,-1.633120418
61,1219.992,1786884191926.498,18979744.433,0.000000000,0.001202113,-0.009008996,1.218597770,-0.588070691,-1.523899317,-0.589270890,-1.525018573
62,1239.991,1786884191946.497,18979764.432,0.000000000,0.001185971,-0.009061535,1.007868886,-0.423136383,-1.342416525,-0.425788373,-1.343960881
63,1259.996,1786884191966.502,18979784.437,0.000000000,0.001194937,-0.009087131,0.902496874,-0.348218858,-1.241893053,-0.351461053,-1.243553877
64,1279.991,1786884191986.497,18979804.432,0.000000000,0.001203956,-0.009095295,0.698792696,-0.214741021,-1.032331467,-0.218369305,-1.034138322
65,1299.994,1786884192006.500,18979824.435,0.000000000,0.001194477,-0.009198644,0.556455195,-0.130821288,-0.874960721,-0.134602726,-0.876727223
66,1319.991,1786884192026.497,18979844.432,0.000000000,0.001161013,-0.009223057,0.385085076,-0.038461372,-0.673701525,-0.041992720,-0.675181389
67,1339.992,1786884192046.498,18979864.433,0.000000000,0.001127238,-0.009340951,0.308059603,-0.015587978,-0.578820229,-0.016627906,-0.580017447
68,1359.991,1786884192066.496,18979884.431,0.000000000,0.001009646,-0.009466724,0.171906799,-0.007104373,-0.403522998,-0.007388083,-0.404369146
69,1379.992,1786884192086.498,18979904.433,0.000000000,0.001008073,-0.009356254,0.113382399,-0.006420256,-0.324594706,-0.006632118,-0.325363994
70,1399.991,1786884192106.497,18979924.432,0.000000000,0.001088245,-0.008875377,0.024766775,-0.006412287,-0.190584436,-0.006483934,-0.191254511
71,1419.991,1786884192126.496,18979944.431,0.000000000,0.001195099,-0.008829829,0.009390199,-0.006802982,-0.108390890,-0.006575762,-0.109008029
72,1439.995,1786884192146.500,18979964.436,0.000000000,0.001244048,-0.009139568,0.007064329,-0.007597238,-0.025365910,-0.007293276,-0.025759228
73,1459.991,1786884192166.497,18979984.432,0.000000000,0.001228742,-0.009312392,0.006815792,-0.007539794,-0.009536428,-0.007508734,-0.009686804
74,1479.994,1786884192186.500,18980004.435,0.000000000,0.001308043,-0.009223973,0.006741071,-0.007367638,-0.007154353,-0.007354452,-0.007232346
75,1499.990,1786884192206.496,18980024.431,0.000000000,0.001402127,-0.008807318,0.006599078,-0.006658972,-0.006682136,-0.006765098,-0.006697998
76,1519.994,1786884192226.500,18980044.435,0.000000000,0.001501560,-0.008656740,0.006503916,-0.006392172,-0.006594044,-0.006336404,-0.006574536
77,1539.992,1786884192246.498,18980064.433,0.000000000,0.001613402,-0.008264664,0.006349616,-0.005805658,-0.006462711,-0.005601725,-0.006416488
78,1560.000,1786884192266.506,18980084.441,0.000000000,0.001607773,-0.008169239,0.006337732,-0.005747424,-0.006445146,-0.005528854,-0.006404525
79,1579.992,1786884192286.498,18980104.433,0.000000000,0.001602717,-0.008424556,0.006229376,-0.005852862,-0.006338543,-0.005577186,-0.006286142
80,1599.995,1786884192306.500,18980124.436,0.000000000,0.001532991,-0.008439915,0.006255816,-0.005998628,-0.006344683,-0.005706813,-0.006315880
81,1619.992,1786884192326.498,18980144.433,0.000000000,0.001440533,-0.008480100,0.006318365,-0.006229636,-0.006404242,-0.005893843,-0.006369760
82,1639.991,1786884192346.498,18980164.432,0.000000000,0.001394184,-0.008467386,0.006349217,-0.006294640,-0.006448300,-0.005934663,-0.006389554
83,1659.994,1786884192366.500,18980184.435,0.000000000,0.001234554,-0.008433002,0.006426334,-0.006414537,-0.006502931,-0.006167306,-0.006477979
84,1679.991,1786884192386.497,18980204.432,0.000000000,0.001164204,-0.008419325,0.006482220,-0.006506219,-0.006544325,-0.006363043,-0.006537713
85,1700.004,1786884192406.510,18980224.445,0.000000000,0.001124395,-0.008486135,0.006489537,-0.006569025,-0.006547996,-0.006488082,-0.006547426
86,1720.006,1786884192426.512,18980244.447,0.000000000,0.001069534,-0.008462545,0.006458056,-0.006438169,-0.006525981,-0.006508510,-0.006512681
87,1740.000,1786884192446.506,18980264.441,0.000000000,0.001052444,-0.008440410,0.006436460,-0.006371625,-0.006503543,-0.006494846,-0.006493551
88,1759.993,1786884192466.499,18980284.434,0.000000000,0.001044930,-0.008414407,0.006385766,-0.006289155,-0.006448768,-0.006440251,-0.006446663
89,1779.995,1786884192486.500,18980304.436,0.000000000,0.001054138,-0.008459184,0.006363696,-0.006313994,-0.006426353,-0.006455602,-0.006423494
90,1800.003,1786884192506.509,18980324.444,0.000000000,0.001078097,-0.008579453,0.006295373,-0.006352739,-0.006356103,-0.006457173,-0.006355078
91,1820.000,1786884192526.506,18980344.441,0.000000000,0.001094823,-0.008658571,0.006270335,-0.006435299,-0.006325363,-0.006492726,-0.006331180
92,1839.994,1786884192546.500,18980364.435,0.000000000,0.001109945,-0.008594968,0.006284591,-0.006478186,-0.006334166,-0.006481991,-0.006347492
93,1859.992,1786884192566.498,18980384.432,0.000000000,0.001105908,-0.008572062,0.006363208,-0.006633763,-0.006412155,-0.006673262,-0.006413409
94,1879.993,1786884192586.499,18980404.434,0.000000000,0.001107299,-0.008563109,0.006409343,-0.006804188,-0.006437186,-0.006837828,-0.006460377
95,1899.992,1786884192606.498,18980424.433,0.000000000,0.001104233,-0.008570270,0.006327319,-0.006717567,-0.006362912,-0.006692947,-0.006373439
96,1919.993,1786884192626.499,18980444.434,0.000000000,0.001098482,-0.008799174,0.006184526,-0.006695563,-0.006231185,-0.006563624,-0.006232038
97,1939.992,1786884192646.498,18980464.433,0.000000000,0.001180368,-0.009042179,0.005993559,-0.006471871,-0.006057992,-0.006413561,-0.006050579
98,1959.995,1786884192666.501,18980484.436,0.000000000,0.001263813,-0.008941907,0.005886515,-0.006183618,-0.005961111,-0.006100213,-0.005953498
99,1979.992,1786884192686.498,18980504.433,0.000000000,0.001275003,-0.008732190,0.005850712,-0.005940312,-0.005928703,-0.005905913,-0.005920111
100,2000.000,1786884192706.506,18980524.441,0.000000000,0.001267767,-0.008539707,0.005839970,-0.005785936,-0.005928318,-0.005757540,-0.005901066
101,2019.992,1786884192726.498,18980544.432,0.000000000,0.001176887,-0.008377814,0.005793175,-0.005572171,-0.005890623,-0.005587581,-0.005851317
102,2039.999,1786884192746.505,18980564.440,0.000000000,0.001131940,-0.008349049,0.005777342,-0.005499426,-0.005884601,-0.005560493,-0.005830955
103,2059.997,1786884192766.503,18980584.438,0.000000000,0.001117021,-0.008095236,0.005835522,-0.005441096,-0.005944731,-0.005405304,-0.005896311
104,2080.006,1786884192786.512,18980604.447,0.000000000,0.001083526,-0.007890002,0.005961480,-0.005639379,-0.006037597,-0.005419768,-0.006043517
105,2100.027,1786884192806.533,18980624.468,0.000000000,0.001032764,-0.007903090,0.006309622,-0.006501905,-0.006341910,-0.006210715,-0.006373942
106,2120.027,1786884192826.533,18980644.468,0.000000000,0.001038422,-0.008113163,0.006355481,-0.006721844,-0.006366658,-0.006647821,-0.006419627
107,2139.997,1786884192846.503,18980664.438,0.000000000,0.001166282,-0.008395230,0.006324977,-0.007019259,-0.006326030,-0.006912104,-0.006375514
108,2160.037,1786884192866.542,18980684.477,0.000000000,0.001196532,-0.008328923,0.006273521,-0.006867587,-0.006301345,-0.006817775,-0.006301238
109,2180.001,1786884192886.507,18980704.442,0.000000000,0.001184672,-0.008374584,0.006128211,-0.006594469,-0.006171178,-0.006628250,-0.006158116
110,2200.027,1786884192906.533,18980724.468,0.000000000,0.001232169,-0.008369965,0.006012011,-0.006377789,-0.006070182,-0.006341479,-0.006049716
111,2219.998,1786884192926.504,18980744.438,0.000000000,0.001309734,-0.008396571,0.005848763,-0.006090757,-0.005919394,-0.006025704,-0.005895563
112,2240.026,1786884192946.532,18980764.467,0.000000000,0.001356397,-0.008129832,0.005746006,-0.005728510,-0.005825782,-0.005559625,-0.005802948
113,2259.996,1786884192966.502,18980784.437,0.000000000,0.001359640,-0.008047450,0.005741442,-0.005699721,-0.005820069,-0.005481297,-0.005798465
114,2279.992,1786884192986.498,18980804.433,0.000000000,0.001309020,-0.007991584,0.005737525,-0.005699784,-0.005812527,-0.005459571,-0.005795917
115,2299.994,1786884193006.500,18980824.435,0.000000000,0.001298873,-0.007849391,0.005772273,-0.005683898,-0.005854092,-0.005380668,-0.005826649
116,2319.991,1786884193026.497,18980844.432,0.000000000,0.001224185,-0.007920258,0.005837346,-0.005893196,-0.005916433,-0.005634801,-0.005883492
117,2339.994,1786884193046.500,18980864.435,0.000000000,0.001151065,-0.007867499,0.005882870,-0.005935414,-0.005948999,-0.005741084,-0.005937380
118,2359.991,1786884193066.497,18980884.432,0.000000000,0.001085418,-0.007893337,0.005935823,-0.006070418,-0.005992157,-0.005965409,-0.005987811
119,2379.996,1786884193086.501,18980904.437,0.000000000,0.001057508,-0.007907777,0.005936178,-0.006082077,-0.005991968,-0.006023933,-0.005986516
120,2399.990,1786884193106.496,18980924.431,0.000000000,0.001011374,-0.007858596,0.005918311,-0.006023403,-0.005968874,-0.006033332,-0.005970403
121,2419.990,1786884193126.496,18980944.431,0.000000000,0.000997371,-0.007895435,0.005896389,-0.006019524,-0.005946317,-0.006078506,-0.005947599
122,2439.993,1786884193146.499,18980964.434,0.000000000,0.001006440,-0.007910240,0.005857177,-0.005979147,-0.005910901,-0.006057238,-0.005906940
123,2459.990,1786884193166.496,18980984.431,0.000000000,0.001010475,-0.007965811,0.005819200,-0.005995406,-0.005870800,-0.006061002,-0.005868968
124,2479.993,1786884193186.499,18981004.434,0.000000000,0.001018396,-0.008032884,0.005770366,-0.005996680,-0.005821395,-0.006052777,-0.005819838
125,2499.990,1786884193206.496,18981024.431,0.000000000,0.001028599,-0.008042355,0.005701894,-0.005911771,-0.005756012,-0.005943242,-0.005754461
126,2519.995,1786884193226.501,18981044.436,0.000000000,0.001032093,-0.008086546,0.005684203,-0.005944428,-0.005737723,-0.005966474,-0.005734910
127,2539.993,1786884193246.499,18981064.433,0.000000000,0.001046700,-0.008025806,0.005676493,-0.005910489,-0.005734572,-0.005910731,-0.005726680
128,2560.006,1786884193266.512,18981084.447,0.000000000,0.001046162,-0.007956807,0.005669482,-0.005875066,-0.005726441,-0.005861787,-0.005720323
129,2580.000,1786884193286.506,18981104.441,0.000000000,0.001033722,-0.007767234,0.005642680,-0.005682885,-0.005703628,-0.005648513,-0.005699471
130,2599.999,1786884193306.505,18981124.440,0.000000000,0.000992629,-0.007846582,0.005576540,-0.005638702,-0.005637775,-0.005636286,-0.005634103
131,2619.998,1786884193326.504,18981144.439,0.000000000,0.000877309,-0.008095684,0.005375485,-0.005363777,-0.005445852,-0.005547193,-0.005446725
132,2639.996,1786884193346.502,18981164.437,0.000000000,0.000827034,-0.007885527,0.005359153,-0.005087517,-0.005439506,-0.005333452,-0.005442768
133,2659.998,1786884193366.504,18981184.438,0.000000000,0.000813144,-0.007411828,0.005632400,-0.005271097,-0.005696569,-0.005520479,-0.005705957
134,2679.997,1786884193386.503,18981204.438,0.000000000,0.000914783,-0.007464755,0.005782154,-0.005822688,-0.005843954,-0.005825987,-0.005820503
135,2700.001,1786884193406.507,18981224.442,0.000000000,0.000978039,-0.008032377,0.005806967,-0.006666675,-0.005811918,-0.006400024,-0.005842013
136,2719.998,1786884193426.504,18981244.438,0.000000000,0.000969210,-0.008340808,0.005767331,-0.006807228,-0.005748804,-0.006721430,-0.005817176
137,2740.004,1786884193446.510,18981264.445,0.000000000,0.001041166,-0.008508314,0.005745017,-0.006935980,-0.005725717,-0.006816233,-0.005798036
138,2759.999,1786884193466.505,18981284.440,0.000000000,0.001142985,-0.008187633,0.005635611,-0.006346083,-0.005671216,-0.006425885,-0.005663142
139,2780.002,1786884193486.508,18981304.443,0.000000000,0.001239718,-0.007993138,0.005553860,-0.006008664,-0.005618967,-0.005987809,-0.005585736
140,2800.005,1786884193506.511,18981324.446,0.000000000,0.001408356,-0.007199598,0.005386505,-0.005013213,-0.005483609,-0.004917227,-0.005434272
141,2820.000,1786884193526.506,18981344.441,0.000000000,0.001478992,-0.006955292,0.005318301,-0.004797342,-0.005422079,-0.004482351,-0.005370746
142,2840.003,1786884193546.509,18981364.444,0.000000000,0.001453879,-0.006829049,0.005267316,-0.004709142,-0.005363218,-0.004256822,-0.005328264
143,2860.000,1786884193566.506,18981384.441,0.000000000,0.001404030,-0.006856013,0.005286200,-0.004755631,-0.005403715,-0.004362097,-0.005323573
144,2879.999,1786884193586.505,18981404.440,0.000000000,0.001287265,-0.007241152,0.005347979,-0.005216580,-0.005463026,-0.004881231,-0.005370711
145,2900.004,1786884193606.510,18981424.445,0.000000000,0.001205640,-0.007313176,0.005378136,-0.005336775,-0.005468075,-0.005069537,-0.005416765
146,2919.998,1786884193626.504,18981444.439,0.000000000,0.001112146,-0.007049555,0.005560115,-0.005586248,-0.005605028,-0.005195647,-0.005624330
147,2939.992,1786884193646.498,18981464.433,0.000000000,0.001024552,-0.007049704,0.005617377,-0.005680834,-0.005657565,-0.005415317,-0.005673381
148,2959.998,1786884193666.504,18981484.439,0.000000000,0.000923512,-0.007228532,0.005608046,-0.005739974,-0.005659846,-0.005668502,-0.005650782
149,2979.992,1786884193686.499,18981504.433,0.000000000,0.000857910,-0.007208156,0.005550237,-0.005577744,-0.005602691,-0.005613569,-0.005598685
150,2999.997,1786884193706.503,18981524.438,0.000000000,0.000802828,-0.006973832,0.005455441,-0.005152788,-0.005515099,-0.005264688,-0.005518571
151,3019.991,1786884193726.498,18981544.432,0.000000000,0.000757060,-0.007001343,0.005307729,-0.004845889,-0.005377586,-0.005059958,-0.005380107
152,3039.997,1786884193746.503,18981564.438,0.000000000,0.000693160,-0.007299194,0.005162511,-0.004752792,-0.005236186,-0.005117074,-0.005238953
153,3059.993,1786884193766.499,18981584.434,0.000000000,0.000628720,-0.007240054,0.005037479,-0.004384974,-0.005123203,-0.004871906,-0.005127545
154,3080.007,1786884193786.513,18981604.448,0.000000000,0.000683007,-0.006865771,0.005106105,-0.004257577,-0.005194999,-0.004645482,-0.005197111
155,3099.999,1786884193806.505,18981624.440,0.000000000,0.000810385,-0.006815443,0.005280413,-0.004791928,-0.005353686,-0.004895260,-0.005347698
156,3119.995,1786884193826.501,18981644.436,0.000000000,0.000868594,-0.007180952,0.005378911,-0.005473941,-0.005441040,-0.005362189,-0.005420874
157,3139.993,1786884193846.499,18981664.434,0.000000000,0.000906360,-0.007700257,0.005550225,-0.006491434,-0.005560800,-0.006273246,-0.005568002
158,3159.995,1786884193866.501,18981684.436,0.000000000,0.000889469,-0.007935675,0.005573225,-0.006812725,-0.005542746,-0.006607975,-0.005606940
159,3179.991,1786884193886.496,18981704.432,0.000000000,0.000913754,-0.008085276,0.005471745,-0.006626393,-0.005436736,-0.006683104,-0.005518710
160,3199.990,1786884193906.496,18981724.431,0.000000000,0.001027379,-0.007801456,0.005360190,-0.006055891,-0.005363781,-0.006201156,-0.005412432
161,3219.995,1786884193926.501,18981744.436,0.000000000,0.001241334,-0.007006800,0.005176651,-0.005062852,-0.005233988,-0.004926261,-0.005248295
162,3239.991,1786884193946.497,18981764.432,0.000000000,0.001366850,-0.006461387,0.005048170,-0.004393077,-0.005135252,-0.004133690,-0.005125672
163,3260.005,1786884193966.511,18981784.446,0.000000000,0.001414753,-0.006403803,0.004967102,-0.004220367,-0.005077288,-0.003921715,-0.005031331
164,3280.156,1786884193986.662,18981804.597,0.000000000,0.001412841,-0.006489766,0.004964665,-0.004370660,-0.005075995,-0.004021742,-0.005015403
165,3299.999,1786884194006.504,18981824.439,0.000000000,0.001396841,-0.006451931,0.005016925,-0.004520524,-0.005119603,-0.004076616,-0.005065945
166,3320.013,1786884194026.519,18981844.454,0.000000000,0.001293690,-0.006653983,0.005133152,-0.004963015,-0.005237956,-0.004529201,-0.005157760
167,3339.998,1786884194046.504,18981864.439,0.000000000,0.001202630,-0.006643789,0.005209465,-0.005148039,-0.005296811,-0.004691771,-0.005241127
168,3359.994,1786884194066.500,18981884.435,0.000000000,0.001034789,-0.006550377,0.005310631,-0.005253986,-0.005369949,-0.004920103,-0.005356718
169,3379.997,1786884194086.503,18981904.438,0.000000000,0.000959302,-0.006544334,0.005357927,-0.005303913,-0.005411379,-0.005080273,-0.005404125
170,3400.016,1786884194106.522,18981924.457,0.000000000,0.000825475,-0.006588954,0.005399332,-0.005360596,-0.005438360,-0.005389547,-0.005443953
171,3419.998,1786884194126.504,18981944.439,0.000000000,0.000752696,-0.006584177,0.005378457,-0.005345435,-0.005406662,-0.005409786,-0.005427716
172,3439.995,1786884194146.500,18981964.435,0.000000000,0.000724260,-0.006784125,0.005278344,-0.005286898,-0.005314180,-0.005433414,-0.005328771
173,3460.002,1786884194166.508,18981984.443,0.000000000,0.000744946,-0.007143399,0.005140902,-0.005322791,-0.005176963,-0.005492876,-0.005195812
174,3479.998,1786884194186.503,18982004.438,0.000000000,0.000815876,-0.007270940,0.004942529,-0.005019326,-0.005008047,-0.005167313,-0.005002762
175,3499.992,1786884194206.498,18982024.432,0.000000000,0.000841226,-0.007146771,0.004910680,-0.004871591,-0.004984115,-0.005004507,-0.004972230
176,3519.996,1786884194226.502,18982044.437,0.000000000,0.000853310,-0.006910302,0.004926972,-0.004738708,-0.005002354,-0.004868895,-0.004987024
177,3540.014,1786884194246.520,18982064.455,0.000000000,0.000867505,-0.006619947,0.004976137,-0.004660938,-0.005045347,-0.004756980,-0.005036058
178,3560.009,1786884194266.515,18982084.450,0.000000000,0.000885356,-0.006501826,0.005021522,-0.004693213,-0.005086081,-0.004766447,-0.005080456
179,3580.004,1786884194286.510,18982104.445,0.000000000,0.000912909,-0.006447071,0.005067019,-0.004799409,-0.005126536,-0.004823025,-0.005123453
180,3599.999,1786884194306.505,18982124.440,0.000000000,0.000936560,-0.006319982,0.005144395,-0.004906476,-0.005193668,-0.004850186,-0.005202957
181,3620.005,1786884194326.510,18982144.446,0.000000000,0.000907572,-0.006435881,0.005310796,-0.005326696,-0.005349900,-0.005448226,-0.005343154
182,3640.003,1786884194346.509,18982164.443,0.000000000,0.000919925,-0.006487334,0.005350108,-0.005518128,-0.005384613,-0.005555836,-0.005376724
183,3659.991,1786884194366.497,18982184.432,0.000000000,0.000913409,-0.006993775,0.005046943,-0.005528415,-0.005064106,-0.005355784,-0.005094092
184,3679.992,1786884194386.498,18982204.433,0.000000000,0.000896297,-0.007246743,0.004968745,-0.005618100,-0.005007500,-0.005349083,-0.005007453
185,3700.015,1786884194406.521,18982224.456,0.000000000,0.000919001,-0.007167190,0.004784215,-0.005054011,-0.004850234,-0.004991423,-0.004832964
186,3720.015,1786884194426.521,18982244.456,0.000000000,0.000930013,-0.007213055,0.004695216,-0.004894908,-0.004763232,-0.004888249,-0.004752038
187,3739.996,1786884194446.502,18982264.437,0.000000000,0.000910662,-0.007123912,0.004605315,-0.004642563,-0.004677239,-0.004715341,-0.004665558
188,3760.004,1786884194466.510,18982284.445,0.000000000,0.000896125,-0.006954095,0.004588389,-0.004481450,-0.004674558,-0.004567629,-0.004639104
189,3779.999,1786884194486.505,18982304.440,0.000000000,0.000865233,-0.006678948,0.004583901,-0.004279779,-0.004670111,-0.004326608,-0.004640583
190,3800.002,1786884194506.508,18982324.443,0.000000000,0.000871644,-0.006208424,0.004662083,-0.004100379,-0.004758983,-0.004044050,-0.004713978
191,3819.999,1786884194526.505,18982344.440,0.000000000,0.000876117,-0.006263551,0.004786489,-0.004471440,-0.004856803,-0.004301464,-0.004848575
192,3840.003,1786884194546.509,18982364.444,0.000000000,0.000878451,-0.006428487,0.004992592,-0.005091373,-0.005030584,-0.004968175,-0.005040322
193,3859.999,1786884194566.505,18982384.440,0.000000000,0.000887460,-0.006626262,0.005032298,-0.005331099,-0.005047396,-0.005327802,-0.005081766
194,3880.003,1786884194586.509,18982404.444,0.000000000,0.001007658,-0.006706248,0.005077125,-0.005607283,-0.005084008,-0.005489276,-0.005116561
195,3900.000,1786884194606.506,18982424.441,0.000000000,0.001046830,-0.006673567,0.005084605,-0.005663131,-0.005101898,-0.005460352,-0.005109678
196,3920.001,1786884194626.506,18982444.442,0.000000000,0.001001273,-0.006296630,0.005110834,-0.005392659,-0.005139331,-0.005250880,-0.005131307
197,3939.996,1786884194646.502,18982464.437,0.000000000,0.000917456,-0.006127662,0.005067787,-0.005192054,-0.005081305,-0.005067305,-0.005106660
198,3960.001,1786884194666.507,18982484.442,0.000000000,0.000859336,-0.006638784,0.004860886,-0.005119300,-0.004895340,-0.005150616,-0.004899960
199,3980.000,1786884194686.505,18982504.440,0.000000000,0.000913390,-0.006967651,0.004695172,-0.005087793,-0.004738423,-0.005094632,-0.004736082
200,3999.999,1786884194706.505,18982524.440,0.000000000,0.001050893,-0.007109419,0.004502303,-0.004904964,-0.004569847,-0.004742949,-0.004543841
201,4019.999,1786884194726.505,18982544.440,0.000000000,0.001048452,-0.006815613,0.004504963,-0.004676895,-0.004577381,-0.004485270,-0.004553928
202,4039.999,1786884194746.504,18982564.439,0.000000000,0.001011628,-0.006472705,0.004587509,-0.004610202,-0.004657354,-0.004356544,-0.004635549
203,4060.001,1786884194766.507,18982584.442,0.000000000,0.000955300,-0.006398135,0.004664171,-0.004704188,-0.004735148,-0.004516417,-0.004700674
204,4080.001,1786884194786.507,18982604.442,0.000000000,0.000914943,-0.006319548,0.004710618,-0.004731545,-0.004775167,-0.004588920,-0.004748905
205,4099.997,1786884194806.503,18982624.438,0.000000000,0.000889087,-0.006209780,0.004769004,-0.004761860,-0.004827539,-0.004650223,-0.004808463
206,4120.005,1786884194826.511,18982644.446,0.000000000,0.000859427,-0.006174655,0.004782409,-0.004766870,-0.004830669,-0.004683965,-0.004830253
207,4140.003,1786884194846.509,18982664.444,0.000000000,0.000823928,-0.006232400,0.004796773,-0.004837034,-0.004845279,-0.004841625,-0.004837657
208,4160.013,1786884194866.519,18982684.454,0.000000000,0.000807212,-0.006284344,0.004791563,-0.004871612,-0.004838842,-0.004916956,-0.004830351
209,4179.999,1786884194886.505,18982704.440,0.000000000,0.000784715,-0.006274453,0.004763226,-0.004843683,-0.004805751,-0.004907683,-0.004803790
210,4199.997,1786884194906.503,18982724.438,0.000000000,0.000773977,-0.006358145,0.004731754,-0.004885186,-0.004770783,-0.004953853,-0.004771824
211,4220.036,1786884194926.542,18982744.477,0.000000000,0.000772350,-0.006488524,0.004675843,-0.004924456,-0.004713063,-0.004996506,-0.004714924
212,4240.027,1786884194946.533,18982764.468,0.000000000,0.000777497,-0.006529887,0.004646361,-0.004920699,-0.004683801,-0.004989416,-0.004685332
213,4260.028,1786884194966.534,18982784.469,0.000000000,0.000791443,-0.006584059,0.004602721,-0.004921145,-0.004640650,-0.004978762,-0.004640577
214,4280.033,1786884194986.539,18982804.474,0.000000000,0.000805399,-0.006600109,0.004582433,-0.004931011,-0.004619120,-0.004970429,-0.004620035
215,4299.999,1786884195006.505,18982824.440,0.000000000,0.000828409,-0.006600613,0.004563081,-0.004936078,-0.004599708,-0.004940851,-0.004599951
216,4319.994,1786884195026.500,18982844.435,0.000000000,0.000841717,-0.006606442,0.004547368,-0.004951488,-0.004583297,-0.004934704,-0.004583795
217,4339.994,1786884195046.500,18982864.435,0.000000000,0.000848156,-0.006569412,0.004544449,-0.004934393,-0.004582254,-0.004910880,-0.004580240
218,4360.028,1786884195066.534,18982884.469,0.000000000,0.000852266,-0.006470383,0.004551154,-0.004883667,-0.004591548,-0.004849732,-0.004586793
219,4379.999,1786884195086.505,18982904.440,0.000000000,0.000848077,-0.006389268,0.004543412,-0.004824879,-0.004584600,-0.004784609,-0.004579637
220,4400.002,1786884195106.508,18982924.443,0.000000000,0.000831670,-0.006288029,0.004523039,-0.004720808,-0.004567404,-0.004667470,-0.004561382
221,4420.003,1786884195126.509,18982944.443,0.000000000,0.000831670,-0.006288029,0.004523039,-0.004720808,-0.004567404,-0.004667470,-0.004561382
222,4439.998,1786884195146.504,18982964.439,0.000000000,0.000831670,-0.006288029,0.004523039,-0.004720808,-0.004567404,-0.004667470,-0.004561382
223,4459.998,1786884195166.504,18982984.439,0.000000000,0.000831670,-0.006288029,0.004523039,-0.004720808,-0.004567404,-0.004667470,-0.004561382
224,4480.025,1786884195186.531,18983004.466,0.000000000,0.000831670,-0.006288029,0.004523039,-0.004720808,-0.004567404,-0.004667470,-0.004561382
225,4500.010,1786884195206.516,18983024.451,0.000000000,0.000831670,-0.006288029,0.004523039,-0.004720808,-0.004567404,-0.004667470,-0.004561382
226,4519.996,1786884195226.501,18983044.436,0.000000000,0.000831670,-0.006288029,0.004523039,-0.004720808,-0.004567404,-0.004667470,-0.004561382
227,4540.005,1786884195246.510,18983064.445,0.000000000,0.000831670,-0.006288029,0.004523039,-0.004720808,-0.004567404,-0.004667470,-0.004561382
228,4560.015,1786884195266.521,18983084.456,0.000000000,0.000831670,-0.006288029,0.004523039,-0.004720808,-0.004567404,-0.004667470,-0.004561382
229,4580.031,1786884195286.537,18983104.472,0.000000000,0.000831670,-0.006288029,0.004523039,-0.004720808,-0.004567404,-0.004667470,-0.004561382
230,4599.995,1786884195306.500,18983124.435,0.000000000,0.000831670,-0.006288029,0.004523039,-0.004720808,-0.004567404,-0.004667470,-0.004561382
231,4620.024,1786884195326.530,18983144.465,0.000000000,0.000831670,-0.006288029,0.004523039,-0.004720808,-0.004567404,-0.004667470,-0.004561382
232,4639.997,1786884195346.503,18983164.437,0.000000000,0.000831670,-0.006288029,0.004523039,-0.004720808,-0.004567404,-0.004667470,-0.004561382
233,4659.990,1786884195366.496,18983184.431,0.000000000,0.000831670,-0.006288029,0.004523039,-0.004720808,-0.004567404,-0.004667470,-0.004561382
234,4680.045,1786884195386.551,18983204.486,0.000000000,0.000831670,-0.006288029,0.004523039,-0.004720808,-0.004567404,-0.004667470,-0.004561382
235,4700.019,1786884195406.525,18983224.460,0.000000000,0.000831670,-0.006288029,0.004523039,-0.004720808,-0.004567404,-0.004667470,-0.004561382
236,4720.024,1786884195426.530,18983244.465,0.000000000,0.000831670,-0.006288029,0.004523039,-0.004720808,-0.004567404,-0.004667470,-0.004561382
237,4740.005,1786884195446.511,18983264.446,0.000000000,0.000831670,-0.006288029,0.004523039,-0.004720808,-0.004567404,-0.004667470,-0.004561382
238,4760.027,1786884195466.533,18983284.468,0.000000000,0.000831670,-0.006288029,0.004523039,-0.004720808,-0.004567404,-0.004667470,-0.004561382
239,4780.027,1786884195486.533,18983304.468,0.000000000,0.000831670,-0.006288029,0.004523039,-0.004720808,-0.004567404,-0.004667470,-0.004561382
240,4800.022,1786884195506.528,18983324.463,0.000000000,0.000831670,-0.006288029,0.004523039,-0.004720808,-0.004567404,-0.004667470,-0.004561382
241,4820.027,1786884195526.533,18983344.468,0.000000000,0.000831670,-0.006288029,0.004523039,-0.004720808,-0.004567404,-0.004667470,-0.004561382
242,4840.004,1786884195546.510,18983364.445,0.000000000,0.000831670,-0.006288029,0.004523039,-0.004720808,-0.004567404,-0.004667470,-0.004561382
243,4859.995,1786884195566.501,18983384.436,0.000000000,0.000831670,-0.006288029,0.004523039,-0.004720808,-0.004567404,-0.004667470,-0.004561382
244,4880.004,1786884195586.510,18983404.445,0.000000000,0.000831670,-0.006288029,0.004523039,-0.004720808,-0.004567404,-0.004667470,-0.004561382
