joint_0,joint_1,joint_2,joint_3,joint_4,joint_5,joint_6,joint_7,joint_8,joint_9,joint_10,joint_11,joint_12,joint_13,joint_14,joint_15,joint_16,joint_17,joint_18,joint_19,joint_20,joint_21,joint_22,joint_23,joint_24,joint_25,joint_26,joint_27,joint_28
-0.312000,0.669000,-0.312000,0.669000,0.000000,0.000000,0.000000,-0.363000,0.000000,-0.363000,0.000000,0.600000,0.000000,0.000000,0.000000,0.000000,0.200000,0.000000,0.000000,-0.200000,0.600000,0.000000,0.000000,0.200000,0.000000,0.200000,0.000000,0.000000,0.000000
-0.312000,0.669000,-0.312000,0.669000,0.000000,0.000000,0.000000,-0.363000,0.000000,-0.363000,0.000000,0.600000,0.000000,0.000000,0.000000,0.000000,0.200000,0.000000,0.000000,-0.200000,0.600000,0.000000,0.000000,0.200000,0.000000,0.200000,0.000000,0.000000,0.000000
-0.312000,0.669000,-0.312000,0.669000,0.000000,0.000000,0.000000,-0.363000,0.000000,-0.363000,0.000000,0.600000,0.000000,0.000000,0.000000,0.000000,0.200000,0.000000,0.000000,-0.200000,0.600000,0.000000,0.000000,0.200000,0.000000,0.200000,0.000000,0.000000,0.000000
-0.312000,0.669000,-0.312000,0.669000,0.000000,0.000000,0.000000,-0.363000,0.000000,-0.363000,0.000000,0.600000,0.000000,0.000000,0.000000,0.000000,0.200000,0.000000,0.000000,-0.200000,0.600000,0.000000,0.000000,0.200000,0.000000,0.200000,0.000000,0.000000,0.000000
-0.312000,0.669000,-0.312000,0.669000,0.000000,0.000000,0.000000,-0.363000,0.000000,-0.363000,0.000000,0.600000,0.000000,0.000000,0.000000,0.000000,0.200000,0.000000,0.000000,-0.200000,0.600000,0.000000,0.000000,0.200000,0.000000,0.200000,0.000000,0.000000,0.000000
-0.312000,0.669000,-0.312000,0.669000,0.000000,0.000000,0.000000,-0.363000,0.000000,-0.363000,0.000000,0.600000,0.000000,0.000000,0.000000,0.000000,0.200000,0.000000,0.000000,-0.200000,0.600000,0.000000,0.000000,0.200000,0.000000,0.200000,0.000000,0.000000,0.000000
-0.312000,0.669000,-0.312000,0.669000,0.000000,0.000000,0.000000,-0.363000,0.000000,-0.363000,0.000000,0.600000,0.000000,0.000000,0.000000,0.000000,0.200000,0.000000,0.000000,-0.200000,0.600000,0.000000,0.000000,0.200000,0.000000,0.200000,0.000000,0.000000,0.000000
-0.312000,0.669000,-0.312000,0.669000,0.000000,0.000000,0.000000,-0.363000,0.000000,-0.363000,0.000000,0.600000,0.000000,0.000000,0.000000,0.000000,0.200000,0.000000,0.000000,-0.200000,0.600000,0.000000,0.000000,0.200000,0.000000,0.200000,0.000000,0.000000,0.000000
-0.312000,0.669000,-0.312000,0.669000,0.000000,0.000000,0.000000,-0.363000,0.000000,-0.363000,0.000000,0.600000,0.000000,0.000000,0.000000,0.000000,0.200000,0.000000,0.000000,-0.200000,0.600000,0.000000,0.000000,0.200000,0.000000,0.200000,0.000000,0.000000,0.000000
-0.312000,0.669000,-0.312000,0.669000,0.000000,0.000000,0.000000,-0.363000,0.000000,-0.363000,0.000000,0.600000,0.000000,0.000000,0.000000,0.000000,0.200000,0.000000,0.000000,-0.200000,0.600000,0.000000,0.000000,0.200000,0.000000,0.200000,0.000000,0.000000,0.000000
-0.312000,0.669000,-0.312000,0.669000,0.000000,0.000000,0.000000,-0.363000,0.000000,-0.363000,0.000000,0.600000,0.000000,0.000000,0.000000,0.000000,0.200000,0.000000,0.000000,-0.200000,0.600000,0.000000,0.000000,0.200000,0.000000,0.200000,0.000000,0.000000,0.000000
-0.312000,0.669000,-0.312000,0.669000,0.000000,0.000000,0.000000,-0.363000,0.000000,-0.363000,0.000000,0.600000,0.000000,0.000000,0.000000,0.000000,0.200000,0.000000,0.000000,-0.200000,0.600000,0.000000,0.000000,0.200000,0.000000,0.200000,0.000000,0.000000,0.000000
-0.312000,0.669000,-0.312000,0.669000,0.000000,0.000000,0.000000,-0.363000,0.000000,-0.363000,0.000000,0.600000,0.000000,0.000000,0.000000,0.000000,0.200000,0.000000,0.000000,-0.200000,0.600000,0.000000,0.000000,0.200000,0.000000,0.200000,0.000000,0.000000,0.000000
-0.312000,0.669000,-0.312000,0.669000,0.000000,0.000000,0.000000,-0.363000,0.000000,-0.363000,0.000000,0.600000,0.000000,0.000000,0.000000,0.000000,0.200000,0.000000,0.000000,-0.200000,0.600000,0.000000,0.000000,0.200000,0.000000,0.200000,0.000000,0.000000,0.000000
-0.312000,0.669000,-0.312000,0.669000,0.000000,0.000000,0.000000,-0.363000,0.000000,-0.363000,0.000000,0.600000,0.000000,0.000000,0.000000,0.000000,0.200000,0.000000,0.000000,-0.200000,0.600000,0.000000,0.000000,0.200000,0.000000,0.200000,0.000000,0.000000,0.000000
-0.312000,0.669000,-0.312000,0.669000,0.000000,0.000000,0.000000,-0.363000,0.000000,-0.363000,0.000000,0.600000,0.000000,0.000000,0.000000,0.000000,0.200000,0.000000,0.000000,-0.200000,0.600000,0.000000,0.000000,0.200000,0.000000,0.200000,0.000000,0.000000,0.000000
-0.312000,0.669000,-0.312000,0.669000,0.000000,0.000000,0.000000,-0.363000,0.000000,-0.363000,0.000000,0.600000,0.000000,0.000000,0.000000,0.000000,0.200000,0.000000,0.000000,-0.200000,0.600000,0.000000,0.000000,0.200000,0.000000,0.200000,0.000000,0.000000,0.000000
-0.312000,0.669000,-0.312000,0.669000,0.000000,0.000000,0.000000,-0.363000,0.000000,-0.363000,0.000000,0.600000,0.000000,0.000000,0.000000,0.000000,0.200000,0.000000,0.000000,-0.200000,0.600000,0.000000,0.000000,0.200000,0.000000,0.200000,0.000000,0.000000,0.000000
-0.312000,0.669000,-0.312000,0.669000,0.000000,0.000000,0.000000,-0.363000,0.000000,-0.363000,0.000000,0.600000,0.000000,0.000000,0.000000,0.000000,0.200000,0.000000,0.000000,-0.200000,0.600000,0.000000,0.000000,0.200000,0.000000,0.200000,0.000000,0.000000,0.000000
-0.312000,0.669000,-0.312000,0.669000,0.000000,0.000000,0.000000,-0.363000,0.000000,-0.363000,0.000000,0.600000,0.000000,0.000000,0.000000,0.000000,0.200000,0.000000,0.000000,-0.200000,0.600000,0.000000,0.000000,0.200000,0.000000,0.200000,0.000000,0.000000,0.000000
-0.312000,0.669000,-0.312000,0.669000,0.000000,0.000000,0.000000,-0.363000,0.000000,-0.363000,0.000000,0.600000,0.000000,0.000000,0.000000,0.000000,0.200000,0.000000,0.000000,-0.200000,0.600000,0.000000,0.000000,0.200000,0.000000,0.200000,0.000000,0.000000,0.000000
-0.312000,0.669000,-0.312000,0.669000,0.000000,0.000000,0.000000,-0.363000,0.000000,-0.363000,0.000000,0.600000,0.000000,0.000000,0.000000,0.000000,0.200000,0.000000,0.000000,-0.200000,0.600000,0.000000,0.000000,0.200000,0.000000,0.200000,0.000000,0.000000,0.000000
-0.312000,0.669000,-0.312000,0.669000,0.000000,0.000000,0.000000,-0.363000,0.000000,-0.363000,0.000000,0.600000,0.000000,0.000000,0.000000,0.000000,0.200000,0.000000,0.000000,-0.200000,0.600000,0.000000,0.000000,0.200000,0.000000,0.200000,0.000000,0.000000,0.000000
-0.312000,0.669000,-0.312000,0.669000,0.000000,0.000000,0.000000,-0.363000,0.000000,-0.363000,0.000000,0.600000,0.000000,0.000000,0.000000,0.000000,0.200000,0.000000,0.000000,-0.200000,0.600000,0.000000,0.000000,0.200000,0.000000,0.200000,0.000000,0.000000,0.000000
-0.312000,0.669000,-0.312000,0.669000,0.000000,0.000000,0.000000,-0.363000,0.000000,-0.363000,0.000000,0.600000,0.000000,0.000000,0.000000,0.000000,0.200000,0.000000,0.000000,-0.200000,0.600000,0.000000,0.000000,0.200000,0.000000,0.200000,0.000000,0.000000,0.000000
-0.312000,0.669000,-0.312000,0.669000,0.000000,0.000000,0.000000,-0.363000,0.000000,-0.363000,0.000000,0.600000,0.000000,0.000000,0.000000,0.000000,0.200000,0.000000,0.000000,-0.200000,0.600000,0.000000,0.000000,0.200000,0.000000,0.200000,0.000000,0.000000,0.000000
-0.312000,0.669000,-0.312000,0.669000,0.000000,0.000000,0.000000,-0.363000,0.000000,-0.363000,0.000000,0.600000,0.000000,0.000000,0.000000,0.000000,0.200000,0.000000,0.000000,-0.200000,0.600000,0.000000,0.000000,0.200000,0.000000,0.200000,0.000000,0.000000,0.000000
-0.312000,0.669000,-0.312000,0.669000,0.000000,0.000000,0.000000,-0.363000,0.000000,-0.363000,0.000000,0.600000,0.000000,0.000000,0.000000,0.000000,0.200000,0.000000,0.000000,-0.200000,0.600000,0.000000,0.000000,0.200000,0.000000,0.200000,0.000000,0.000000,0.000000
-0.312000,0.669000,-0.312000,0.669000,0.000000,0.000000,0.000000,-0.363000,0.000000,-0.363000,0.000000,0.600000,0.000000,0.000000,0.000000,0.000000,0.200000,0.000000,0.000000,-0.200000,0.600000,0.000000,0.000000,0.200000,0.000000,0.200000,0.000000,0.000000,0.000000
-0.312000,0.669000,-0.312000,0.669000,0.000000,0.000000,0.000000,-0.363000,0.000000,-0.363000,0.000000,0.600000,0.000000,0.000000,0.000000,0.000000,0.200000,0.000000,0.000000,-0.200000,0.600000,0.000000,0.000000,0.200000,0.000000,0.200000,0.000000,0.000000,0.000000
-0.312000,0.669000,-0.312000,0.669000,0.000000,0.000000,0.000000,-0.363000,0.000000,-0.363000,0.000000,0.600000,0.000000,0.000000,0.000000,0.000000,0.200000,0.000000,0.000000,-0.200000,0.600000,0.000000,0.000000,0.200000,0.000000,0.200000,0.000000,0.000000,0.000000
-0.312000,0.669000,-0.312000,0.669000,0.000000,0.000000,0.000000,-0.363000,0.000000,-0.363000,0.000000,0.600000,0.000000,0.000000,0.000000,0.000000,0.200000,0.000000,0.000000,-0.200000,0.600000,0.000000,0.000000,0.200000,0.000000,0.200000,0.000000,0.000000,0.000000
-0.312000,0.669000,-0.312000,0.669000,0.000000,0.000000,0.000000,-0.363000,0.000000,-0.363000,0.000000,0.600000,0.000000,0.000000,0.000000,0.000000,0.200000,0.000000,0.000000,-0.200000,0.600000,0.000000,0.000000,0.200000,0.000000,0.200000,0.000000,0.000000,0.000000
-0.312000,0.669000,-0.312000,0.669000,0.000000,0.000000,0.000000,-0.363000,0.000000,-0.363000,0.000000,0.600000,0.000000,0.000000,0.000000,0.000000,0.200000,0.000000,0.000000,-0.200000,0.600000,0.000000,0.000000,0.200000,0.000000,0.200000,0.000000,0.000000,0.000000
-0.312000,0.669000,-0.312000,0.669000,0.000000,0.000000,0.000000,-0.363000,0.000000,-0.363000,0.000000,0.600000,0.000000,0.000000,0.000000,0.000000,0.200000,0.000000,0.000000,-0.200000,0.600000,0.000000,0.000000,0.200000,0.000000,0.200000,0.000000,0.000000,0.000000
-0.312000,0.669000,-0.312000,0.669000,0.000000,0.000000,0.000000,-0.363000,0.000000,-0.363000,0.000000,0.600000,0.000000,0.000000,0.000000,0.000000,0.200000,0.000000,0.000000,-0.200000,0.600000,0.000000,0.000000,0.200000,0.000000,0.200000,0.000000,0.000000,0.000000
-0.312000,0.669000,-0.312000,0.669000,0.000000,0.000000,0.000000,-0.363000,0.000000,-0.363000,0.000000,0.600000,0.000000,0.000000,0.000000,0.000000,0.200000,0.000000,0.000000,-0.200000,0.600000,0.000000,0.000000,0.200000,0.000000,0.200000,0.000000,0.000000,0.000000
-0.312000,0.669000,-0.312000,0.669000,0.000000,0.000000,0.000000,-0.363000,0.000000,-0.363000,0.000000,0.600000,0.000000,0.000000,0.000000,0.000000,0.200000,0.000000,0.000000,-0.200000,0.600000,0.000000,0.000000,0.200000,0.000000,0.200000,0.000000,0.000000,0.000000
-0.312000,0.669000,-0.312000,0.669000,0.000000,0.000000,0.000000,-0.363000,0.000000,-0.363000,0.000000,0.600000,0.000000,0.000000,0.000000,0.000000,0.200000,0.000000,0.000000,-0.200000,0.600000,0.000000,0.000000,0.200000,0.000000,0.200000,0.000000,0.000000,0.000000
-0.312000,0.669000,-0.312000,0.669000,0.000000,0.000000,0.000000,-0.363000,0.000000,-0.363000,0.000000,0.600000,0.000000,0.000000,0.000000,0.000000,0.200000,0.000000,0.000000,-0.200000,0.600000,0.000000,0.000000,0.200000,0.000000,0.200000,0.000000,0.000000,0.000000
-0.312000,0.669000,-0.312000,0.669000,0.000000,0.000000,0.000000,-0.363000,0.000000,-0.363000,0.000000,0.600000,0.000000,0.000000,0.000000,0.000000,0.200000,0.000000,0.000000,-0.200000,0.600000,0.000000,0.000000,0.200000,0.000000,0.200000,0.000000,0.000000,0.000000
-0.312000,0.669000,-0.312000,0.669000,0.000000,0.000000,0.000000,-0.363000,0.000000,-0.363000,0.000000,0.600000,0.000000,0.000000,0.000000,0.000000,0.200000,0.000000,0.000000,-0.200000,0.600000,0.000000,0.000000,0.200000,0.000000,0.200000,0.000000,0.000000,0.000000
-0.312000,0.669000,-0.312000,0.669000,0.000000,0.000000,0.000000,-0.363000,0.000000,-0.363000,0.000000,0.600000,0.000000,0.000000,0.000000,0.000000,0.200000,0.000000,0.000000,-0.200000,0.600000,0.000000,0.000000,0.200000,0.000000,0.200000,0.000000,0.000000,0.000000
-0.312000,0.669000,-0.312000,0.669000,0.000000,0.000000,0.000000,-0.363000,0.000000,-0.363000,0.000000,0.600000,0.000000,0.000000,0.000000,0.000000,0.200000,0.000000,0.000000,-0.200000,0.600000,0.000000,0.000000,0.200000,0.000000,0.200000,0.000000,0.000000,0.000000
-0.312000,0.669000,-0.312000,0.669000,0.000000,0.000000,0.000000,-0.363000,0.000000,-0.363000,0.000000,0.600000,0.000000,0.000000,0.000000,0.000000,0.200000,0.000000,0.000000,-0.200000,0.600000,0.000000,0.000000,0.200000,0.000000,0.200000,0.000000,0.000000,0.000000
-0.312000,0.669000,-0.312000,0.669000,0.000000,0.000000,0.000000,-0.363000,0.000000,-0.363000,0.000000,0.600000,0.000000,0.000000,0.000000,0.000000,0.200000,0.000000,0.000000,-0.200000,0.600000,0.000000,0.000000,0.200000,0.000000,0.200000,0.000000,0.000000,0.000000
-0.312000,0.669000,-0.312000,0.669000,0.000000,0.000000,0.000000,-0.363000,0.000000,-0.363000,0.000000,0.600000,0.000000,0.000000,0.000000,0.000000,0.200000,0.000000,0.000000,-0.200000,0.600000,0.000000,0.000000,0.200000,0.000000,0.200000,0.000000,0.000000,0.000000
-0.312000,0.669000,-0.312000,0.669000,0.000000,0.000000,0.000000,-0.363000,0.000000,-0.363000,0.000000,0.600000,0.000000,0.000000,0.000000,0.000000,0.200000,0.000000,0.000000,-0.200000,0.600000,0.000000,0.000000,0.200000,0.000000,0.200000,0.000000,0.000000,0.000000
-0.312000,0.669000,-0.312000,0.669000,0.000000,0.000000,0.000000,-0.363000,0.000000,-0.363000,0.000000,0.600000,0.000000,0.000000,0.000000,0.000000,0.200000,0.000000,0.000000,-0.200000,0.600000,0.000000,0.000000,0.200000,0.000000,0.200000,0.000000,0.000000,0.000000
-0.312000,0.669000,-0.312000,0.669000,0.000000,0.000000,0.000000,-0.363000,0.000000,-0.363000,0.000000,0.600000,0.000000,0.000000,0.000000,0.000000,0.200000,0.000000,0.000000,-0.200000,0.600000,0.000000,0.000000,0.200000,0.000000,0.200000,0.000000,0.000000,0.000000
-0.312039,0.668697,-0.311966,0.668920,-0.000091,0.000034,0.000026,-0.362936,0.000116,-0.362601,0.000301,0.599742,0.000069,-0.000173,-0.000105,0.000159,0.199800,-0.000009,0.000035,-0.200076,0.599898,0.000029,0.000144,0.199996,-0.000038,0.199928,0.000020,0.000009,-0.000037
-0.312296,0.666679,-0.311737,0.668384,-0.000693,0.000258,0.000201,-0.362507,0.000889,-0.359948,0.002305,0.598026,0.000525,-0.001324,-0.000803,0.001218,0.198468,-0.000073,0.000268,-0.200580,0.599217,0.000221,0.001105,0.199972,-0.000291,0.199451,0.000153,0.000071,-0.000286
-0.312956,0.661511,-0.311153,0.667013,-0.002236,0.000832,0.000649,-0.361409,0.002868,-0.353155,0.007436,0.593631,0.001693,-0.004271,-0.002591,0.003929,0.195058,-0.000235,0.000864,-0.201873,0.597475,0.000713,0.003564,0.199909,-0.000940,0.198228,0.000495,0.000229,-0.000924
-0.314165,0.652047,-0.310083,0.664502,-0.005062,0.001882,0.001469,-0.359398,0.006492,-0.340714,0.016832,0.585584,0.003832,-0.009668,-0.005866,0.008895,0.188814,-0.000531,0.001957,-0.204239,0.594284,0.001613,0.008069,0.199793,-0.002128,0.195988,0.001120,0.000517,-0.002092
-0.316033,0.637410,-0.308428,0.660619,-0.009432,0.003508,0.002738,-0.356289,0.012097,-0.321474,0.031364,0.573138,0.007141,-0.018016,-0.010931,0.016574,0.179157,-0.000989,0.003646,-0.207899,0.589349,0.003006,0.015035,0.199615,-0.003966,0.192524,0.002086,0.000964,-0.003898
-0.318642,0.616976,-0.306117,0.655198,-0.015533,0.005776,0.004509,-0.351947,0.019923,-0.294612,0.051652,0.555762,0.011759,-0.029669,-0.018001,0.027295,0.165674,-0.001629,0.006004,-0.213009,0.582459,0.004951,0.024760,0.199366,-0.006531,0.187688,0.003435,0.001588,-0.006419
-0.322042,0.590351,-0.303106,0.648135,-0.023482,0.008733,0.006816,-0.346291,0.030118,-0.259613,0.078086,0.533122,0.017778,-0.044853,-0.027214,0.041263,0.148107,-0.002463,0.009076,-0.219666,0.573482,0.007485,0.037431,0.199042,-0.009873,0.181387,0.005194,0.002400,-0.009704
-0.326254,0.557358,-0.299376,0.639382,-0.033333,0.012396,0.009675,-0.339282,0.042753,-0.216243,0.110843,0.505066,0.025235,-0.063668,-0.038630,0.058573,0.126338,-0.003496,0.012884,-0.227916,0.562357,0.010625,0.053134,0.198640,-0.014015,0.173579,0.007372,0.003407,-0.013775
-0.331277,0.518013,-0.294927,0.628943,-0.045081,0.016765,0.013085,-0.330923,0.057820,-0.164523,0.149906,0.471610,0.034129,-0.086106,-0.052243,0.079215,0.100379,-0.004728,0.017425,-0.237755,0.549091,0.014370,0.071859,0.198161,-0.018953,0.164268,0.009970,0.004608,-0.018630
-0.337087,0.472511,-0.289781,0.616872,-0.058666,0.021817,0.017028,-0.321256,0.075245,-0.104709,0.195082,0.432918,0.044414,-0.112056,-0.067988,0.103087,0.070356,-0.006153,0.022676,-0.249132,0.533749,0.018700,0.093515,0.197607,-0.024665,0.153500,0.012975,0.005997,-0.024245
-0.343638,0.421204,-0.283980,0.603260,-0.073985,0.027514,0.021474,-0.310356,0.094893,-0.037263,0.246023,0.389289,0.056011,-0.141316,-0.085741,0.130006,0.036503,-0.007760,0.028597,-0.261962,0.516449,0.023583,0.117934,0.196982,-0.031106,0.141357,0.016363,0.007563,-0.030575
-0.350867,0.364582,-0.277577,0.588238,-0.090891,0.033801,0.026381,-0.298326,0.116576,0.037168,0.302239,0.341142,0.068810,-0.173606,-0.105333,0.159712,-0.000855,-0.009533,0.035131,-0.276120,0.497358,0.028972,0.144881,0.196292,-0.038214,0.127958,0.020102,0.009291,-0.037562
-0.358697,0.303260,-0.270643,0.571970,-0.109200,0.040609,0.031696,-0.285298,0.140059,0.117778,0.363122,0.288997,0.082671,-0.208578,-0.126551,0.191885,-0.041316,-0.011454,0.042208,-0.291454,0.476682,0.034808,0.174067,0.195545,-0.045912,0.113445,0.024152,0.011163,-0.045128
-0.367035,0.237952,-0.263258,0.554644,-0.128699,0.047861,0.037355,-0.271424,0.165069,0.203628,0.427963,0.233463,0.097433,-0.245823,-0.149149,0.226149,-0.084407,-0.013499,0.049745,-0.307785,0.454661,0.041023,0.205149,0.194750,-0.054110,0.097990,0.028465,0.013156,-0.053187
-0.375780,0.169456,-0.255512,0.536472,-0.149150,0.055466,0.043291,-0.256872,0.191299,0.293667,0.495968,0.175219,0.112915,-0.284885,-0.172849,0.262085,-0.129600,-0.015644,0.057650,-0.324912,0.431567,0.047542,0.237748,0.193915,-0.062708,0.081780,0.032988,0.015247,-0.061638
-0.384822,0.098638,-0.247504,0.517684,-0.170295,0.063329,0.049429,-0.241826,0.218418,0.386760,0.566279,0.114999,0.128923,-0.325272,-0.197353,0.299239,-0.176326,-0.017862,0.065823,-0.342620,0.407688,0.054282,0.271452,0.193053,-0.071598,0.065020,0.037664,0.017408,-0.070377
-0.394044,0.026408,-0.239337,0.498521,-0.191861,0.071349,0.055688,-0.226481,0.246079,0.481710,0.637993,0.053579,0.145250,-0.366464,-0.222346,0.337135,-0.223984,-0.020124,0.074158,-0.360682,0.383334,0.061156,0.305829,0.192173,-0.080665,0.047926,0.042434,0.019612,-0.079289
-0.403327,-0.046297,-0.231115,0.479233,-0.213568,0.079422,0.061989,-0.211035,0.273921,0.577282,0.710177,-0.008245,0.161683,-0.407927,-0.247502,0.375279,-0.271954,-0.022400,0.082549,-0.378861,0.358820,0.068076,0.340431,0.191287,-0.089792,0.030721,0.047235,0.021832,-0.088260
-0.412549,-0.118527,-0.222948,0.460070,-0.235134,0.087442,0.068248,-0.195690,0.301582,0.672232,0.781891,-0.069665,0.178010,-0.449119,-0.272495,0.413175,-0.319612,-0.024662,0.090884,-0.396923,0.334466,0.074950,0.374808,0.190407,-0.098859,0.013627,0.052005,0.024036,-0.097172
-0.421591,-0.189345,-0.214940,0.441282,-0.256279,0.095305,0.074386,-0.180644,0.328701,0.765325,0.852202,-0.129885,0.194018,-0.489506,-0.296999,0.450329,-0.366338,-0.026880,0.099057,-0.414631,0.310587,0.081690,0.408512,0.189545,-0.107749,-0.003133,0.056681,0.026197,-0.105911
-0.430336,-0.257841,-0.207194,0.423110,-0.276730,0.102910,0.080322,-0.166092,0.354931,0.855364,0.920207,-0.188129,0.209500,-0.528568,-0.320699,0.486265,-0.411531,-0.029025,0.106962,-0.431758,0.287493,0.088209,0.441111,0.188710,-0.116347,-0.019343,0.061204,0.028288,-0.114362
-0.438674,-0.323149,-0.199809,0.405784,-0.296229,0.110162,0.085981,-0.152218,0.379941,0.941214,0.985048,-0.243663,0.224262,-0.565813,-0.343297,0.520529,-0.454622,-0.031070,0.114499,-0.448089,0.265472,0.094424,0.472193,0.187915,-0.124545,-0.034798,0.065517,0.030281,-0.122421
-0.446504,-0.384471,-0.192875,0.389516,-0.314538,0.116970,0.091296,-0.139190,0.403424,1.021824,1.045931,-0.295808,0.238123,-0.600785,-0.364515,0.552702,-0.495083,-0.032991,0.121576,-0.463423,0.244796,0.100260,0.501379,0.187168,-0.132243,-0.049311,0.069567,0.032153,-0.129987
-0.453733,-0.441093,-0.186472,0.374494,-0.331444,0.123257,0.096203,-0.127160,0.425107,1.096255,1.102147,-0.343955,0.250922,-0.633075,-0.384107,0.582408,-0.532441,-0.034764,0.128110,-0.477581,0.225705,0.105649,0.528326,0.186478,-0.139351,-0.062710,0.073306,0.033881,-0.136974
-0.460284,-0.492400,-0.180671,0.360882,-0.346763,0.128954,0.100649,-0.116260,0.444755,1.163701,1.153088,-0.387584,0.262519,-0.662335,-0.401860,0.609327,-0.566294,-0.036371,0.134031,-0.490411,0.208405,0.110532,0.552745,0.185853,-0.145792,-0.074853,0.076694,0.035447,-0.143304
-0.466094,-0.537902,-0.175525,0.348811,-0.360348,0.134006,0.104592,-0.106593,0.462180,1.223515,1.198264,-0.426276,0.272804,-0.688285,-0.417605,0.633199,-0.596317,-0.037796,0.139282,-0.501788,0.193063,0.114862,0.574401,0.185299,-0.151504,-0.085621,0.079699,0.036836,-0.148919
-0.471117,-0.577247,-0.171076,0.338372,-0.372096,0.138375,0.108002,-0.098234,0.477247,1.275235,1.237327,-0.459732,0.281698,-0.710723,-0.431218,0.653841,-0.622276,-0.039028,0.143823,-0.511627,0.179797,0.118607,0.593126,0.184820,-0.156442,-0.094932,0.082297,0.038037,-0.153774
-0.475329,-0.610240,-0.167346,0.329619,-0.381947,0.142038,0.110861,-0.091225,0.489882,1.318605,1.270084,-0.487788,0.289155,-0.729538,-0.442634,0.671151,-0.644045,-0.040061,0.147631,-0.519877,0.168672,0.121747,0.608829,0.184418,-0.160584,-0.102740,0.084475,0.039044,-0.157845
-0.478729,-0.636865,-0.164335,0.322556,-0.389896,0.144995,0.113168,-0.085569,0.500077,1.353604,1.296518,-0.510428,0.295174,-0.744722,-0.451847,0.685119,-0.661612,-0.040895,0.150703,-0.526534,0.159695,0.124281,0.621500,0.184094,-0.163926,-0.109041,0.086234,0.039856,-0.161130
-0.481338,-0.657299,-0.162024,0.317135,-0.395997,0.147263,0.114939,-0.081227,0.507903,1.380466,1.316806,-0.527804,0.299792,-0.756375,-0.458917,0.695840,-0.675095,-0.041535,0.153061,-0.531644,0.152805,0.126226,0.631225,0.183845,-0.166491,-0.113877,0.087583,0.040480,-0.163651
-0.483206,-0.671936,-0.160369,0.313252,-0.400367,0.148889,0.116208,-0.078118,0.513508,1.399706,1.331338,-0.540250,0.303101,-0.764723,-0.463982,0.703519,-0.684752,-0.041993,0.154750,-0.535304,0.147870,0.127619,0.638191,0.183667,-0.168329,-0.117341,0.088549,0.040927,-0.165457
-0.484415,-0.681400,-0.159299,0.310741,-0.403193,0.149939,0.117028,-0.076107,0.517132,1.412147,1.340734,-0.548297,0.305240,-0.770120,-0.467257,0.708485,-0.690996,-0.042289,0.155843,-0.537670,0.144679,0.128519,0.642696,0.183551,-0.169517,-0.119581,0.089174,0.041215,-0.166625
-0.485075,-0.686568,-0.158715,0.309370,-0.404736,0.150513,0.117476,-0.075009,0.519111,1.418940,1.345865,-0.552692,0.306408,-0.773067,-0.469045,0.711196,-0.694406,-0.042451,0.156439,-0.538963,0.142937,0.129011,0.645155,0.183488,-0.170166,-0.120804,0.089516,0.041373,-0.167263
-0.485332,-0.688586,-0.158486,0.308834,-0.405338,0.150737,0.117651,-0.074580,0.519884,1.421593,1.347869,-0.554408,0.306864,-0.774218,-0.469743,0.712255,-0.695738,-0.042515,0.156672,-0.539467,0.142256,0.129203,0.646116,0.183464,-0.170419,-0.121281,0.089649,0.041435,-0.167512
-0.485371,-0.688889,-0.158452,0.308754,-0.405429,0.150771,0.117677,-0.074516,0.520000,1.421992,1.348170,-0.554666,0.306933,-0.774391,-0.469848,0.712414,-0.695938,-0.042524,0.156707,-0.539543,0.142154,0.129232,0.646260,0.183460,-0.170457,-0.121353,0.089669,0.041444,-0.167549
-0.485371,-0.688889,-0.158452,0.308754,-0.405429,0.150771,0.117677,-0.074516,0.520000,1.421992,1.348170,-0.554666,0.306933,-0.774391,-0.469848,0.712414,-0.695938,-0.042524,0.156707,-0.539543,0.142154,0.129232,0.646260,0.183460,-0.170457,-0.121353,0.089669,0.041444,-0.167549
-0.486136,-0.690073,-0.158861,0.308669,-0.406201,0.149685,0.117032,-0.074030,0.520000,1.424220,1.350044,-0.558327,0.304779,-0.774641,-0.470465,0.712964,-0.696279,-0.043026,0.156479,-0.541521,0.144585,0.134963,0.650327,0.181414,-0.168661,-0.123190,0.086609,0.043596,-0.166985
-0.488433,-0.693625,-0.160088,0.308414,-0.408515,0.146427,0.115097,-0.072571,0.520000,1.430905,1.355665,-0.569310,0.298318,-0.775392,-0.472318,0.714614,-0.697302,-0.044533,0.155795,-0.547455,0.151878,0.152154,0.662528,0.175277,-0.163271,-0.128699,0.077430,0.050052,-0.165294
-0.492260,-0.699545,-0.162133,0.307989,-0.412374,0.140997,0.111872,-0.070140,0.520000,1.442045,1.365034,-0.587614,0.287550,-0.776642,-0.475405,0.717363,-0.699008,-0.047044,0.154655,-0.557345,0.164034,0.180807,0.682862,0.165048,-0.154289,-0.137882,0.062131,0.060813,-0.162476
-0.497619,-0.707833,-0.164996,0.307395,-0.417775,0.133394,0.107358,-0.066737,0.520000,1.457643,1.378150,-0.613240,0.272475,-0.778393,-0.479727,0.721213,-0.701395,-0.050560,0.153058,-0.571191,0.181051,0.220922,0.711331,0.150727,-0.141714,-0.150737,0.040712,0.075878,-0.158530
-0.504508,-0.718488,-0.168677,0.306630,-0.424720,0.123620,0.101553,-0.062361,0.520000,1.477696,1.395013,-0.646188,0.253092,-0.780644,-0.485284,0.726162,-0.704465,-0.055081,0.151006,-0.588994,0.202931,0.272497,0.747933,0.132315,-0.125547,-0.167266,0.013174,0.095247,-0.153456
-0.512928,-0.731512,-0.173176,0.305696,-0.433207,0.111674,0.094459,-0.057013,0.520000,1.502206,1.415624,-0.686458,0.229403,-0.783396,-0.492076,0.732212,-0.708216,-0.060606,0.148498,-0.610752,0.229673,0.335534,0.792669,0.109812,-0.105786,-0.187468,-0.020484,0.118921,-0.147256
-0.522388,-0.746416,-0.178304,0.304665,-0.443163,0.097707,0.086098,-0.050846,0.520000,1.530832,1.439465,-0.732573,0.202408,-0.786168,-0.499953,0.739500,-0.712575,-0.067204,0.145471,-0.635523,0.260405,0.408244,0.843944,0.083883,-0.083128,-0.210685,-0.059294,0.146484,-0.139914
-0.526493,-0.756850,-0.181611,0.304494,-0.453608,0.083701,0.076786,-0.045870,0.520000,1.559150,1.459798,-0.765331,0.185142,-0.782738,-0.506952,0.749832,-0.716568,-0.075771,0.141125,-0.651046,0.283794,0.467384,0.881027,0.063206,-0.066618,-0.228372,-0.090671,0.172557,-0.131264
-0.531145,-0.768676,-0.185359,0.304300,-0.465446,0.067827,0.066233,-0.040231,0.520000,1.591243,1.482843,-0.802456,0.165574,-0.778850,-0.514885,0.761542,-0.721093,-0.085480,0.136200,-0.668639,0.310301,0.534410,0.923055,0.039772,-0.047906,-0.248418,-0.126232,0.202106,-0.121460
-0.532410,-0.777986,-0.188039,0.304672,-0.478074,0.051303,0.054631,-0.035164,0.520000,1.624390,1.504454,-0.832133,0.151724,-0.770675,-0.522545,0.775740,-0.725552,-0.096882,0.130201,-0.680756,0.332953,0.595018,0.957269,0.018918,-0.032559,-0.265563,-0.158232,0.231820,-0.110398
-0.517501,-0.772083,-0.184748,0.307523,-0.489535,0.038088,0.042611,-0.034687,0.520000,1.649742,1.511160,-0.815956,0.169661,-0.745761,-0.526010,0.796038,-0.727997,-0.111768,0.121526,-0.662878,0.329082,0.602723,0.942207,0.017996,-0.038666,-0.262715,-0.161504,0.250936,-0.097741
-0.501172,-0.765619,-0.181144,0.310645,-0.502087,0.023614,0.029446,-0.034164,0.520000,1.677508,1.518504,-0.798239,0.189305,-0.718475,-0.529805,0.818269,-0.730676,-0.128072,0.112024,-0.643296,0.324842,0.611162,0.925711,0.016986,-0.045355,-0.259596,-0.165087,0.271873,-0.083878
-0.487455,-0.761783,-0.172458,0.315092,-0.500158,0.009851,0.005257,-0.024342,0.520000,1.708556,1.531233,-0.753818,0.213618,-0.687007,-0.536181,0.843277,-0.737800,-0.149927,0.110351,-0.614630,0.319496,0.613051,0.899550,0.013485,-0.052851,-0.252894,-0.163511,0.299112,-0.075409
-0.472964,-0.757894,-0.162696,0.319979,-0.496830,-0.004856,-0.021657,-0.012993,0.520000,1.742158,1.545360,-0.703829,0.240113,-0.652876,-0.543247,0.870354,-0.745831,-0.173861,0.109237,-0.583081,0.313664,0.614507,0.870638,0.009513,-0.060966,-0.245392,-0.161371,0.328888,-0.066791
-0.459391,-0.755295,-0.149854,0.325748,-0.485561,-0.019678,-0.055445,0.003769,0.520000,1.778678,1.562879,-0.637705,0.270033,-0.615324,-0.551949,0.899854,-0.756538,-0.201610,0.112316,-0.545548,0.307036,0.612472,0.835517,0.004058,-0.069792,-0.235697,-0.156369,0.363084,-0.060795
-0.449769,-0.754728,-0.136000,0.340038,-0.472681,-0.035613,-0.095603,0.021165,0.520000,1.805170,1.584177,-0.551869,0.299752,-0.580895,-0.563150,0.924178,-0.772061,-0.224627,0.115496,-0.497777,0.299236,0.617450,0.797344,-0.002740,-0.078010,-0.223602,-0.152330,0.394588,-0.060467
-0.444766,-0.756390,-0.121163,0.363849,-0.458193,-0.052645,-0.142449,0.039031,0.520000,1.820286,1.609440,-0.445315,0.328831,-0.550304,-0.577081,0.942603,-0.792742,-0.242090,0.118718,-0.439384,0.290325,0.630384,0.756314,-0.010878,-0.085544,-0.208996,-0.149404,0.423014,-0.066307
-0.451767,-0.760053,-0.106631,0.405843,-0.444702,-0.069955,-0.194362,0.053516,0.520000,1.817100,1.637129,-0.330258,0.349635,-0.529924,-0.595660,0.952880,-0.817602,-0.246828,0.120384,-0.380617,0.284484,0.660980,0.720718,-0.017267,-0.093602,-0.193347,-0.148588,0.450683,-0.076633
-0.477298,-0.766728,-0.093043,0.474900,-0.433205,-0.087146,-0.252525,0.062253,0.520000,1.785422,1.667717,-0.205615,0.356836,-0.526157,-0.620906,0.950098,-0.848190,-0.231531,0.119566,-0.323158,0.283624,0.718189,0.694758,-0.020721,-0.102221,-0.176574,-0.151094,0.476284,-0.093636
-0.518651,-0.774708,-0.078439,0.541050,-0.423131,-0.104496,-0.305537,0.065153,0.520000,1.716930,1.696979,-0.091804,0.342421,-0.525909,-0.649855,0.935084,-0.882381,-0.210001,0.114849,-0.275082,0.294356,0.804995,0.676360,-0.022800,-0.109607,-0.159260,-0.154727,0.493757,-0.111424
-0.571569,-0.782247,-0.060968,0.576326,-0.413698,-0.122360,-0.343420,0.062856,0.520000,1.607684,1.721208,-0.006382,0.301236,-0.516199,-0.679400,0.910018,-0.917910,-0.196093,0.105319,-0.242699,0.321676,0.921210,0.662505,-0.025182,-0.114239,-0.141921,-0.157267,0.498387,-0.124364
-0.634002,-0.789597,-0.040794,0.589466,-0.403990,-0.140099,-0.369954,0.057248,0.520000,1.469091,1.743565,0.061362,0.239559,-0.497175,-0.709260,0.878560,-0.954023,-0.187234,0.091434,-0.220885,0.361506,1.053476,0.652503,-0.028840,-0.116448,-0.125736,-0.158934,0.495505,-0.134715
-0.713751,-0.796745,-0.013455,0.564236,-0.388739,-0.150646,-0.369196,0.050680,0.520000,1.301463,1.774944,0.113614,0.141617,-0.443177,-0.734195,0.848316,-0.982426,-0.184333,0.064414,-0.213746,0.421612,1.148424,0.655544,-0.043328,-0.110419,-0.124088,-0.158187,0.495548,-0.147185
-0.799165,-0.806600,0.014665,0.530799,-0.370701,-0.157227,-0.349531,0.044242,0.520000,1.133074,1.813751,0.165110,0.029782,-0.373507,-0.754120,0.818042,-1.005559,-0.182089,0.032692,-0.212969,0.489963,1.229108,0.660986,-0.057629,-0.103366,-0.124918,-0.158663,0.494820,-0.164273
-0.890823,-0.821657,0.042476,0.481853,-0.347868,-0.154685,-0.290023,0.038551,0.520000,0.975072,1.865984,0.211271,-0.104358,-0.274633,-0.761687,0.789869,-1.015538,-0.181436,-0.007020,-0.226122,0.571410,1.272898,0.671276,-0.070501,-0.094582,-0.131096,-0.161775,0.492468,-0.190213
-0.975290,-0.852099,0.065303,0.421330,-0.314340,-0.144257,-0.222126,0.035312,0.520000,0.843945,1.938974,0.261910,-0.258204,-0.188491,-0.764484,0.759409,-0.999987,-0.177447,-0.037225,-0.244391,0.654557,1.296211,0.689950,-0.082644,-0.092988,-0.144283,-0.173674,0.503943,-0.232482
-1.056161,-0.890233,0.085638,0.355019,-0.275465,-0.129887,-0.150034,0.033297,0.520000,0.726254,2.022342,0.314786,-0.421903,-0.108714,-0.764896,0.727806,-0.971669,-0.171789,-0.062676,-0.265218,0.738553,1.309286,0.712816,-0.094424,-0.094988,-0.160974,-0.189965,0.522332,-0.282915
-1.170971,-0.960982,0.110296,0.268638,-0.243338,-0.092160,-0.074368,0.021193,0.520000,0.717670,2.145319,0.395528,-0.563112,-0.106064,-0.735806,0.686998,-0.918250,-0.149306,-0.070805,-0.288887,0.771198,1.312351,0.721257,-0.109766,-0.082388,-0.177389,-0.204449,0.536959,-0.363000
-1.275945,-1.016657,0.133920,0.190504,-0.215362,-0.050248,0.000654,-0.013876,0.520000,0.752879,2.255562,0.463403,-0.688992,-0.108603,-0.730700,0.639240,-0.863472,-0.124711,-0.080135,-0.311693,0.796374,1.318386,0.727729,-0.116993,-0.079925,-0.195711,-0.219849,0.562515,-0.442099
-1.361249,-1.042182,0.155477,0.128863,-0.195691,0.000037,0.074391,-0.094876,0.520000,0.875675,2.340337,0.505541,-0.784213,-0.121521,-0.773562,0.577579,-0.805975,-0.095888,-0.091868,-0.332772,0.806613,1.330364,0.730261,-0.107990,-0.097734,-0.217847,-0.237081,0.609926,-0.519225
-1.405540,-1.095186,0.181418,0.077560,-0.160210,0.057422,0.138074,-0.177883,0.520000,1.008056,2.398833,0.546213,-0.848098,-0.129027,-0.762418,0.535668,-0.768092,-0.062020,-0.092146,-0.333489,0.811673,1.339157,0.713075,-0.102057,-0.125494,-0.236899,-0.248719,0.673736,-0.588704
-1.429325,-1.161929,0.209551,0.031426,-0.116823,0.118356,0.196730,-0.261894,0.520000,1.145230,2.444190,0.586150,-0.896315,-0.133827,-0.724272,0.503632,-0.740015,-0.025630,-0.086697,-0.324024,0.814144,1.346356,0.686030,-0.097659,-0.158229,-0.254409,-0.257561,0.745745,-0.654358
-1.426257,-1.199461,0.241399,0.017249,-0.096603,0.179313,0.261487,-0.320316,0.520000,1.279677,2.457117,0.607589,-0.908035,-0.149489,-0.682227,0.493526,-0.743722,0.021421,-0.070916,-0.287363,0.804145,1.348139,0.631547,-0.093794,-0.183504,-0.264459,-0.256872,0.814976,-0.708387
-1.415061,-1.224348,0.271560,0.008037,-0.086134,0.236786,0.317313,-0.364449,0.520000,1.395533,2.471270,0.623427,-0.920829,-0.163033,-0.650188,0.488607,-0.760933,0.064013,-0.056997,-0.241138,0.792537,1.348943,0.572233,-0.084803,-0.205559,-0.270289,-0.257573,0.882680,-0.751429
-1.387606,-1.223942,0.298346,0.008752,-0.095167,0.287294,0.355276,-0.380005,0.520000,1.474207,2.487873,0.628065,-0.935769,-0.172343,-0.638158,0.494059,-0.805152,0.097688,-0.046801,-0.175783,0.777710,1.347787,0.503260,-0.065562,-0.221173,-0.267680,-0.261055,0.947328,-0.772499
-1.354549,-1.194983,0.319838,0.014469,-0.109715,0.327512,0.365012,-0.377232,0.520000,1.529489,2.522436,0.630007,-0.966614,-0.189831,-0.649258,0.504424,-0.859621,0.127810,-0.042015,-0.111934,0.757303,1.336230,0.434274,-0.047285,-0.241043,-0.262047,-0.261436,0.982983,-0.787724
-1.318690,-1.151747,0.338681,0.022687,-0.127020,0.362586,0.360635,-0.365295,0.520000,1.573076,2.565979,0.630602,-1.005410,-0.211408,-0.671921,0.517246,-0.919214,0.156155,-0.039935,-0.048837,0.734105,1.319471,0.365282,-0.029488,-0.263041,-0.254903,-0.260268,1.004140,-0.800028
-1.288827,-1.080927,0.352422,0.025980,-0.139446,0.369520,0.350551,-0.348702,0.520000,1.596839,2.588328,0.622255,-1.061352,-0.235757,-0.690745,0.528359,-0.992462,0.171316,-0.032421,0.022839,0.713709,1.313011,0.305601,-0.016213,-0.267362,-0.248865,-0.262255,1.029287,-0.840114
-1.263048,-1.006929,0.365677,0.028833,-0.152568,0.366301,0.342211,-0.335731,0.520000,1.620887,2.600962,0.613145,-1.128091,-0.261647,-0.711436,0.541942,-1.068262,0.184472,-0.025536,0.095231,0.698336,1.307213,0.253560,-0.006875,-0.268619,-0.242677,-0.264067,1.053632,-0.879419
-1.245438,-0.926574,0.377958,0.030805,-0.167079,0.342777,0.337356,-0.330001,0.520000,1.645504,2.594165,0.602508,-1.216424,-0.290618,-0.735860,0.560461,-1.149169,0.193618,-0.019910,0.169058,0.693007,1.302740,0.216803,-0.005409,-0.263748,-0.236189,-0.265528,1.076371,-0.917160
-1.227964,-0.841021,0.386855,0.029702,-0.180032,0.301114,0.342383,-0.338231,0.520000,1.677577,2.567230,0.590034,-1.316707,-0.327741,-0.751139,0.589177,-1.226939,0.196466,-0.012069,0.244262,0.695137,1.302281,0.197080,-0.011664,-0.246208,-0.236188,-0.275931,1.106157,-0.950941
-1.210558,-0.752869,0.394060,0.027061,-0.192206,0.250381,0.352351,-0.353441,0.520000,1.713379,2.530226,0.576641,-1.422965,-0.368941,-0.761846,0.622992,-1.303141,0.196166,-0.003121,0.320154,0.700994,1.303830,0.185874,-0.021780,-0.222333,-0.239432,-0.290806,1.139467,-0.982741
-1.199088,-0.724244,0.399276,0.016153,-0.216864,0.171462,0.348276,-0.377054,0.520000,1.715042,2.459888,0.563975,-1.519016,-0.382174,-0.664453,0.709998,-1.375099,0.179315,0.017570,0.405724,0.719881,1.304807,0.209299,-0.038316,-0.184278,-0.241679,-0.305097,1.162505,-1.003867
-1.185341,-0.669504,0.402760,0.009138,-0.228686,0.084511,0.347914,-0.414142,0.519496,1.722882,2.380085,0.544802,-1.606175,-0.403791,-0.582007,0.799691,-1.448479,0.161274,0.044418,0.490092,0.741725,1.302823,0.236385,-0.051604,-0.142874,-0.246830,-0.324548,1.181914,-1.019355
-1.167041,-0.562534,0.402780,0.009911,-0.214835,-0.018504,0.354975,-0.478180,0.517984,1.743077,2.281350,0.512618,-1.675552,-0.442175,-0.529458,0.894756,-1.524704,0.140855,0.083580,0.572054,0.769480,1.294916,0.270792,-0.058395,-0.094771,-0.257789,-0.354317,1.194065,-1.023565
-1.145727,-0.466485,0.392236,0.028276,-0.178526,-0.115581,0.360056,-0.553467,0.507638,1.761471,2.170449,0.473569,-1.713345,-0.471129,-0.452781,0.998429,-1.596309,0.117701,0.134951,0.630318,0.801415,1.281159,0.301688,-0.042765,-0.037341,-0.262241,-0.385329,1.200979,-1.014495
-1.122905,-0.375897,0.376409,0.055437,-0.130989,-0.209689,0.364146,-0.634378,0.492875,1.778965,2.053466,0.431087,-1.735345,-0.495367,-0.364041,1.106406,-1.665604,0.093179,0.192426,0.676735,0.835440,1.264476,0.330827,-0.015926,0.024752,-0.263439,-0.416965,1.205276,-0.998786
-1.123618,-0.322745,0.350199,0.113486,-0.074568,-0.284732,0.361305,-0.717283,0.464024,1.767424,1.937876,0.372615,-1.718922,-0.499558,-0.277488,1.219230,-1.727351,0.064589,0.234050,0.689417,0.868782,1.246793,0.369071,0.016972,0.095115,-0.255829,-0.430926,1.192361,-0.959660
-1.132843,-0.272566,0.319590,0.176666,-0.030542,-0.343687,0.360464,-0.794081,0.435297,1.753241,1.836918,0.311352,-1.697147,-0.497215,-0.194167,1.322863,-1.786817,0.039269,0.261800,0.698577,0.901524,1.230410,0.414702,0.042408,0.163476,-0.246373,-0.437850,1.174984,-0.913691
-1.159094,-0.228331,0.280180,0.250107,-0.011301,-0.370463,0.363626,-0.858668,0.406818,1.733773,1.765219,0.244509,-1.664667,-0.481804,-0.117309,1.408114,-1.841721,0.020490,0.261800,0.700695,0.933068,1.216628,0.475109,0.052921,0.227834,-0.233227,-0.430700,1.148682,-0.854035
-1.180208,-0.175335,0.238933,0.298000,-0.013853,-0.362458,0.355055,-0.875137,0.384083,1.688400,1.737434,0.178609,-1.632820,-0.470825,-0.094885,1.460818,-1.882355,0.017413,0.261800,0.694687,0.974009,1.208523,0.564060,0.054809,0.282888,-0.223287,-0.415520,1.130073,-0.782810
-1.198753,-0.117958,0.196768,0.333118,-0.027301,-0.337062,0.340617,-0.867546,0.364220,1.630074,1.731606,0.113182,-1.601288,-0.462061,-0.099678,1.497248,-1.915854,0.022186,0.261800,0.684616,1.019650,1.203255,0.667285,0.052385,0.333290,-0.214950,-0.396326,1.115309,-0.705800
-1.228496,-0.065157,0.167300,0.341888,-0.045294,-0.290493,0.320026,-0.828603,0.353160,1.561524,1.747720,0.055795,-1.588227,-0.445403,-0.102335,1.499465,-1.941899,0.019458,0.261800,0.660041,1.076916,1.193071,0.771782,0.036052,0.385421,-0.206177,-0.373138,1.110262,-0.633695
-1.264230,0.003228,0.137602,0.340932,-0.069834,-0.231822,0.289499,-0.761939,0.344440,1.468951,1.757726,-0.001607,-1.583192,-0.425906,-0.121861,1.494217,-1.978798,0.016144,0.261800,0.631779,1.154080,1.185029,0.879488,0.024322,0.429400,-0.194250,-0.343995,1.104290,-0.541236
-1.311947,0.102779,0.107442,0.320522,-0.107464,-0.148946,0.239102,-0.639833,0.340399,1.328333,1.755515,-0.059039,-1.594212,-0.400729,-0.175129,1.474035,-2.037405,0.011658,0.261800,0.596145,1.271038,1.181272,0.993613,0.021798,0.457073,-0.176019,-0.302941,1.096469,-0.408070
-1.367138,0.190049,0.073507,0.311826,-0.172888,-0.062463,0.190103,-0.510307,0.350850,1.231164,1.751270,-0.104156,-1.577622,-0.364785,-0.228925,1.448957,-2.101546,0.001698,0.261800,0.575872,1.346015,1.172590,1.084543,0.032039,0.441636,-0.155871,-0.260126,1.100266,-0.289442
-1.426066,0.271178,0.037684,0.308987,-0.252209,0.025823,0.141803,-0.377071,0.368546,1.155719,1.746007,-0.143116,-1.547228,-0.323457,-0.282986,1.421429,-2.168455,-0.011000,0.261800,0.563279,1.400000,1.161445,1.163877,0.048662,0.404644,-0.134765,-0.216431,1.109872,-0.178084
-1.453759,0.311332,-0.022469,0.337971,-0.379847,0.133752,0.086900,-0.264770,0.392017,1.112915,1.665402,-0.144225,-1.460473,-0.263618,-0.305327,1.368552,-2.217676,-0.041144,0.238537,0.581810,1.400000,1.167669,1.225644,0.073221,0.319731,-0.119567,-0.170282,1.120009,-0.066953
-1.488709,0.333050,-0.080999,0.382307,-0.512631,0.224371,0.021335,-0.176919,0.403135,1.089789,1.552167,-0.127412,-1.370692,-0.214885,-0.316519,1.319663,-2.250692,-0.075707,0.217784,0.606739,1.400000,1.170461,1.275842,0.095612,0.229615,-0.106973,-0.132965,1.139336,0.042561
-1.538169,0.317893,-0.136284,0.457344,-0.655707,0.280368,-0.065553,-0.137966,0.389548,1.106018,1.373669,-0.074756,-1.274861,-0.188366,-0.305414,1.278752,-2.251298,-0.119105,0.202052,0.644461,1.400000,1.166388,1.302899,0.113667,0.129092,-0.099586,-0.113310,1.177043,0.148842
-1.531503,0.266469,-0.239090,0.538028,-0.778891,0.353530,-0.151053,-0.087367,0.401517,1.085817,1.203209,-0.000495,-1.178545,-0.144522,-0.286173,1.239279,-2.239741,-0.171872,0.186825,0.707000,1.400000,1.186169,1.304994,0.114985,0.043521,-0.080702,-0.105430,1.205662,0.206152
-1.496775,0.196910,-0.365655,0.621535,-0.892129,0.435275,-0.235858,-0.030946,0.426263,1.047403,1.036767,0.084569,-1.081987,-0.092015,-0.262866,1.200524,-2.222103,-0.229323,0.171851,0.781947,1.400000,1.217879,1.294608,0.107934,-0.034574,-0.056069,-0.103438,1.229738,0.238976
-1.508751,0.146488,-0.475967,0.688701,-0.935554,0.408825,-0.287759,0.038007,0.405762,1.013806,0.903110,0.276753,-0.967917,-0.104531,-0.255836,1.221710,-2.140534,-0.248809,0.211140,0.915444,1.400000,1.237676,1.276226,0.105840,-0.062294,-0.068691,-0.116652,1.248850,0.259682
-1.496988,0.083134,-0.593218,0.734442,-0.970736,0.392972,-0.312936,0.094357,0.399800,1.002336,0.784203,0.442653,-0.855578,-0.124912,-0.240474,1.229596,-2.064501,-0.261800,0.242227,1.023997,1.400000,1.254175,1.260591,0.103168,-0.091000,-0.077767,-0.125770,1.257013,0.277677
-1.437747,-0.006082,-0.724344,0.737329,-0.989429,0.398314,-0.284666,0.125498,0.422915,1.035119,0.694797,0.555984,-0.746700,-0.161024,-0.208449,1.210884,-1.999539,-0.261800,0.256906,1.082666,1.400000,1.264077,1.250454,0.099339,-0.121677,-0.079750,-0.126693,1.243277,0.290249
-1.372155,-0.098795,-0.826983,0.715281,-0.978813,0.396549,-0.239294,0.146200,0.449601,1.039590,0.624030,0.638391,-0.646183,-0.227302,-0.188893,1.195253,-1.936455,-0.261800,0.261800,1.107729,1.400000,1.262036,1.239012,0.102727,-0.139442,-0.086120,-0.129485,1.219382,0.297655
-1.303387,-0.193256,-0.915378,0.680766,-0.953543,0.391232,-0.185369,0.161682,0.478073,1.029905,0.562582,0.705336,-0.549847,-0.308664,-0.175572,1.181164,-1.874310,-0.261800,0.261800,1.115988,1.400000,1.254023,1.226918,0.109723,-0.150749,-0.094684,-0.133212,1.190409,0.302477
-1.246071,-0.306829,-0.946846,0.597540,-0.890046,0.311209,-0.066665,0.182506,0.497563,1.040439,0.552277,0.761602,-0.423265,-0.422085,-0.205802,1.211700,-1.735892,-0.223848,0.261800,1.147167,1.385991,1.232397,1.173561,0.121392,-0.141475,-0.108210,-0.148656,1.198360,0.295981
-1.199619,-0.460656,-0.832034,0.513580,-0.801994,0.218225,0.039440,0.217184,0.512446,1.040940,0.598733,0.822258,-0.149927,-0.519579,-0.265556,1.373353,-1.437458,-0.189374,0.261800,1.228317,1.204657,1.200522,1.145064,0.122678,-0.150207,-0.119613,-0.150501,1.198136,0.238735
-1.174894,-0.694991,-0.424664,0.428155,-0.664831,0.099319,0.120345,0.279569,0.518111,1.021376,0.758710,0.891691,0.416920,-0.585220,-0.384360,1.797241,-0.818991,-0.161858,0.261800,1.409410,0.688673,1.148153,1.166286,0.103199,-0.194954,-0.126770,-0.125151,1.181561,0.079988
-1.109769,-0.773087,-0.278722,0.310569,-0.518571,0.034818,0.183423,0.254432,0.520000,0.926671,0.692501,0.993628,0.594656,-0.623379,-0.391630,2.027591,-0.598039,-0.121157,0.261800,1.503480,0.538343,1.183984,1.110378,0.066156,-0.199720,-0.121895,-0.130738,1.143539,-0.004744
-1.024444,-0.773064,-0.263494,0.176902,-0.367761,-0.002481,0.237587,0.185534,0.520000,0.794395,0.513200,1.111816,0.577835,-0.647797,-0.343134,2.161171,-0.575845,-0.073864,0.261800,1.554040,0.570839,1.263915,1.015905,0.020331,-0.184497,-0.111006,-0.151793,1.094794,-0.052470
-1.010168,-0.857366,-0.263210,0.110819,-0.263305,-0.090573,0.238410,0.162007,0.520000,0.778508,0.548632,1.134126,0.474052,-0.665957,-0.353359,2.209066,-0.489793,-0.056548,0.261800,1.521414,0.645660,1.288326,1.008100,-0.016227,-0.145491,-0.099766,-0.149228,1.008815,-0.079242
-1.001521,-0.938668,-0.283319,0.046274,-0.162176,-0.177713,0.240031,0.157652,0.520000,0.779289,0.603499,1.149000,0.350180,-0.682947,-0.366791,2.239472,-0.401536,-0.038954,0.261800,1.475648,0.705357,1.305217,1.007030,-0.039752,-0.090023,-0.090687,-0.148153,0.914460,-0.119322
-1.004134,-1.013970,-0.344214,-0.015195,-0.067701,-0.262949,0.243246,0.191642,0.520000,0.813407,0.697233,1.149000,0.186129,-0.697597,-0.386637,2.234901,-0.308868,-0.020802,0.261800,1.403602,0.734805,1.307071,1.019433,-0.037214,-0.001632,-0.085931,-0.150059,0.803352,-0.186015
-0.964349,-1.040679,-0.438244,-0.083139,0.010114,-0.357709,0.223799,0.230529,0.520000,0.793202,0.727492,1.149000,0.023166,-0.683555,-0.397855,2.143455,-0.219789,-0.015747,0.249823,1.313289,0.775765,1.228985,1.028608,-0.030542,0.104374,-0.089870,-0.169291,0.719136,-0.254216
-0.903365,-1.043090,-0.548841,-0.154322,0.079598,-0.457230,0.193021,0.271865,0.520000,0.745836,0.726013,1.149000,-0.139255,-0.655167,-0.404759,2.008572,-0.132505,-0.017241,0.231857,1.213842,0.822480,1.110929,1.036169,-0.021803,0.219188,-0.098155,-0.197185,0.648365,-0.323170
-0.818996,-1.023301,-0.585092,-0.227341,0.126691,-0.491972,0.149076,0.346328,0.520000,0.711052,0.727390,1.149000,-0.252039,-0.658702,-0.405992,1.949106,-0.092652,-0.008385,0.209530,1.109302,0.759611,0.941306,1.000457,-0.008930,0.290730,-0.115820,-0.213443,0.566498,-0.378438
-0.722292,-0.996335,-0.608913,-0.295983,0.164847,-0.516107,0.102408,0.405635,0.520000,0.680410,0.727923,1.148629,-0.363692,-0.658962,-0.401847,1.895269,-0.056147,-0.002415,0.188890,1.009048,0.690885,0.781979,0.967001,0.010132,0.325264,-0.134561,-0.222247,0.493634,-0.429117
-0.600920,-0.955014,-0.607874,-0.355870,0.185128,-0.519027,0.050293,0.434630,0.520000,0.658052,0.726770,1.147515,-0.473082,-0.652669,-0.386948,1.852688,-0.026337,-0.002217,0.171625,0.917367,0.610446,0.643243,0.938058,0.041570,0.285780,-0.155454,-0.216144,0.438772,-0.470619
-0.500834,-0.910631,-0.611535,-0.377721,0.187525,-0.513457,0.044103,0.453979,0.519998,0.683229,0.765792,1.139613,-0.570307,-0.653087,-0.394749,1.814618,-0.007568,0.002831,0.152259,0.861511,0.545772,0.555770,0.908772,0.062359,0.235635,-0.162223,-0.208552,0.403570,-0.497108
-0.411392,-0.864716,-0.617547,-0.380554,0.180980,-0.503643,0.060875,0.468505,0.519996,0.732173,0.824902,1.128317,-0.661450,-0.656859,-0.413901,1.778803,0.005679,0.010305,0.131843,0.823569,0.488980,0.493928,0.879316,0.077824,0.180159,-0.161932,-0.200217,0.378198,-0.516091
-0.366447,-0.827382,-0.586579,-0.337034,0.150071,-0.048221,0.100036,0.425904,0.519998,0.847590,0.906174,0.126073,-0.697383,-0.661491,-0.459377,1.077037,-0.337057,0.013391,0.120348,-0.049668,0.547288,0.713911,0.902027,0.224380,0.107755,-0.104499,-0.164243,0.486030,-0.565210
-0.331531,-0.778659,-0.536831,-0.278122,0.109716,0.272681,0.139915,0.369116,0.519678,0.957600,0.959057,-0.574136,-0.727327,-0.651092,-0.498748,0.623668,-0.589005,0.015009,0.103169,-0.622969,0.568299,0.861683,0.898168,0.297954,0.065863,-0.073447,-0.138489,0.564857,-0.601755
-0.316674,-0.707159,-0.449520,-0.188423,0.050468,0.324546,0.181233,0.283954,0.518713,1.056795,0.955160,-0.670274,-0.745292,-0.610633,-0.525910,0.667095,-0.659379,0.013690,0.074625,-0.596401,0.514714,0.865033,0.841168,0.225563,0.084994,-0.095159,-0.133175,0.585673,-0.613151
-0.318706,-0.641115,-0.375769,-0.100417,-0.000626,0.339721,0.211599,0.187519,0.500257,1.142333,0.962905,-0.744922,-0.770848,-0.592250,-0.558302,0.720810,-0.685509,0.019129,0.052888,-0.560384,0.504154,0.850372,0.818195,0.173083,0.068298,-0.118887,-0.128466,0.625519,-0.633477
-0.329183,-0.577801,-0.308796,-0.013257,-0.047644,0.336552,0.236491,0.085448,0.473056,1.221043,0.976472,-0.808824,-0.800201,-0.584905,-0.593309,0.779670,-0.689518,0.027949,0.034554,-0.519642,0.515107,0.826705,0.812236,0.130558,0.033688,-0.143622,-0.124059,0.674880,-0.658270
-0.342698,-0.507386,-0.244877,0.060798,-0.098025,0.302921,0.259590,-0.039562,0.434014,1.229815,0.978762,-0.864399,-0.818383,-0.617635,-0.605496,0.814783,-0.693804,0.047870,0.030481,-0.505617,0.523021,0.808629,0.787585,0.116630,0.028606,-0.166710,-0.142703,0.688451,-0.659216
-0.357509,-0.445104,-0.185734,0.116997,-0.133009,0.267791,0.272466,-0.145941,0.401256,1.227965,0.975798,-0.922311,-0.835937,-0.640635,-0.610729,0.843570,-0.698494,0.061523,0.028475,-0.500801,0.526857,0.793951,0.770807,0.104790,0.028671,-0.183889,-0.157617,0.704964,-0.665750
-0.374912,-0.399089,-0.136142,0.137487,-0.137197,0.229663,0.264899,-0.215060,0.381064,1.204873,0.962327,-0.984899,-0.852238,-0.644172,-0.602050,0.859704,-0.703993,0.062640,0.030606,-0.514399,0.522537,0.786070,0.769775,0.097123,0.039030,-0.189252,-0.165068,0.727360,-0.683460
-0.389135,-0.365456,-0.101923,0.140598,-0.131209,0.196101,0.252600,-0.257507,0.362222,1.177322,0.944822,-1.025712,-0.864273,-0.648111,-0.591026,0.869513,-0.715419,0.056528,0.035368,-0.524972,0.519524,0.773154,0.766868,0.086814,0.046763,-0.195264,-0.171620,0.749831,-0.691489
-0.401768,-0.338014,-0.075391,0.135020,-0.120132,0.164821,0.237935,-0.286620,0.344055,1.147541,0.925299,-1.055638,-0.874175,-0.652252,-0.578830,0.876158,-0.729809,0.046802,0.041446,-0.534033,0.517165,0.757721,0.763024,0.075184,0.053183,-0.201601,-0.177723,0.772341,-0.694676
-0.413611,-0.312287,-0.050517,0.129791,-0.109747,0.135496,0.224187,-0.313913,0.327023,1.119621,0.906996,-1.083694,-0.883458,-0.656134,-0.567396,0.882388,-0.743300,0.037684,0.047144,-0.542528,0.514953,0.743253,0.759420,0.064281,0.059202,-0.207542,-0.183445,0.793444,-0.697664
-0.424665,-0.288275,-0.027302,0.124910,-0.100055,0.108126,0.211355,-0.339387,0.311127,1.093563,0.889914,-1.109879,-0.892122,-0.659758,-0.556725,0.888202,-0.755891,0.029174,0.052462,-0.550456,0.512889,0.729749,0.756057,0.054105,0.064819,-0.213087,-0.188785,0.813140,-0.700452
-0.434930,-0.265979,-0.005744,0.120378,-0.091055,0.082711,0.199439,-0.363042,0.296367,1.069366,0.874051,-1.134194,-0.900168,-0.663122,-0.546815,0.893601,-0.767583,0.021271,0.057401,-0.557818,0.510973,0.717209,0.752934,0.044655,0.070036,-0.218236,-0.193743,0.831430,-0.703042
-0.444404,-0.245397,0.014155,0.116194,-0.082747,0.059251,0.188441,-0.384876,0.282741,1.047030,0.859409,-1.156638,-0.907594,-0.666228,-0.537668,0.898585,-0.778375,0.013977,0.061959,-0.564614,0.509203,0.705635,0.750051,0.035933,0.074851,-0.222988,-0.198321,0.848312,-0.705432
-0.453090,-0.226531,0.032395,0.112359,-0.075132,0.037746,0.178358,-0.404892,0.270252,1.026556,0.845987,-1.177212,-0.914402,-0.669075,-0.529284,0.903153,-0.788268,0.007290,0.066138,-0.570843,0.507582,0.695024,0.747408,0.027937,0.079264,-0.227345,-0.202516,0.863788,-0.707623
-0.460985,-0.209380,0.048978,0.108873,-0.068209,0.018196,0.169193,-0.423087,0.258897,1.007943,0.833785,-1.195916,-0.920591,-0.671663,-0.521661,0.907306,-0.797262,0.001211,0.069937,-0.576506,0.506107,0.685379,0.745005,0.020668,0.083277,-0.231306,-0.206331,0.877857,-0.709615
-0.468091,-0.193943,0.063902,0.105735,-0.061978,0.000601,0.160944,-0.439463,0.248678,0.991191,0.822803,-1.212750,-0.926161,-0.673992,-0.514801,0.911044,-0.805357,-0.004259,0.073356,-0.581603,0.504780,0.676698,0.742843,0.014126,0.086888,-0.234870,-0.209764,0.890519,-0.711408
-0.474408,-0.180222,0.077168,0.102946,-0.056439,-0.015039,0.153611,-0.454020,0.239595,0.976300,0.813042,-1.227713,-0.931112,-0.676063,-0.508703,0.914367,-0.812552,-0.009122,0.076395,-0.586134,0.503601,0.668981,0.740921,0.008311,0.090098,-0.238039,-0.212815,0.901774,-0.713001
-0.479935,-0.168217,0.088776,0.100506,-0.051593,-0.028724,0.147195,-0.466757,0.231647,0.963271,0.804500,-1.240805,-0.935444,-0.677874,-0.503367,0.917274,-0.818847,-0.013378,0.079054,-0.590098,0.502569,0.662229,0.739239,0.003223,0.092907,-0.240811,-0.215485,0.911622,-0.714396
-0.484672,-0.157926,0.098725,0.098414,-0.047439,-0.040454,0.141696,-0.477674,0.224834,0.952103,0.797179,-1.252027,-0.939157,-0.679427,-0.498794,0.919766,-0.824243,-0.017025,0.081333,-0.593496,0.501684,0.656442,0.737798,-0.001138,0.095314,-0.243188,-0.217774,0.920063,-0.715591
-0.488620,-0.149350,0.107017,0.096671,-0.043978,-0.050229,0.137113,-0.486772,0.219157,0.942797,0.791078,-1.261379,-0.942251,-0.680721,-0.494982,0.921842,-0.828740,-0.020064,0.083232,-0.596327,0.500947,0.651619,0.736597,-0.004772,0.097321,-0.245168,-0.219681,0.927097,-0.716587
-0.491778,-0.142490,0.113650,0.095277,-0.041208,-0.058049,0.133447,-0.494050,0.214615,0.935351,0.786198,-1.268861,-0.944727,-0.681757,-0.491933,0.923504,-0.832338,-0.022496,0.084752,-0.598593,0.500357,0.647761,0.735636,-0.007680,0.098926,-0.246752,-0.221207,0.932725,-0.717383
-0.494147,-0.137344,0.118624,0.094231,-0.039131,-0.063914,0.130697,-0.499509,0.211209,0.929767,0.782537,-1.274472,-0.946583,-0.682533,-0.489647,0.924750,-0.835036,-0.024319,0.085891,-0.600292,0.499915,0.644867,0.734915,-0.009860,0.100129,-0.247940,-0.222351,0.936945,-0.717981
-0.495726,-0.133914,0.121941,0.093534,-0.037747,-0.067824,0.128864,-0.503148,0.208938,0.926045,0.780097,-1.278213,-0.947821,-0.683051,-0.488122,0.925580,-0.836835,-0.025535,0.086651,-0.601424,0.499620,0.642938,0.734434,-0.011314,0.100932,-0.248732,-0.223114,0.939759,-0.718379
-0.496515,-0.132199,0.123599,0.093185,-0.037055,-0.069779,0.127948,-0.504968,0.207803,0.924183,0.778876,-1.280083,-0.948440,-0.683310,-0.487360,0.925996,-0.837734,-0.026143,0.087031,-0.601991,0.499473,0.641973,0.734194,-0.012041,0.101333,-0.249129,-0.223495,0.941166,-0.718578
-0.496507,-0.132163,0.123579,0.093211,-0.037053,-0.069776,0.127942,-0.504961,0.207793,0.924125,0.778841,-1.279998,-0.948397,-0.683279,-0.487338,0.925954,-0.837687,-0.026142,0.087027,-0.601972,0.499477,0.641945,0.734161,-0.012031,0.101328,-0.249108,-0.223485,0.941124,-0.718546
-0.496451,-0.131917,0.123446,0.093388,-0.037041,-0.069754,0.127902,-0.504918,0.207729,0.923730,0.778602,-1.279421,-0.948106,-0.683069,-0.487188,0.925669,-0.837369,-0.026134,0.087000,-0.601849,0.499508,0.641747,0.733935,-0.011966,0.101297,-0.248970,-0.223417,0.940835,-0.718325
-0.496302,-0.131271,0.123095,0.093852,-0.037012,-0.069698,0.127799,-0.504803,0.207562,0.922693,0.777974,-1.277906,-0.947342,-0.682518,-0.486796,0.924923,-0.836532,-0.026113,0.086930,-0.601525,0.499589,0.641230,0.733344,-0.011795,0.101216,-0.248608,-0.223237,0.940076,-0.717746
-0.496022,-0.130056,0.122434,0.094725,-0.036955,-0.069592,0.127605,-0.504588,0.207247,0.920741,0.776793,-1.275055,-0.945903,-0.681482,-0.486057,0.923519,-0.834959,-0.026073,0.086798,-0.600915,0.499741,0.640256,0.732230,-0.011474,0.101062,-0.247927,-0.222898,0.938649,-0.716657
-0.495577,-0.128123,0.121383,0.096115,-0.036866,-0.069424,0.127297,-0.504245,0.206745,0.917635,0.774914,-1.270518,-0.943615,-0.679833,-0.484880,0.921284,-0.832454,-0.026010,0.086588,-0.599945,0.499984,0.638707,0.730459,-0.010962,0.100817,-0.246843,-0.222358,0.936378,-0.714923
-0.494936,-0.125341,0.119870,0.098114,-0.036737,-0.069182,0.126852,-0.503752,0.206024,0.913165,0.772209,-1.263989,-0.940321,-0.677460,-0.483188,0.918069,-0.828851,-0.025919,0.086286,-0.598549,0.500333,0.636478,0.727909,-0.010226,0.100466,-0.245284,-0.221582,0.933110,-0.712427
-0.494074,-0.121599,0.117836,0.100803,-0.036564,-0.068856,0.126255,-0.503089,0.205053,0.907154,0.768572,-1.255209,-0.935892,-0.674269,-0.480912,0.913744,-0.824004,-0.025797,0.085880,-0.596672,0.500803,0.633480,0.724480,-0.009236,0.099992,-0.243186,-0.220539,0.928714,-0.709071
-0.492970,-0.116803,0.115229,0.104250,-0.036342,-0.068438,0.125489,-0.502239,0.203809,0.899449,0.763910,-1.243956,-0.930215,-0.670179,-0.477995,0.908202,-0.817793,-0.025641,0.085359,-0.594266,0.501404,0.629637,0.720086,-0.007966,0.099386,-0.240498,-0.219201,0.923081,-0.704770
-0.491605,-0.110878,0.112007,0.108509,-0.036068,-0.067922,0.124543,-0.501189,0.202272,0.889929,0.758149,-1.230050,-0.923200,-0.665125,-0.474390,0.901353,-0.810118,-0.025447,0.084715,-0.591293,0.502148,0.624889,0.714656,-0.006398,0.098636,-0.237176,-0.217548,0.916120,-0.699456
-0.489966,-0.103761,0.108138,0.113623,-0.035739,-0.067302,0.123406,-0.499929,0.200427,0.878496,0.751231,-1.213352,-0.914776,-0.659056,-0.470062,0.893128,-0.800901,-0.025215,0.083942,-0.587722,0.503041,0.619187,0.708135,-0.004515,0.097736,-0.233187,-0.215563,0.907760,-0.693073
-0.488043,-0.095410,0.103597,0.119625,-0.035353,-0.066575,0.122072,-0.498449,0.198261,0.865079,0.743112,-1.193754,-0.904890,-0.651934,-0.464982,0.883476,-0.790084,-0.024943,0.083035,-0.583532,0.504088,0.612496,0.700482,-0.002305,0.096680,-0.228506,-0.213233,0.897950,-0.685583
-0.485828,-0.085794,0.098369,0.126536,-0.034908,-0.065737,0.120537,-0.496745,0.195767,0.849630,0.733764,-1.171189,-0.893506,-0.643732,-0.459132,0.872362,-0.777628,-0.024629,0.081990,-0.578707,0.505295,0.604790,0.691669,0.000240,0.095464,-0.223115,-0.210551,0.886654,-0.676958
-0.483319,-0.074896,0.092444,0.134368,-0.034404,-0.064788,0.118797,-0.494814,0.192940,0.832123,0.723170,-1.145617,-0.880606,-0.634438,-0.452503,0.859767,-0.763514,-0.024273,0.080806,-0.573240,0.506662,0.596059,0.681684,0.003124,0.094086,-0.217006,-0.207511,0.873853,-0.667185
-0.480514,-0.062716,0.085822,0.143122,-0.033841,-0.063727,0.116851,-0.492656,0.189781,0.812554,0.711329,-1.117035,-0.866188,-0.624050,-0.445094,0.845690,-0.747738,-0.023876,0.079483,-0.567128,0.508191,0.586299,0.670522,0.006348,0.092545,-0.210178,-0.204113,0.859544,-0.656261
-0.477415,-0.049262,0.078508,0.152791,-0.033219,-0.062556,0.114703,-0.490272,0.186292,0.790940,0.698251,-1.085465,-0.850262,-0.612576,-0.436911,0.830140,-0.730312,-0.023437,0.078022,-0.560378,0.509879,0.575519,0.658193,0.009909,0.090843,-0.202637,-0.200360,0.843741,-0.644194
-0.474029,-0.034558,0.070513,0.163359,-0.032539,-0.061275,0.112355,-0.487666,0.182478,0.767316,0.683956,-1.050960,-0.832855,-0.600035,-0.427966,0.813146,-0.711267,-0.022957,0.076425,-0.553000,0.511724,0.563737,0.644719,0.013800,0.088984,-0.194394,-0.196258,0.826467,-0.631006
-0.470362,-0.018636,0.061857,0.174802,-0.031802,-0.059888,0.109812,-0.484845,0.178348,0.741736,0.668477,-1.013597,-0.814007,-0.586456,-0.418281,0.794743,-0.690644,-0.022437,0.074695,-0.545012,0.513721,0.550979,0.630128,0.018014,0.086970,-0.185468,-0.191817,0.807764,-0.616726
-0.466425,-0.001539,0.052562,0.187089,-0.031012,-0.058399,0.107082,-0.481815,0.173914,0.714270,0.651857,-0.973479,-0.793768,-0.571875,-0.407881,0.774984,-0.668500,-0.021880,0.072838,-0.536434,0.515867,0.537280,0.614462,0.022539,0.084808,-0.175885,-0.187048,0.787681,-0.601393
-0.462229,0.016678,0.042657,0.200182,-0.030169,-0.056813,0.104173,-0.478587,0.169189,0.685002,0.634148,-0.930731,-0.772203,-0.556339,-0.396800,0.753929,-0.644905,-0.021285,0.070859,-0.527294,0.518152,0.522684,0.597768,0.027360,0.082504,-0.165673,-0.181966,0.766281,-0.585054
-0.457790,0.035954,0.032177,0.214035,-0.029278,-0.055134,0.101094,-0.475172,0.164190,0.654034,0.615409,-0.885498,-0.749385,-0.539899,-0.385075,0.731651,-0.619938,-0.020656,0.068765,-0.517622,0.520571,0.507238,0.580104,0.032461,0.080066,-0.154867,-0.176589,0.743637,-0.567766
-0.453123,0.056218,0.021159,0.228599,-0.028340,-0.053369,0.097858,-0.471581,0.158934,0.621477,0.595709,-0.837945,-0.725396,-0.522616,-0.372748,0.708230,-0.593691,-0.019995,0.066564,-0.507455,0.523113,0.491001,0.561534,0.037825,0.077503,-0.143507,-0.170936,0.719833,-0.549591
-0.448246,0.077394,0.009647,0.243818,-0.027361,-0.051525,0.094477,-0.467829,0.153442,0.587458,0.575123,-0.788255,-0.700329,-0.504556,-0.359867,0.683756,-0.566264,-0.019304,0.064264,-0.496830,0.525770,0.474034,0.542130,0.043429,0.074824,-0.131637,-0.165029,0.694958,-0.530599
-0.443179,0.099396,-0.002315,0.259630,-0.026344,-0.049609,0.090963,-0.463930,0.147735,0.552110,0.553734,-0.736626,-0.674284,-0.485792,-0.346484,0.658327,-0.537766,-0.018586,0.061874,-0.485791,0.528531,0.456405,0.521968,0.049252,0.072042,-0.119303,-0.158892,0.669112,-0.510866
-0.437943,0.122134,-0.014678,0.275972,-0.025292,-0.047628,0.087332,-0.459901,0.141838,0.515580,0.531630,-0.683269,-0.647367,-0.466400,-0.332652,0.632047,-0.508316,-0.017844,0.059404,-0.474383,0.531384,0.438185,0.501131,0.055269,0.069166,-0.106557,-0.152549,0.642402,-0.490473
-0.432559,0.145512,-0.027388,0.292774,-0.024211,-0.045592,0.083598,-0.455759,0.135774,0.478021,0.508903,-0.628410,-0.619692,-0.446461,-0.318432,0.605027,-0.478035,-0.017081,0.056864,-0.462653,0.534317,0.419453,0.479708,0.061457,0.066209,-0.093452,-0.146028,0.614940,-0.469505
-0.427050,0.169431,-0.040393,0.309964,-0.023104,-0.043509,0.079779,-0.451520,0.129570,0.439593,0.485650,-0.572281,-0.591377,-0.426062,-0.303882,0.577383,-0.447055,-0.016301,0.054266,-0.450652,0.537318,0.400287,0.457789,0.067787,0.063184,-0.080043,-0.139355,0.586842,-0.448053
-0.421441,0.193787,-0.053635,0.327469,-0.021978,-0.041388,0.075889,-0.447205,0.123253,0.400463,0.461973,-0.515128,-0.562545,-0.405289,-0.289066,0.549233,-0.415508,-0.015506,0.051620,-0.438431,0.540374,0.380772,0.435470,0.074233,0.060103,-0.066390,-0.132561,0.558231,-0.426208
-0.415756,0.218474,-0.067056,0.345211,-0.020836,-0.039238,0.071947,-0.442830,0.116850,0.360803,0.437974,-0.457199,-0.533322,-0.384235,-0.274050,0.520701,-0.383533,-0.014701,0.048939,-0.426045,0.543472,0.360991,0.412848,0.080766,0.056981,-0.052552,-0.125675,0.529232,-0.404068
-0.410020,0.243382,-0.080598,0.363112,-0.019684,-0.037068,0.067969,-0.438417,0.110390,0.320786,0.413760,-0.398751,-0.503837,-0.362992,-0.258899,0.491914,-0.351272,-0.013888,0.046233,-0.413548,0.546597,0.341034,0.390024,0.087358,0.053831,-0.038589,-0.118727,0.499973,-0.381728
-0.404258,0.268401,-0.094201,0.381093,-0.018527,-0.034889,0.063974,-0.433984,0.103901,0.280592,0.389438,-0.340042,-0.474220,-0.341655,-0.243680,0.462998,-0.318867,-0.013071,0.043515,-0.400995,0.549736,0.320987,0.367097,0.093979,0.050667,-0.024564,-0.111748,0.470583,-0.359289
-0.398496,0.293419,-0.107803,0.399073,-0.017370,-0.032711,0.059978,-0.429551,0.097412,0.240397,0.365116,-0.281332,-0.444603,-0.320317,-0.228461,0.434082,-0.286462,-0.012255,0.040798,-0.388442,0.552875,0.300940,0.344170,0.100601,0.047502,-0.010539,-0.104769,0.441193,-0.336850
-0.392760,0.318327,-0.121345,0.416974,-0.016218,-0.030541,0.056001,-0.425137,0.090952,0.200381,0.340903,-0.222884,-0.415118,-0.299074,-0.213310,0.405294,-0.254201,-0.011442,0.038092,-0.375945,0.556001,0.280982,0.321346,0.107193,0.044352,0.003423,-0.097821,0.411934,-0.314511
-0.387074,0.343014,-0.134766,0.434716,-0.015076,-0.028391,0.052058,-0.420763,0.084549,0.160720,0.316904,-0.164955,-0.385895,-0.278020,-0.198294,0.376763,-0.222226,-0.010637,0.035411,-0.363559,0.559098,0.261202,0.298724,0.113726,0.041230,0.017262,-0.090934,0.382935,-0.292370
-0.381465,0.367370,-0.148008,0.452221,-0.013950,-0.026270,0.048169,-0.416447,0.078232,0.121591,0.293226,-0.107802,-0.357063,-0.257248,-0.183478,0.348613,-0.190679,-0.009842,0.032765,-0.351339,0.562154,0.241686,0.276405,0.120172,0.038149,0.030915,-0.084140,0.354324,-0.270526
-0.375957,0.391289,-0.161013,0.469411,-0.012844,-0.024187,0.044349,-0.412209,0.072028,0.083163,0.269974,-0.051673,-0.328748,-0.236848,-0.168928,0.320968,-0.159699,-0.009062,0.030167,-0.339338,0.565155,0.222520,0.254486,0.126502,0.035124,0.044323,-0.077468,0.326226,-0.249073
-0.370573,0.414667,-0.173723,0.486213,-0.011763,-0.022151,0.040616,-0.408066,0.065965,0.045604,0.247247,0.003186,-0.301073,-0.216910,-0.154708,0.293948,-0.129418,-0.008299,0.027627,-0.327608,0.568089,0.203788,0.233063,0.132690,0.032167,0.057429,-0.070946,0.298764,-0.228106
-0.365336,0.437405,-0.186086,0.502555,-0.010711,-0.020170,0.036985,-0.404037,0.060067,0.009073,0.225142,0.056543,-0.274156,-0.197518,-0.140876,0.267668,-0.099968,-0.007557,0.025157,-0.316199,0.570942,0.185569,0.212226,0.138707,0.029291,0.070175,-0.064604,0.272054,-0.207712
-0.360269,0.459407,-0.198048,0.518367,-0.009693,-0.018254,0.033471,-0.400139,0.054361,-0.026274,0.203753,0.108172,-0.248111,-0.178753,-0.127493,0.242240,-0.071470,-0.006839,0.022767,-0.305160,0.573702,0.167940,0.192064,0.144530,0.026509,0.082508,-0.058466,0.246208,-0.187979
-0.355392,0.480583,-0.209560,0.533586,-0.008714,-0.016410,0.030089,-0.396386,0.048869,-0.060294,0.183168,0.157862,-0.223044,-0.160693,-0.114612,0.217766,-0.044043,-0.006148,0.020467,-0.294536,0.576359,0.150973,0.172660,0.150134,0.023830,0.094379,-0.052559,0.221333,-0.168988
-0.350725,0.500847,-0.220578,0.548150,-0.007777,-0.014645,0.026853,-0.392796,0.043613,-0.092850,0.163468,0.205415,-0.199055,-0.143411,-0.102285,0.194345,-0.017796,-0.005487,0.018266,-0.284368,0.578902,0.134735,0.154090,0.155498,0.021267,0.105738,-0.046906,0.197529,-0.150813
-0.346286,0.520123,-0.231058,0.562003,-0.006885,-0.012966,0.023775,-0.389380,0.038613,-0.123819,0.144729,0.250648,-0.176237,-0.126971,-0.090560,0.172066,0.007171,-0.004858,0.016172,-0.274697,0.581320,0.119290,0.136426,0.160599,0.018829,0.116544,-0.041529,0.174885,-0.133524
-0.342091,0.538340,-0.240963,0.575096,-0.006043,-0.011380,0.020866,-0.386152,0.033888,-0.153086,0.127019,0.293396,-0.154672,-0.111434,-0.079479,0.151011,0.030766,-0.004263,0.014193,-0.265557,0.583606,0.104693,0.119732,0.165420,0.016525,0.126756,-0.036448,0.153485,-0.117186
-0.338154,0.555437,-0.250258,0.587383,-0.005252,-0.009891,0.018135,-0.383123,0.029454,-0.180553,0.110399,0.333514,-0.134433,-0.096853,-0.069079,0.131252,0.052910,-0.003706,0.012336,-0.256979,0.585751,0.090994,0.104066,0.169945,0.014363,0.136340,-0.031679,0.133402,-0.101852
-0.334487,0.571359,-0.258914,0.598826,-0.004516,-0.008504,0.015593,-0.380301,0.025325,-0.206133,0.094921,0.370877,-0.115585,-0.083274,-0.059394,0.112850,0.073533,-0.003186,0.010606,-0.248990,0.587749,0.078236,0.089475,0.174159,0.012349,0.145265,-0.027237,0.114699,-0.087572
-0.331100,0.586063,-0.266909,0.609394,-0.003836,-0.007223,0.013245,-0.377696,0.021511,-0.229756,0.080626,0.405382,-0.098178,-0.070733,-0.050449,0.095855,0.092578,-0.002706,0.009009,-0.241612,0.589594,0.066454,0.076001,0.178050,0.010490,0.153508,-0.023135,0.097425,-0.074384
-0.328002,0.599517,-0.274223,0.619063,-0.003214,-0.006052,0.011096,-0.375312,0.018021,-0.251370,0.067547,0.436952,-0.082252,-0.059259,-0.042266,0.080306,0.110004,-0.002267,0.007548,-0.234862,0.591282,0.055674,0.063672,0.181611,0.008788,0.161050,-0.019382,0.081622,-0.062318
-0.325197,0.611697,-0.280845,0.627817,-0.002650,-0.004991,0.009151,-0.373154,0.014862,-0.270939,0.055706,0.465534,-0.067834,-0.048871,-0.034857,0.066228,0.125780,-0.001870,0.006225,-0.228751,0.592810,0.045915,0.052510,0.184835,0.007247,0.167878,-0.015985,0.067313,-0.051394
-0.322687,0.622595,-0.286770,0.635649,-0.002146,-0.004042,0.007411,-0.371223,0.012036,-0.288446,0.045113,0.491106,-0.054934,-0.039577,-0.028228,0.053634,0.139894,-0.001514,0.005041,-0.223283,0.594177,0.037183,0.042525,0.187719,0.005869,0.173986,-0.012945,0.054512,-0.041620
-0.320472,0.632211,-0.291998,0.642560,-0.001701,-0.003204,0.005875,-0.369519,0.009542,-0.303896,0.035764,0.513671,-0.043550,-0.031376,-0.022378,0.042519,0.152350,-0.001200,0.003996,-0.218458,0.595384,0.029478,0.033712,0.190264,0.004653,0.179377,-0.010262,0.043216,-0.032995
-0.318549,0.640562,-0.296539,0.648562,-0.001315,-0.002477,0.004541,-0.368039,0.007376,-0.317313,0.027645,0.533269,-0.033664,-0.024253,-0.017298,0.032867,0.163167,-0.000928,0.003089,-0.214268,0.596432,0.022786,0.026059,0.192474,0.003597,0.184059,-0.007933,0.033406,-0.025505
-0.316910,0.647679,-0.300408,0.653676,-0.000986,-0.001857,0.003405,-0.366778,0.005530,-0.328746,0.020727,0.549967,-0.025240,-0.018184,-0.012970,0.024642,0.172384,-0.000696,0.002316,-0.210698,0.597325,0.017084,0.019538,0.194357,0.002697,0.188048,-0.005948,0.025046,-0.019123
-0.315546,0.653604,-0.303630,0.657935,-0.000712,-0.001341,0.002459,-0.365728,0.003993,-0.338266,0.014967,0.563873,-0.018225,-0.013130,-0.009365,0.017794,0.180059,-0.000502,0.001672,-0.207725,0.598068,0.012336,0.014108,0.195925,0.001947,0.191370,-0.004295,0.018085,-0.013808
-0.314441,0.658400,-0.306237,0.661382,-0.000490,-0.000923,0.001693,-0.364878,0.002749,-0.345970,0.010305,0.575126,-0.012548,-0.009040,-0.006448,0.012251,0.186270,-0.000346,0.001151,-0.205318,0.598670,0.008494,0.009714,0.197195,0.001341,0.194058,-0.002957,0.012452,-0.009507
-0.313579,0.662142,-0.308271,0.664071,-0.000317,-0.000597,0.001095,-0.364215,0.001779,-0.351982,0.006667,0.583906,-0.008119,-0.005849,-0.004172,0.007927,0.191117,-0.000224,0.000745,-0.203441,0.599139,0.005495,0.006285,0.198185,0.000867,0.196155,-0.001913,0.008056,-0.006151
-0.312939,0.664924,-0.309784,0.666070,-0.000189,-0.000355,0.000651,-0.363722,0.001057,-0.356451,0.003963,0.590435,-0.004825,-0.003477,-0.002480,0.004711,0.194720,-0.000133,0.000443,-0.202045,0.599489,0.003266,0.003735,0.198921,0.000516,0.197715,-0.001137,0.004788,-0.003656
-0.312493,0.666857,-0.310835,0.667460,-0.000099,-0.000187,0.000342,-0.363380,0.000556,-0.359557,0.002083,0.594972,-0.002537,-0.001828,-0.001303,0.002477,0.197225,-0.000070,0.000233,-0.201075,0.599731,0.001717,0.001964,0.199433,0.000271,0.198799,-0.000598,0.002517,-0.001922
-0.312214,0.668072,-0.311496,0.668333,-0.000043,-0.000081,0.000148,-0.363164,0.000241,-0.361509,0.000902,0.597823,-0.001098,-0.000791,-0.000564,0.001072,0.198798,-0.000030,0.000101,-0.200466,0.599884,0.000743,0.000850,0.199754,0.000117,0.199480,-0.000259,0.001090,-0.000832
-0.312065,0.668718,-0.311847,0.668797,-0.000013,-0.000025,0.000045,-0.363050,0.000073,-0.362547,0.000274,0.599338,-0.000334,-0.000241,-0.000172,0.000326,0.199635,-0.000009,0.000031,-0.200142,0.599965,0.000226,0.000259,0.199925,0.000036,0.199842,-0.000079,0.000331,-0.000253
-0.312008,0.668964,-0.311980,0.668974,-0.000002,-0.000003,0.000006,-0.363006,0.000009,-0.362942,0.000035,0.599915,-0.000043,-0.000031,-0.000022,0.000042,0.199953,-0.000001,0.000004,-0.200018,0.599995,0.000029,0.000033,0.199990,0.000005,0.199980,-0.000010,0.000042,-0.000032
-0.312000,0.669000,-0.312000,0.669000,0.000000,0.000000,0.000000,-0.363000,0.000000,-0.363000,0.000000,0.600000,0.000000,0.000000,0.000000,0.000000,0.200000,0.000000,0.000000,-0.200000,0.600000,0.000000,0.000000,0.200000,0.000000,0.200000,0.000000,0.000000,0.000000
-0.312000,0.669000,-0.312000,0.669000,0.000000,0.000000,0.000000,-0.363000,0.000000,-0.363000,0.000000,0.600000,0.000000,0.000000,0.000000,0.000000,0.200000,0.000000,0.000000,-0.200000,0.600000,0.000000,0.000000,0.200000,0.000000,0.200000,0.000000,0.000000,0.000000
-0.312000,0.669000,-0.312000,0.669000,0.000000,0.000000,0.000000,-0.363000,0.000000,-0.363000,0.000000,0.600000,0.000000,0.000000,0.000000,0.000000,0.200000,0.000000,0.000000,-0.200000,0.600000,0.000000,0.000000,0.200000,0.000000,0.200000,0.000000,0.000000,0.000000
-0.312000,0.669000,-0.312000,0.669000,0.000000,0.000000,0.000000,-0.363000,0.000000,-0.363000,0.000000,0.600000,0.000000,0.000000,0.000000,0.000000,0.200000,0.000000,0.000000,-0.200000,0.600000,0.000000,0.000000,0.200000,0.000000,0.200000,0.000000,0.000000,0.000000
-0.312000,0.669000,-0.312000,0.669000,0.000000,0.000000,0.000000,-0.363000,0.000000,-0.363000,0.000000,0.600000,0.000000,0.000000,0.000000,0.000000,0.200000,0.000000,0.000000,-0.200000,0.600000,0.000000,0.000000,0.200000,0.000000,0.200000,0.000000,0.000000,0.000000
-0.312000,0.669000,-0.312000,0.669000,0.000000,0.000000,0.000000,-0.363000,0.000000,-0.363000,0.000000,0.600000,0.000000,0.000000,0.000000,0.000000,0.200000,0.000000,0.000000,-0.200000,0.600000,0.000000,0.000000,0.200000,0.000000,0.200000,0.000000,0.000000,0.000000
-0.312000,0.669000,-0.312000,0.669000,0.000000,0.000000,0.000000,-0.363000,0.000000,-0.363000,0.000000,0.600000,0.000000,0.000000,0.000000,0.000000,0.200000,0.000000,0.000000,-0.200000,0.600000,0.000000,0.000000,0.200000,0.000000,0.200000,0.000000,0.000000,0.000000
-0.312000,0.669000,-0.312000,0.669000,0.000000,0.000000,0.000000,-0.363000,0.000000,-0.363000,0.000000,0.600000,0.000000,0.000000,0.000000,0.000000,0.200000,0.000000,0.000000,-0.200000,0.600000,0.000000,0.000000,0.200000,0.000000,0.200000,0.000000,0.000000,0.000000
-0.312000,0.669000,-0.312000,0.669000,0.000000,0.000000,0.000000,-0.363000,0.000000,-0.363000,0.000000,0.600000,0.000000,0.000000,0.000000,0.000000,0.200000,0.000000,0.000000,-0.200000,0.600000,0.000000,0.000000,0.200000,0.000000,0.200000,0.000000,0.000000,0.000000
-0.312000,0.669000,-0.312000,0.669000,0.000000,0.000000,0.000000,-0.363000,0.000000,-0.363000,0.000000,0.600000,0.000000,0.000000,0.000000,0.000000,0.200000,0.000000,0.000000,-0.200000,0.600000,0.000000,0.000000,0.200000,0.000000,0.200000,0.000000,0.000000,0.000000
-0.312000,0.669000,-0.312000,0.669000,0.000000,0.000000,0.000000,-0.363000,0.000000,-0.363000,0.000000,0.600000,0.000000,0.000000,0.000000,0.000000,0.200000,0.000000,0.000000,-0.200000,0.600000,0.000000,0.000000,0.200000,0.000000,0.200000,0.000000,0.000000,0.000000
-0.312000,0.669000,-0.312000,0.669000,0.000000,0.000000,0.000000,-0.363000,0.000000,-0.363000,0.000000,0.600000,0.000000,0.000000,0.000000,0.000000,0.200000,0.000000,0.000000,-0.200000,0.600000,0.000000,0.000000,0.200000,0.000000,0.200000,0.000000,0.000000,0.000000
-0.312000,0.669000,-0.312000,0.669000,0.000000,0.000000,0.000000,-0.363000,0.000000,-0.363000,0.000000,0.600000,0.000000,0.000000,0.000000,0.000000,0.200000,0.000000,0.000000,-0.200000,0.600000,0.000000,0.000000,0.200000,0.000000,0.200000,0.000000,0.000000,0.000000
-0.312000,0.669000,-0.312000,0.669000,0.000000,0.000000,0.000000,-0.363000,0.000000,-0.363000,0.000000,0.600000,0.000000,0.000000,0.000000,0.000000,0.200000,0.000000,0.000000,-0.200000,0.600000,0.000000,0.000000,0.200000,0.000000,0.200000,0.000000,0.000000,0.000000
-0.312000,0.669000,-0.312000,0.669000,0.000000,0.000000,0.000000,-0.363000,0.000000,-0.363000,0.000000,0.600000,0.000000,0.000000,0.000000,0.000000,0.200000,0.000000,0.000000,-0.200000,0.600000,0.000000,0.000000,0.200000,0.000000,0.200000,0.000000,0.000000,0.000000
-0.312000,0.669000,-0.312000,0.669000,0.000000,0.000000,0.000000,-0.363000,0.000000,-0.363000,0.000000,0.600000,0.000000,0.000000,0.000000,0.000000,0.200000,0.000000,0.000000,-0.200000,0.600000,0.000000,0.000000,0.200000,0.000000,0.200000,0.000000,0.000000,0.000000
-0.312000,0.669000,-0.312000,0.669000,0.000000,0.000000,0.000000,-0.363000,0.000000,-0.363000,0.000000,0.600000,0.000000,0.000000,0.000000,0.000000,0.200000,0.000000,0.000000,-0.200000,0.600000,0.000000,0.000000,0.200000,0.000000,0.200000,0.000000,0.000000,0.000000
-0.312000,0.669000,-0.312000,0.669000,0.000000,0.000000,0.000000,-0.363000,0.000000,-0.363000,0.000000,0.600000,0.000000,0.000000,0.000000,0.000000,0.200000,0.000000,0.000000,-0.200000,0.600000,0.000000,0.000000,0.200000,0.000000,0.200000,0.000000,0.000000,0.000000
-0.312000,0.669000,-0.312000,0.669000,0.000000,0.000000,0.000000,-0.363000,0.000000,-0.363000,0.000000,0.600000,0.000000,0.000000,0.000000,0.000000,0.200000,0.000000,0.000000,-0.200000,0.600000,0.000000,0.000000,0.200000,0.000000,0.200000,0.000000,0.000000,0.000000
-0.312000,0.669000,-0.312000,0.669000,0.000000,0.000000,0.000000,-0.363000,0.000000,-0.363000,0.000000,0.600000,0.000000,0.000000,0.000000,0.000000,0.200000,0.000000,0.000000,-0.200000,0.600000,0.000000,0.000000,0.200000,0.000000,0.200000,0.000000,0.000000,0.000000
-0.312000,0.669000,-0.312000,0.669000,0.000000,0.000000,0.000000,-0.363000,0.000000,-0.363000,0.000000,0.600000,0.000000,0.000000,0.000000,0.000000,0.200000,0.000000,0.000000,-0.200000,0.600000,0.000000,0.000000,0.200000,0.000000,0.200000,0.000000,0.000000,0.000000
-0.312000,0.669000,-0.312000,0.669000,0.000000,0.000000,0.000000,-0.363000,0.000000,-0.363000,0.000000,0.600000,0.000000,0.000000,0.000000,0.000000,0.200000,0.000000,0.000000,-0.200000,0.600000,0.000000,0.000000,0.200000,0.000000,0.200000,0.000000,0.000000,0.000000
-0.312000,0.669000,-0.312000,0.669000,0.000000,0.000000,0.000000,-0.363000,0.000000,-0.363000,0.000000,0.600000,0.000000,0.000000,0.000000,0.000000,0.200000,0.000000,0.000000,-0.200000,0.600000,0.000000,0.000000,0.200000,0.000000,0.200000,0.000000,0.000000,0.000000
-0.312000,0.669000,-0.312000,0.669000,0.000000,0.000000,0.000000,-0.363000,0.000000,-0.363000,0.000000,0.600000,0.000000,0.000000,0.000000,0.000000,0.200000,0.000000,0.000000,-0.200000,0.600000,0.000000,0.000000,0.200000,0.000000,0.200000,0.000000,0.000000,0.000000
-0.312000,0.669000,-0.312000,0.669000,0.000000,0.000000,0.000000,-0.363000,0.000000,-0.363000,0.000000,0.600000,0.000000,0.000000,0.000000,0.000000,0.200000,0.000000,0.000000,-0.200000,0.600000,0.000000,0.000000,0.200000,0.000000,0.200000,0.000000,0.000000,0.000000
-0.312000,0.669000,-0.312000,0.669000,0.000000,0.000000,0.000000,-0.363000,0.000000,-0.363000,0.000000,0.600000,0.000000,0.000000,0.000000,0.000000,0.200000,0.000000,0.000000,-0.200000,0.600000,0.000000,0.000000,0.200000,0.000000,0.200000,0.000000,0.000000,0.000000
-0.312000,0.669000,-0.312000,0.669000,0.000000,0.000000,0.000000,-0.363000,0.000000,-0.363000,0.000000,0.600000,0.000000,0.000000,0.000000,0.000000,0.200000,0.000000,0.000000,-0.200000,0.600000,0.000000,0.000000,0.200000,0.000000,0.200000,0.000000,0.000000,0.000000
-0.312000,0.669000,-0.312000,0.669000,0.000000,0.000000,0.000000,-0.363000,0.000000,-0.363000,0.000000,0.600000,0.000000,0.000000,0.000000,0.000000,0.200000,0.000000,0.000000,-0.200000,0.600000,0.000000,0.000000,0.200000,0.000000,0.200000,0.000000,0.000000,0.000000
-0.312000,0.669000,-0.312000,0.669000,0.000000,0.000000,0.000000,-0.363000,0.000000,-0.363000,0.000000,0.600000,0.000000,0.000000,0.000000,0.000000,0.200000,0.000000,0.000000,-0.200000,0.600000,0.000000,0.000000,0.200000,0.000000,0.200000,0.000000,0.000000,0.000000
-0.312000,0.669000,-0.312000,0.669000,0.000000,0.000000,0.000000,-0.363000,0.000000,-0.363000,0.000000,0.600000,0.000000,0.000000,0.000000,0.000000,0.200000,0.000000,0.000000,-0.200000,0.600000,0.000000,0.000000,0.200000,0.000000,0.200000,0.000000,0.000000,0.000000
-0.312000,0.669000,-0.312000,0.669000,0.000000,0.000000,0.000000,-0.363000,0.000000,-0.363000,0.000000,0.600000,0.000000,0.000000,0.000000,0.000000,0.200000,0.000000,0.000000,-0.200000,0.600000,0.000000,0.000000,0.200000,0.000000,0.200000,0.000000,0.000000,0.000000
-0.312000,0.669000,-0.312000,0.669000,0.000000,0.000000,0.000000,-0.363000,0.000000,-0.363000,0.000000,0.600000,0.000000,0.000000,0.000000,0.000000,0.200000,0.000000,0.000000,-0.200000,0.600000,0.000000,0.000000,0.200000,0.000000,0.200000,0.000000,0.000000,0.000000
-0.312000,0.669000,-0.312000,0.669000,0.000000,0.000000,0.000000,-0.363000,0.000000,-0.363000,0.000000,0.600000,0.000000,0.000000,0.000000,0.000000,0.200000,0.000000,0.000000,-0.200000,0.600000,0.000000,0.000000,0.200000,0.000000,0.200000,0.000000,0.000000,0.000000
-0.312000,0.669000,-0.312000,0.669000,0.000000,0.000000,0.000000,-0.363000,0.000000,-0.363000,0.000000,0.600000,0.000000,0.000000,0.000000,0.000000,0.200000,0.000000,0.000000,-0.200000,0.600000,0.000000,0.000000,0.200000,0.000000,0.200000,0.000000,0.000000,0.000000
-0.312000,0.669000,-0.312000,0.669000,0.000000,0.000000,0.000000,-0.363000,0.000000,-0.363000,0.000000,0.600000,0.000000,0.000000,0.000000,0.000000,0.200000,0.000000,0.000000,-0.200000,0.600000,0.000000,0.000000,0.200000,0.000000,0.200000,0.000000,0.000000,0.000000
-0.312000,0.669000,-0.312000,0.669000,0.000000,0.000000,0.000000,-0.363000,0.000000,-0.363000,0.000000,0.600000,0.000000,0.000000,0.000000,0.000000,0.200000,0.000000,0.000000,-0.200000,0.600000,0.000000,0.000000,0.200000,0.000000,0.200000,0.000000,0.000000,0.000000
-0.312000,0.669000,-0.312000,0.669000,0.000000,0.000000,0.000000,-0.363000,0.000000,-0.363000,0.000000,0.600000,0.000000,0.000000,0.000000,0.000000,0.200000,0.000000,0.000000,-0.200000,0.600000,0.000000,0.000000,0.200000,0.000000,0.200000,0.000000,0.000000,0.000000
-0.312000,0.669000,-0.312000,0.669000,0.000000,0.000000,0.000000,-0.363000,0.000000,-0.363000,0.000000,0.600000,0.000000,0.000000,0.000000,0.000000,0.200000,0.000000,0.000000,-0.200000,0.600000,0.000000,0.000000,0.200000,0.000000,0.200000,0.000000,0.000000,0.000000
-0.312000,0.669000,-0.312000,0.669000,0.000000,0.000000,0.000000,-0.363000,0.000000,-0.363000,0.000000,0.600000,0.000000,0.000000,0.000000,0.000000,0.200000,0.000000,0.000000,-0.200000,0.600000,0.000000,0.000000,0.200000,0.000000,0.200000,0.000000,0.000000,0.000000
-0.312000,0.669000,-0.312000,0.669000,0.000000,0.000000,0.000000,-0.363000,0.000000,-0.363000,0.000000,0.600000,0.000000,0.000000,0.000000,0.000000,0.200000,0.000000,0.000000,-0.200000,0.600000,0.000000,0.000000,0.200000,0.000000,0.200000,0.000000,0.000000,0.000000
-0.312000,0.669000,-0.312000,0.669000,0.000000,0.000000,0.000000,-0.363000,0.000000,-0.363000,0.000000,0.600000,0.000000,0.000000,0.000000,0.000000,0.200000,0.000000,0.000000,-0.200000,0.600000,0.000000,0.000000,0.200000,0.000000,0.200000,0.000000,0.000000,0.000000
-0.312000,0.669000,-0.312000,0.669000,0.000000,0.000000,0.000000,-0.363000,0.000000,-0.363000,0.000000,0.600000,0.000000,0.000000,0.000000,0.000000,0.200000,0.000000,0.000000,-0.200000,0.600000,0.000000,0.000000,0.200000,0.000000,0.200000,0.000000,0.000000,0.000000
-0.312000,0.669000,-0.312000,0.669000,0.000000,0.000000,0.000000,-0.363000,0.000000,-0.363000,0.000000,0.600000,0.000000,0.000000,0.000000,0.000000,0.200000,0.000000,0.000000,-0.200000,0.600000,0.000000,0.000000,0.200000,0.000000,0.200000,0.000000,0.000000,0.000000
-0.312000,0.669000,-0.312000,0.669000,0.000000,0.000000,0.000000,-0.363000,0.000000,-0.363000,0.000000,0.600000,0.000000,0.000000,0.000000,0.000000,0.200000,0.000000,0.000000,-0.200000,0.600000,0.000000,0.000000,0.200000,0.000000,0.200000,0.000000,0.000000,0.000000
-0.312000,0.669000,-0.312000,0.669000,0.000000,0.000000,0.000000,-0.363000,0.000000,-0.363000,0.000000,0.600000,0.000000,0.000000,0.000000,0.000000,0.200000,0.000000,0.000000,-0.200000,0.600000,0.000000,0.000000,0.200000,0.000000,0.200000,0.000000,0.000000,0.000000
-0.312000,0.669000,-0.312000,0.669000,0.000000,0.000000,0.000000,-0.363000,0.000000,-0.363000,0.000000,0.600000,0.000000,0.000000,0.000000,0.000000,0.200000,0.000000,0.000000,-0.200000,0.600000,0.000000,0.000000,0.200000,0.000000,0.200000,0.000000,0.000000,0.000000
-0.312000,0.669000,-0.312000,0.669000,0.000000,0.000000,0.000000,-0.363000,0.000000,-0.363000,0.000000,0.600000,0.000000,0.000000,0.000000,0.000000,0.200000,0.000000,0.000000,-0.200000,0.600000,0.000000,0.000000,0.200000,0.000000,0.200000,0.000000,0.000000,0.000000
-0.312000,0.669000,-0.312000,0.669000,0.000000,0.000000,0.000000,-0.363000,0.000000,-0.363000,0.000000,0.600000,0.000000,0.000000,0.000000,0.000000,0.200000,0.000000,0.000000,-0.200000,0.600000,0.000000,0.000000,0.200000,0.000000,0.200000,0.000000,0.000000,0.000000
-0.312000,0.669000,-0.312000,0.669000,0.000000,0.000000,0.000000,-0.363000,0.000000,-0.363000,0.000000,0.600000,0.000000,0.000000,0.000000,0.000000,0.200000,0.000000,0.000000,-0.200000,0.600000,0.000000,0.000000,0.200000,0.000000,0.200000,0.000000,0.000000,0.000000
-0.312000,0.669000,-0.312000,0.669000,0.000000,0.000000,0.000000,-0.363000,0.000000,-0.363000,0.000000,0.600000,0.000000,0.000000,0.000000,0.000000,0.200000,0.000000,0.000000,-0.200000,0.600000,0.000000,0.000000,0.200000,0.000000,0.200000,0.000000,0.000000,0.000000
-0.312000,0.669000,-0.312000,0.669000,0.000000,0.000000,0.000000,-0.363000,0.000000,-0.363000,0.000000,0.600000,0.000000,0.000000,0.000000,0.000000,0.200000,0.000000,0.000000,-0.200000,0.600000,0.000000,0.000000,0.200000,0.000000,0.200000,0.000000,0.000000,0.000000
-0.312000,0.669000,-0.312000,0.669000,0.000000,0.000000,0.000000,-0.363000,0.000000,-0.363000,0.000000,0.600000,0.000000,0.000000,0.000000,0.000000,0.200000,0.000000,0.000000,-0.200000,0.600000,0.000000,0.000000,0.200000,0.000000,0.200000,0.000000,0.000000,0.000000
-0.312000,0.669000,-0.312000,0.669000,0.000000,0.000000,0.000000,-0.363000,0.000000,-0.363000,0.000000,0.600000,0.000000,0.000000,0.000000,0.000000,0.200000,0.000000,0.000000,-0.200000,0.600000,0.000000,0.000000,0.200000,0.000000,0.200000,0.000000,0.000000,0.000000
-0.312000,0.669000,-0.312000,0.669000,0.000000,0.000000,0.000000,-0.363000,0.000000,-0.363000,0.000000,0.600000,0.000000,0.000000,0.000000,0.000000,0.200000,0.000000,0.000000,-0.200000,0.600000,0.000000,0.000000,0.200000,0.000000,0.200000,0.000000,0.000000,0.000000
-0.312000,0.669000,-0.312000,0.669000,0.000000,0.000000,0.000000,-0.363000,0.000000,-0.363000,0.000000,0.600000,0.000000,0.000000,0.000000,0.000000,0.200000,0.000000,0.000000,-0.200000,0.600000,0.000000,0.000000,0.200000,0.000000,0.200000,0.000000,0.000000,0.000000
-0.312000,0.669000,-0.312000,0.669000,0.000000,0.000000,0.000000,-0.363000,0.000000,-0.363000,0.000000,0.600000,0.000000,0.000000,0.000000,0.000000,0.200000,0.000000,0.000000,-0.200000,0.600000,0.000000,0.000000,0.200000,0.000000,0.200000,0.000000,0.000000,0.000000
-0.312000,0.669000,-0.312000,0.669000,0.000000,0.000000,0.000000,-0.363000,0.000000,-0.363000,0.000000,0.600000,0.000000,0.000000,0.000000,0.000000,0.200000,0.000000,0.000000,-0.200000,0.600000,0.000000,0.000000,0.200000,0.000000,0.200000,0.000000,0.000000,0.000000
-0.312000,0.669000,-0.312000,0.669000,0.000000,0.000000,0.000000,-0.363000,0.000000,-0.363000,0.000000,0.600000,0.000000,0.000000,0.000000,0.000000,0.200000,0.000000,0.000000,-0.200000,0.600000,0.000000,0.000000,0.200000,0.000000,0.200000,0.000000,0.000000,0.000000
-0.312000,0.669000,-0.312000,0.669000,0.000000,0.000000,0.000000,-0.363000,0.000000,-0.363000,0.000000,0.600000,0.000000,0.000000,0.000000,0.000000,0.200000,0.000000,0.000000,-0.200000,0.600000,0.000000,0.000000,0.200000,0.000000,0.200000,0.000000,0.000000,0.000000
-0.312000,0.669000,-0.312000,0.669000,0.000000,0.000000,0.000000,-0.363000,0.000000,-0.363000,0.000000,0.600000,0.000000,0.000000,0.000000,0.000000,0.200000,0.000000,0.000000,-0.200000,0.600000,0.000000,0.000000,0.200000,0.000000,0.200000,0.000000,0.000000,0.000000
-0.312000,0.669000,-0.312000,0.669000,0.000000,0.000000,0.000000,-0.363000,0.000000,-0.363000,0.000000,0.600000,0.000000,0.000000,0.000000,0.000000,0.200000,0.000000,0.000000,-0.200000,0.600000,0.000000,0.000000,0.200000,0.000000,0.200000,0.000000,0.000000,0.000000
-0.312000,0.669000,-0.312000,0.669000,0.000000,0.000000,0.000000,-0.363000,0.000000,-0.363000,0.000000,0.600000,0.000000,0.000000,0.000000,0.000000,0.200000,0.000000,0.000000,-0.200000,0.600000,0.000000,0.000000,0.200000,0.000000,0.200000,0.000000,0.000000,0.000000
-0.312000,0.669000,-0.312000,0.669000,0.000000,0.000000,0.000000,-0.363000,0.000000,-0.363000,0.000000,0.600000,0.000000,0.000000,0.000000,0.000000,0.200000,0.000000,0.000000,-0.200000,0.600000,0.000000,0.000000,0.200000,0.000000,0.200000,0.000000,0.000000,0.000000
-0.312000,0.669000,-0.312000,0.669000,0.000000,0.000000,0.000000,-0.363000,0.000000,-0.363000,0.000000,0.600000,0.000000,0.000000,0.000000,0.000000,0.200000,0.000000,0.000000,-0.200000,0.600000,0.000000,0.000000,0.200000,0.000000,0.200000,0.000000,0.000000,0.000000
-0.312000,0.669000,-0.312000,0.669000,0.000000,0.000000,0.000000,-0.363000,0.000000,-0.363000,0.000000,0.600000,0.000000,0.000000,0.000000,0.000000,0.200000,0.000000,0.000000,-0.200000,0.600000,0.000000,0.000000,0.200000,0.000000,0.200000,0.000000,0.000000,0.000000
-0.312000,0.669000,-0.312000,0.669000,0.000000,0.000000,0.000000,-0.363000,0.000000,-0.363000,0.000000,0.600000,0.000000,0.000000,0.000000,0.000000,0.200000,0.000000,0.000000,-0.200000,0.600000,0.000000,0.000000,0.200000,0.000000,0.200000,0.000000,0.000000,0.000000
-0.312000,0.669000,-0.312000,0.669000,0.000000,0.000000,0.000000,-0.363000,0.000000,-0.363000,0.000000,0.600000,0.000000,0.000000,0.000000,0.000000,0.200000,0.000000,0.000000,-0.200000,0.600000,0.000000,0.000000,0.200000,0.000000,0.200000,0.000000,0.000000,0.000000
-0.312000,0.669000,-0.312000,0.669000,0.000000,0.000000,0.000000,-0.363000,0.000000,-0.363000,0.000000,0.600000,0.000000,0.000000,0.000000,0.000000,0.200000,0.000000,0.000000,-0.200000,0.600000,0.000000,0.000000,0.200000,0.000000,0.200000,0.000000,0.000000,0.000000
-0.312000,0.669000,-0.312000,0.669000,0.000000,0.000000,0.000000,-0.363000,0.000000,-0.363000,0.000000,0.600000,0.000000,0.000000,0.000000,0.000000,0.200000,0.000000,0.000000,-0.200000,0.600000,0.000000,0.000000,0.200000,0.000000,0.200000,0.000000,0.000000,0.000000
-0.312000,0.669000,-0.312000,0.669000,0.000000,0.000000,0.000000,-0.363000,0.000000,-0.363000,0.000000,0.600000,0.000000,0.000000,0.000000,0.000000,0.200000,0.000000,0.000000,-0.200000,0.600000,0.000000,0.000000,0.200000,0.000000,0.200000,0.000000,0.000000,0.000000
-0.312000,0.669000,-0.312000,0.669000,0.000000,0.000000,0.000000,-0.363000,0.000000,-0.363000,0.000000,0.600000,0.000000,0.000000,0.000000,0.000000,0.200000,0.000000,0.000000,-0.200000,0.600000,0.000000,0.000000,0.200000,0.000000,0.200000,0.000000,0.000000,0.000000
-0.312000,0.669000,-0.312000,0.669000,0.000000,0.000000,0.000000,-0.363000,0.000000,-0.363000,0.000000,0.600000,0.000000,0.000000,0.000000,0.000000,0.200000,0.000000,0.000000,-0.200000,0.600000,0.000000,0.000000,0.200000,0.000000,0.200000,0.000000,0.000000,0.000000
-0.312000,0.669000,-0.312000,0.669000,0.000000,0.000000,0.000000,-0.363000,0.000000,-0.363000,0.000000,0.600000,0.000000,0.000000,0.000000,0.000000,0.200000,0.000000,0.000000,-0.200000,0.600000,0.000000,0.000000,0.200000,0.000000,0.200000,0.000000,0.000000,0.000000
-0.312000,0.669000,-0.312000,0.669000,0.000000,0.000000,0.000000,-0.363000,0.000000,-0.363000,0.000000,0.600000,0.000000,0.000000,0.000000,0.000000,0.200000,0.000000,0.000000,-0.200000,0.600000,0.000000,0.000000,0.200000,0.000000,0.200000,0.000000,0.000000,0.000000
-0.312000,0.669000,-0.312000,0.669000,0.000000,0.000000,0.000000,-0.363000,0.000000,-0.363000,0.000000,0.600000,0.000000,0.000000,0.000000,0.000000,0.200000,0.000000,0.000000,-0.200000,0.600000,0.000000,0.000000,0.200000,0.000000,0.200000,0.000000,0.000000,0.000000
-0.312000,0.669000,-0.312000,0.669000,0.000000,0.000000,0.000000,-0.363000,0.000000,-0.363000,0.000000,0.600000,0.000000,0.000000,0.000000,0.000000,0.200000,0.000000,0.000000,-0.200000,0.600000,0.000000,0.000000,0.200000,0.000000,0.200000,0.000000,0.000000,0.000000
