index,time_ms,time_realtime_ms,time_monotonic_ms,ros_timestamp,encoder_mode_0
0,0.000,1786879646525.458,14434343.394,0.000000000,0.000000000
1,19.989,1786879646545.448,14434363.383,0.000000000,0.000000000
2,39.987,1786879646565.446,14434383.381,0.000000000,0.000000000
3,59.987,1786879646585.445,14434403.380,0.000000000,0.000000000
4,79.991,1786879646605.449,14434423.384,0.000000000,0.000000000
5,99.989,1786879646625.448,14434443.383,0.000000000,0.000000000
6,119.988,1786879646645.446,14434463.381,0.000000000,0.000000000
7,139.987,1786879646665.445,14434483.380,0.000000000,0.000000000
8,159.986,1786879646685.445,14434503.380,0.000000000,0.000000000
9,179.986,1786879646705.445,14434523.380,0.000000000,0.000000000
10,199.989,1786879646725.448,14434543.383,0.000000000,0.000000000
11,219.988,1786879646745.447,14434563.382,0.000000000,0.000000000
12,239.987,1786879646765.446,14434583.381,0.000000000,0.000000000
13,259.987,1786879646785.446,14434603.381,0.000000000,0.000000000
14,279.988,1786879646805.447,14434623.382,0.000000000,0.000000000
15,299.986,1786879646825.445,14434643.380,0.000000000,0.000000000
16,319.989,1786879646845.448,14434663.383,0.000000000,0.000000000
17,339.988,1786879646865.447,14434683.382,0.000000000,0.000000000
18,359.988,1786879646885.446,14434703.381,0.000000000,0.000000000
19,379.987,1786879646905.446,14434723.381,0.000000000,0.000000000
20,399.986,1786879646925.445,14434743.380,0.000000000,0.000000000
21,419.990,1786879646945.449,14434763.384,0.000000000,0.000000000
22,439.989,1786879646965.448,14434783.383,0.000000000,0.000000000
23,459.990,1786879646985.448,14434803.383,0.000000000,0.000000000
24,479.989,1786879647005.447,14434823.382,0.000000000,0.000000000
25,499.987,1786879647025.446,14434843.381,0.000000000,0.000000000
26,519.991,1786879647045.449,14434863.384,0.000000000,0.000000000
27,539.987,1786879647065.446,14434883.381,0.000000000,0.000000000
28,559.986,1786879647085.445,14434903.380,0.000000000,0.000000000
29,579.991,1786879647105.450,14434923.385,0.000000000,0.000000000
30,599.988,1786879647125.447,14434943.382,0.000000000,0.000000000
31,619.987,1786879647145.445,14434963.380,0.000000000,0.000000000
32,639.986,1786879647165.445,14434983.380,0.000000000,0.000000000
33,659.990,1786879647185.448,14435003.383,0.000000000,0.000000000
34,679.988,1786879647205.447,14435023.381,0.000000000,0.000000000
35,699.988,1786879647225.446,14435043.381,0.000000000,0.000000000
36,719.987,1786879647245.445,14435063.380,0.000000000,0.000000000
37,739.986,1786879647265.445,14435083.380,0.000000000,0.000000000
38,759.986,1786879647285.445,14435103.380,0.000000000,0.000000000
39,779.987,1786879647305.446,14435123.381,0.000000000,0.000000000
40,799.987,1786879647325.446,14435143.381,0.000000000,0.000000000
41,819.990,1786879647345.448,14435163.383,0.000000000,0.000000000
42,839.988,1786879647365.447,14435183.382,0.000000000,0.000000000
43,859.987,1786879647385.446,14435203.381,0.000000000,0.000000000
44,879.987,1786879647405.445,14435223.380,0.000000000,0.000000000
45,899.986,1786879647425.445,14435243.380,0.000000000,0.000000000
46,919.986,1786879647445.445,14435263.379,0.000000000,0.000000000
47,939.989,1786879647465.448,14435283.383,0.000000000,0.000000000
48,959.989,1786879647485.448,14435303.382,0.000000000,0.000000000
49,979.987,1786879647505.446,14435323.381,0.000000000,0.000000000
50,999.986,1786879647525.445,14435343.380,0.000000000,0.000000000
51,1019.986,1786879647545.445,14435363.380,0.000000000,0.000000000
52,1039.987,1786879647565.446,14435383.381,0.000000000,0.000000000
53,1059.986,1786879647585.445,14435403.380,0.000000000,0.000000000
54,1079.986,1786879647605.445,14435423.380,0.000000000,0.000000000
55,1099.986,1786879647625.444,14435443.379,0.000000000,0.000000000
56,1119.990,1786879647645.448,14435463.383,0.000000000,0.000000000
57,1139.989,1786879647665.447,14435483.382,0.000000000,0.000000000
58,1159.988,1786879647685.447,14435503.382,0.000000000,0.000000000
59,1179.987,1786879647705.446,14435523.381,0.000000000,0.000000000
60,1199.987,1786879647725.445,14435543.380,0.000000000,0.000000000
61,1219.986,1786879647745.445,14435563.379,0.000000000,0.000000000
62,1239.991,1786879647765.450,14435583.385,0.000000000,0.000000000
63,1259.989,1786879647785.447,14435603.382,0.000000000,0.000000000
64,1279.989,1786879647805.447,14435623.382,0.000000000,0.000000000
65,1299.987,1786879647825.445,14435643.380,0.000000000,0.000000000
66,1319.987,1786879647845.446,14435663.381,0.000000000,0.000000000
67,1339.986,1786879647865.445,14435683.379,0.000000000,0.000000000
68,1359.987,1786879647885.445,14435703.380,0.000000000,0.000000000
69,1379.990,1786879647905.448,14435723.383,0.000000000,0.000000000
70,1399.989,1786879647925.447,14435743.382,0.000000000,0.000000000
71,1419.988,1786879647945.446,14435763.381,0.000000000,0.000000000
72,1439.988,1786879647965.447,14435783.382,0.000000000,0.000000000
73,1459.987,1786879647985.446,14435803.380,0.000000000,0.000000000
74,1479.985,1786879648005.444,14435823.379,0.000000000,0.000000000
75,1499.990,1786879648025.448,14435843.383,0.000000000,0.000000000
76,1519.989,1786879648045.448,14435863.383,0.000000000,0.000000000
77,1539.988,1786879648065.447,14435883.382,0.000000000,0.000000000
78,1559.989,1786879648085.448,14435903.382,0.000000000,0.000000000
79,1579.987,1786879648105.446,14435923.381,0.000000000,0.000000000
80,1599.987,1786879648125.445,14435943.380,0.000000000,0.000000000
81,1619.986,1786879648145.444,14435963.379,0.000000000,0.000000000
82,1639.989,1786879648165.448,14435983.382,0.000000000,0.000000000
83,1659.988,1786879648185.446,14436003.381,0.000000000,0.000000000
84,1679.986,1786879648205.445,14436023.380,0.000000000,0.000000000
85,1699.984,1786879648225.443,14436043.378,0.000000000,0.000000000
86,1719.984,1786879648245.442,14436063.377,0.000000000,0.000000000
87,1739.988,1786879648265.447,14436083.382,0.000000000,0.000000000
88,1759.986,1786879648285.444,14436103.379,0.000000000,0.000000000
89,1779.985,1786879648305.444,14436123.379,0.000000000,0.000000000
90,1799.985,1786879648325.443,14436143.378,0.000000000,0.000000000
91,1819.984,1786879648345.443,14436163.378,0.000000000,0.000000000
92,1839.984,1786879648365.442,14436183.377,0.000000000,0.000000000
93,1859.984,1786879648385.442,14436203.377,0.000000000,0.000000000
94,1879.984,1786879648405.442,14436223.377,0.000000000,0.000000000
95,1899.984,1786879648425.442,14436243.377,0.000000000,0.000000000
96,1919.987,1786879648445.446,14436263.380,0.000000000,0.000000000
97,1939.986,1786879648465.445,14436283.380,0.000000000,0.000000000
98,1959.985,1786879648485.444,14436303.379,0.000000000,0.000000000
99,1979.985,1786879648505.443,14436323.378,0.000000000,0.000000000
100,1999.984,1786879648525.443,14436343.378,0.000000000,0.000000000
101,2019.984,1786879648545.443,14436363.378,0.000000000,0.000000000
102,2039.983,1786879648565.442,14436383.377,0.000000000,0.000000000
103,2059.984,1786879648585.442,14436403.377,0.000000000,0.000000000
104,2079.986,1786879648605.445,14436423.380,0.000000000,0.000000000
105,2099.985,1786879648625.444,14436443.379,0.000000000,0.000000000
106,2119.987,1786879648645.446,14436463.381,0.000000000,0.000000000
107,2139.987,1786879648665.445,14436483.380,0.000000000,0.000000000
108,2159.984,1786879648685.443,14436503.378,0.000000000,0.000000000
109,2179.984,1786879648705.443,14436523.378,0.000000000,0.000000000
110,2199.988,1786879648725.447,14436543.382,0.000000000,0.000000000
111,2219.986,1786879648745.445,14436563.380,0.000000000,0.000000000
112,2239.985,1786879648765.444,14436583.379,0.000000000,0.000000000
113,2259.984,1786879648785.443,14436603.378,0.000000000,0.000000000
114,2279.988,1786879648805.447,14436623.382,0.000000000,0.000000000
115,2299.987,1786879648825.445,14436643.380,0.000000000,0.000000000
116,2319.987,1786879648845.446,14436663.381,0.000000000,0.000000000
117,2339.985,1786879648865.444,14436683.378,0.000000000,0.000000000
118,2359.984,1786879648885.443,14436703.378,0.000000000,0.000000000
119,2379.988,1786879648905.447,14436723.382,0.000000000,0.000000000
120,2399.987,1786879648925.446,14436743.381,0.000000000,0.000000000
121,2419.986,1786879648945.445,14436763.379,0.000000000,0.000000000
122,2439.985,1786879648965.444,14436783.379,0.000000000,0.000000000
123,2459.984,1786879648985.443,14436803.378,0.000000000,0.000000000
124,2479.989,1786879649005.447,14436823.382,0.000000000,0.000000000
125,2499.988,1786879649025.446,14436843.381,0.000000000,0.000000000
126,2519.985,1786879649045.444,14436863.379,0.000000000,0.000000000
127,2539.985,1786879649065.443,14436883.378,0.000000000,0.000000000
128,2559.984,1786879649085.443,14436903.378,0.000000000,0.000000000
129,2579.988,1786879649105.447,14436923.382,0.000000000,0.000000000
130,2599.986,1786879649125.445,14436943.380,0.000000000,0.000000000
131,2619.985,1786879649145.444,14436963.379,0.000000000,0.000000000
132,2639.985,1786879649165.444,14436983.379,0.000000000,0.000000000
133,2659.984,1786879649185.443,14437003.378,0.000000000,0.000000000
134,2679.989,1786879649205.447,14437023.382,0.000000000,0.000000000
135,2699.988,1786879649225.447,14437043.382,0.000000000,0.000000000
136,2719.986,1786879649245.444,14437063.379,0.000000000,0.000000000
137,2739.984,1786879649265.443,14437083.378,0.000000000,0.000000000
138,2759.985,1786879649285.444,14437103.379,0.000000000,0.000000000
139,2779.988,1786879649305.447,14437123.381,0.000000000,0.000000000
140,2799.986,1786879649325.445,14437143.380,0.000000000,0.000000000
141,2819.986,1786879649345.444,14437163.379,0.000000000,0.000000000
142,2839.987,1786879649365.445,14437183.380,0.000000000,0.000000000
143,2859.985,1786879649385.444,14437203.379,0.000000000,0.000000000
144,2879.985,1786879649405.443,14437223.378,0.000000000,0.000000000
145,2899.987,1786879649425.446,14437243.381,0.000000000,0.000000000
146,2919.986,1786879649445.445,14437263.380,0.000000000,0.000000000
147,2939.987,1786879649465.446,14437283.381,0.000000000,0.000000000
148,2959.985,1786879649485.444,14437303.379,0.000000000,0.000000000
149,2979.984,1786879649505.442,14437323.378,0.000000000,0.000000000
150,2999.984,1786879649525.443,14437343.378,0.000000000,0.000000000
151,3019.983,1786879649545.442,14437363.377,0.000000000,0.000000000
152,3039.987,1786879649565.446,14437383.380,0.000000000,0.000000000
153,3059.986,1786879649585.444,14437403.379,0.000000000,0.000000000
154,3079.985,1786879649605.444,14437423.379,0.000000000,0.000000000
155,3099.984,1786879649625.443,14437443.378,0.000000000,0.000000000
156,3119.984,1786879649645.443,14437463.378,0.000000000,0.000000000
157,3139.987,1786879649665.446,14437483.381,0.000000000,0.000000000
158,3159.989,1786879649685.448,14437503.382,0.000000000,0.000000000
159,3179.987,1786879649705.446,14437523.380,0.000000000,0.000000000
160,3199.986,1786879649725.445,14437543.379,0.000000000,0.000000000
161,3219.985,1786879649745.443,14437563.378,0.000000000,0.000000000
162,3239.985,1786879649765.444,14437583.379,0.000000000,0.000000000
163,3259.988,1786879649785.446,14437603.381,0.000000000,0.000000000
164,3279.987,1786879649805.446,14437623.381,0.000000000,0.000000000
165,3299.986,1786879649825.445,14437643.380,0.000000000,0.000000000
166,3319.985,1786879649845.444,14437663.379,0.000000000,0.000000000
167,3339.986,1786879649865.445,14437683.380,0.000000000,0.000000000
168,3359.984,1786879649885.443,14437703.378,0.000000000,0.000000000
169,3379.988,1786879649905.447,14437723.382,0.000000000,0.000000000
170,3399.987,1786879649925.445,14437743.380,0.000000000,0.000000000
171,3419.985,1786879649945.444,14437763.379,0.000000000,0.000000000
172,3439.985,1786879649965.444,14437783.378,0.000000000,0.000000000
173,3459.984,1786879649985.443,14437803.378,0.000000000,0.000000000
174,3479.988,1786879650005.447,14437823.382,0.000000000,0.000000000
175,3499.987,1786879650025.445,14437843.380,0.000000000,0.000000000
176,3519.985,1786879650045.444,14437863.379,0.000000000,0.000000000
177,3539.985,1786879650065.444,14437883.379,0.000000000,0.000000000
178,3559.985,1786879650085.444,14437903.379,0.000000000,0.000000000
179,3579.984,1786879650105.443,14437923.378,0.000000000,0.000000000
180,3599.984,1786879650125.443,14437943.378,0.000000000,0.000000000
181,3619.988,1786879650145.446,14437963.381,0.000000000,0.000000000
182,3639.986,1786879650165.445,14437983.380,0.000000000,0.000000000
183,3659.986,1786879650185.445,14438003.380,0.000000000,0.000000000
184,3679.986,1786879650205.444,14438023.379,0.000000000,0.000000000
185,3699.985,1786879650225.444,14438043.379,0.000000000,0.000000000
186,3719.985,1786879650245.443,14438063.378,0.000000000,0.000000000
187,3739.984,1786879650265.443,14438083.378,0.000000000,0.000000000
188,3759.986,1786879650285.444,14438103.379,0.000000000,0.000000000
189,3779.987,1786879650305.446,14438123.381,0.000000000,0.000000000
190,3799.987,1786879650325.445,14438143.380,0.000000000,0.000000000
191,3819.987,1786879650345.445,14438163.380,0.000000000,0.000000000
192,3839.986,1786879650365.445,14438183.379,0.000000000,0.000000000
193,3859.985,1786879650385.444,14438203.378,0.000000000,0.000000000
194,3879.984,1786879650405.443,14438223.378,0.000000000,0.000000000
195,3899.987,1786879650425.446,14438243.381,0.000000000,0.000000000
196,3919.986,1786879650445.445,14438263.380,0.000000000,0.000000000
197,3939.985,1786879650465.444,14438283.378,0.000000000,0.000000000
198,3959.985,1786879650485.443,14438303.378,0.000000000,0.000000000
199,3979.984,1786879650505.443,14438323.378,0.000000000,0.000000000
200,3999.987,1786879650525.446,14438343.381,0.000000000,0.000000000
201,4019.986,1786879650545.445,14438363.380,0.000000000,0.000000000
202,4039.986,1786879650565.444,14438383.379,0.000000000,0.000000000
203,4059.985,1786879650585.443,14438403.378,0.000000000,0.000000000
204,4079.984,1786879650605.443,14438423.378,0.000000000,0.000000000
205,4099.988,1786879650625.447,14438443.382,0.000000000,0.000000000
206,4119.987,1786879650645.445,14438463.380,0.000000000,0.000000000
207,4139.988,1786879650665.447,14438483.382,0.000000000,0.000000000
208,4159.986,1786879650685.445,14438503.380,0.000000000,0.000000000
209,4179.985,1786879650705.444,14438523.378,0.000000000,0.000000000
210,4199.985,1786879650725.444,14438543.379,0.000000000,0.000000000
211,4219.984,1786879650745.443,14438563.378,0.000000000,0.000000000
212,4239.985,1786879650765.444,14438583.379,0.000000000,0.000000000
213,4259.985,1786879650785.444,14438603.379,0.000000000,0.000000000
214,4279.987,1786879650805.446,14438623.381,0.000000000,0.000000000
215,4299.987,1786879650825.446,14438643.381,0.000000000,0.000000000
216,4319.985,1786879650845.444,14438663.379,0.000000000,0.000000000
217,4339.985,1786879650865.444,14438683.379,0.000000000,0.000000000
218,4359.984,1786879650885.443,14438703.378,0.000000000,0.000000000
219,4379.987,1786879650905.446,14438723.381,0.000000000,0.000000000
220,4399.986,1786879650925.445,14438743.380,0.000000000,0.000000000
221,4419.985,1786879650945.443,14438763.378,0.000000000,0.000000000
222,4439.985,1786879650965.443,14438783.378,0.000000000,0.000000000
223,4459.984,1786879650985.442,14438803.377,0.000000000,0.000000000
224,4479.987,1786879651005.446,14438823.381,0.000000000,0.000000000
225,4499.986,1786879651025.444,14438843.379,0.000000000,0.000000000
226,4519.986,1786879651045.445,14438863.380,0.000000000,0.000000000
227,4539.984,1786879651065.443,14438883.378,0.000000000,0.000000000
228,4559.984,1786879651085.443,14438903.378,0.000000000,0.000000000
229,4579.984,1786879651105.443,14438923.378,0.000000000,0.000000000
230,4599.988,1786879651125.446,14438943.381,0.000000000,0.000000000
231,4619.986,1786879651145.445,14438963.379,0.000000000,0.000000000
232,4639.985,1786879651165.444,14438983.379,0.000000000,0.000000000
233,4659.985,1786879651185.443,14439003.378,0.000000000,0.000000000
234,4679.994,1786879651205.453,14439023.388,0.000000000,0.000000000
235,4699.990,1786879651225.448,14439043.383,0.000000000,0.000000000
236,4719.988,1786879651245.447,14439063.382,0.000000000,0.000000000
237,4739.988,1786879651265.446,14439083.381,0.000000000,0.000000000
238,4759.986,1786879651285.445,14439103.380,0.000000000,0.000000000
239,4779.991,1786879651305.450,14439123.385,0.000000000,0.000000000
240,4799.988,1786879651325.447,14439143.382,0.000000000,0.000000000
241,4819.988,1786879651345.446,14439163.381,0.000000000,0.000000000
242,4839.986,1786879651365.445,14439183.380,0.000000000,0.000000000
243,4859.986,1786879651385.445,14439203.379,0.000000000,0.000000000
244,4879.991,1786879651405.449,14439223.384,0.000000000,0.000000000
245,4899.988,1786879651425.447,14439243.382,0.000000000,0.000000000
246,4919.986,1786879651445.445,14439263.380,0.000000000,0.000000000
247,4939.988,1786879651465.447,14439283.382,0.000000000,0.000000000
248,4959.985,1786879651485.444,14439303.379,0.000000000,0.000000000
249,4979.989,1786879651505.448,14439323.383,0.000000000,0.000000000
250,4999.989,1786879651525.447,14439343.382,0.000000000,0.000000000
251,5019.988,1786879651545.447,14439363.382,0.000000000,0.000000000
252,5039.986,1786879651565.445,14439383.380,0.000000000,0.000000000
253,5059.986,1786879651585.445,14439403.380,0.000000000,0.000000000
254,5079.987,1786879651605.446,14439423.380,0.000000000,0.000000000
255,5099.986,1786879651625.445,14439443.380,0.000000000,0.000000000
256,5119.988,1786879651645.447,14439463.382,0.000000000,0.000000000
257,5139.990,1786879651665.449,14439483.384,0.000000000,0.000000000
258,5159.989,1786879651685.447,14439503.382,0.000000000,0.000000000
259,5179.988,1786879651705.446,14439523.381,0.000000000,0.000000000
260,5199.988,1786879651725.447,14439543.382,0.000000000,0.000000000
261,5219.985,1786879651745.444,14439563.379,0.000000000,0.000000000
262,5239.984,1786879651765.443,14439583.378,0.000000000,0.000000000
263,5259.988,1786879651785.447,14439603.382,0.000000000,0.000000000
264,5279.986,1786879651805.445,14439623.380,0.000000000,0.000000000
265,5299.986,1786879651825.444,14439643.379,0.000000000,0.000000000
266,5319.985,1786879651845.444,14439663.378,0.000000000,0.000000000
267,5339.988,1786879651865.447,14439683.382,0.000000000,0.000000000
268,5359.987,1786879651885.445,14439703.380,0.000000000,0.000000000
269,5379.986,1786879651905.444,14439723.379,0.000000000,0.000000000
270,5399.986,1786879651925.444,14439743.379,0.000000000,0.000000000
271,5419.988,1786879651945.447,14439763.382,0.000000000,0.000000000
272,5439.987,1786879651965.445,14439783.380,0.000000000,0.000000000
273,5459.986,1786879651985.444,14439803.379,0.000000000,0.000000000
274,5479.986,1786879652005.445,14439823.380,0.000000000,0.000000000
275,5499.985,1786879652025.444,14439843.379,0.000000000,0.000000000
276,5519.988,1786879652045.447,14439863.382,0.000000000,0.000000000
277,5539.987,1786879652065.445,14439883.380,0.000000000,0.000000000
278,5559.987,1786879652085.445,14439903.380,0.000000000,0.000000000
279,5579.986,1786879652105.444,14439923.379,0.000000000,0.000000000
280,5599.986,1786879652125.445,14439943.380,0.000000000,0.000000000
281,5619.988,1786879652145.447,14439963.382,0.000000000,0.000000000
282,5639.988,1786879652165.447,14439983.381,0.000000000,0.000000000
283,5659.987,1786879652185.445,14440003.380,0.000000000,0.000000000
284,5679.986,1786879652205.445,14440023.379,0.000000000,0.000000000
285,5699.985,1786879652225.444,14440043.379,0.000000000,0.000000000
286,5719.988,1786879652245.447,14440063.381,0.000000000,0.000000000
287,5739.987,1786879652265.445,14440083.380,0.000000000,0.000000000
288,5759.985,1786879652285.444,14440103.379,0.000000000,0.000000000
289,5779.985,1786879652305.443,14440123.378,0.000000000,0.000000000
290,5799.985,1786879652325.443,14440143.378,0.000000000,0.000000000
291,5819.987,1786879652345.446,14440163.381,0.000000000,0.000000000
292,5839.987,1786879652365.446,14440183.380,0.000000000,0.000000000
293,5859.986,1786879652385.445,14440203.380,0.000000000,0.000000000
294,5879.985,1786879652405.444,14440223.379,0.000000000,0.000000000
295,5899.989,1786879652425.448,14440243.383,0.000000000,0.000000000
296,5919.989,1786879652445.447,14440263.382,0.000000000,0.000000000
297,5939.986,1786879652465.445,14440283.380,0.000000000,0.000000000
298,5959.985,1786879652485.444,14440303.379,0.000000000,0.000000000
299,5979.985,1786879652505.444,14440323.379,0.000000000,0.000000000
300,5999.985,1786879652525.443,14440343.378,0.000000000,0.000000000
301,6019.988,1786879652545.447,14440363.382,0.000000000,0.000000000
302,6039.987,1786879652565.445,14440383.380,0.000000000,0.000000000
303,6059.986,1786879652585.444,14440403.379,0.000000000,0.000000000
304,6079.985,1786879652605.444,14440423.379,0.000000000,0.000000000
305,6099.986,1786879652625.445,14440443.380,0.000000000,0.000000000
306,6119.985,1786879652645.444,14440463.379,0.000000000,0.000000000
307,6139.988,1786879652665.446,14440483.381,0.000000000,0.000000000
308,6159.990,1786879652685.449,14440503.384,0.000000000,0.000000000
309,6179.987,1786879652705.446,14440523.381,0.000000000,0.000000000
310,6199.986,1786879652725.444,14440543.379,0.000000000,0.000000000
311,6219.987,1786879652745.446,14440563.381,0.000000000,0.000000000
312,6239.985,1786879652765.443,14440583.378,0.000000000,0.000000000
313,6259.988,1786879652785.446,14440603.381,0.000000000,0.000000000
314,6279.986,1786879652805.445,14440623.380,0.000000000,0.000000000
315,6299.986,1786879652825.444,14440643.379,0.000000000,0.000000000
316,6319.985,1786879652845.444,14440663.379,0.000000000,0.000000000
317,6339.984,1786879652865.443,14440683.378,0.000000000,0.000000000
318,6359.988,1786879652885.446,14440703.381,0.000000000,0.000000000
319,6379.987,1786879652905.446,14440723.380,0.000000000,0.000000000
320,6399.986,1786879652925.445,14440743.380,0.000000000,0.000000000
321,6419.984,1786879652945.443,14440763.378,0.000000000,0.000000000
322,6439.984,1786879652965.443,14440783.378,0.000000000,0.000000000
323,6459.984,1786879652985.442,14440803.377,0.000000000,0.000000000
324,6479.988,1786879653005.447,14440823.381,0.000000000,0.000000000
325,6499.987,1786879653025.446,14440843.381,0.000000000,0.000000000
326,6519.985,1786879653045.444,14440863.379,0.000000000,0.000000000
327,6539.984,1786879653065.443,14440883.378,0.000000000,0.000000000
328,6559.984,1786879653085.443,14440903.378,0.000000000,0.000000000
329,6579.987,1786879653105.446,14440923.381,0.000000000,0.000000000
330,6599.986,1786879653125.445,14440943.380,0.000000000,0.000000000
331,6619.987,1786879653145.446,14440963.381,0.000000000,0.000000000
332,6639.985,1786879653165.444,14440983.379,0.000000000,0.000000000
333,6659.985,1786879653185.444,14441003.379,0.000000000,0.000000000
334,6679.985,1786879653205.443,14441023.378,0.000000000,0.000000000
335,6699.984,1786879653225.443,14441043.378,0.000000000,0.000000000
336,6719.988,1786879653245.447,14441063.382,0.000000000,0.000000000
337,6739.987,1786879653265.446,14441083.381,0.000000000,0.000000000
338,6759.986,1786879653285.445,14441103.380,0.000000000,0.000000000
339,6779.986,1786879653305.445,14441123.380,0.000000000,0.000000000
340,6799.985,1786879653325.444,14441143.378,0.000000000,0.000000000
341,6819.988,1786879653345.447,14441163.381,0.000000000,0.000000000
342,6839.987,1786879653365.445,14441183.380,0.000000000,0.000000000
343,6859.986,1786879653385.445,14441203.380,0.000000000,0.000000000
344,6879.985,1786879653405.444,14441223.379,0.000000000,0.000000000
345,6899.985,1786879653425.444,14441243.379,0.000000000,0.000000000
346,6919.988,1786879653445.446,14441263.381,0.000000000,0.000000000
347,6939.986,1786879653465.445,14441283.380,0.000000000,0.000000000
348,6959.985,1786879653485.444,14441303.379,0.000000000,0.000000000
349,6979.985,1786879653505.444,14441323.379,0.000000000,0.000000000
350,6999.985,1786879653525.444,14441343.379,0.000000000,0.000000000
351,7019.984,1786879653545.443,14441363.378,0.000000000,0.000000000
352,7039.986,1786879653565.444,14441383.379,0.000000000,0.000000000
353,7059.988,1786879653585.447,14441403.382,0.000000000,0.000000000
354,7079.987,1786879653605.446,14441423.380,0.000000000,0.000000000
355,7099.985,1786879653625.444,14441443.379,0.000000000,0.000000000
356,7119.985,1786879653645.444,14441463.379,0.000000000,0.000000000
357,7139.986,1786879653665.445,14441483.379,0.000000000,0.000000000
358,7159.987,1786879653685.446,14441503.381,0.000000000,0.000000000
359,7179.988,1786879653705.447,14441523.382,0.000000000,0.000000000
360,7199.987,1786879653725.445,14441543.380,0.000000000,0.000000000
361,7219.986,1786879653745.445,14441563.380,0.000000000,0.000000000
362,7239.985,1786879653765.444,14441583.379,0.000000000,0.000000000
363,7259.985,1786879653785.443,14441603.378,0.000000000,0.000000000
364,7279.984,1786879653805.443,14441623.378,0.000000000,0.000000000
365,7299.985,1786879653825.444,14441643.378,0.000000000,0.000000000
366,7319.984,1786879653845.443,14441663.378,0.000000000,0.000000000
367,7339.984,1786879653865.443,14441683.378,0.000000000,0.000000000
368,7359.984,1786879653885.443,14441703.378,0.000000000,0.000000000
369,7379.986,1786879653905.445,14441723.380,0.000000000,0.000000000
370,7399.986,1786879653925.445,14441743.380,0.000000000,0.000000000
371,7419.986,1786879653945.445,14441763.380,0.000000000,0.000000000
372,7439.985,1786879653965.444,14441783.379,0.000000000,0.000000000
373,7459.984,1786879653985.443,14441803.378,0.000000000,0.000000000
374,7479.984,1786879654005.442,14441823.377,0.000000000,0.000000000
375,7499.984,1786879654025.443,14441843.378,0.000000000,0.000000000
376,7519.985,1786879654045.443,14441863.378,0.000000000,0.000000000
377,7539.984,1786879654065.443,14441883.378,0.000000000,0.000000000
378,7559.985,1786879654085.444,14441903.379,0.000000000,0.000000000
379,7579.984,1786879654105.443,14441923.378,0.000000000,0.000000000
380,7599.987,1786879654125.446,14441943.381,0.000000000,0.000000000
381,7619.987,1786879654145.446,14441963.381,0.000000000,0.000000000
382,7639.986,1786879654165.444,14441983.379,0.000000000,0.000000000
383,7659.985,1786879654185.444,14442003.379,0.000000000,0.000000000
384,7679.984,1786879654205.443,14442023.378,0.000000000,0.000000000
385,7699.987,1786879654225.446,14442043.381,0.000000000,0.000000000
386,7719.986,1786879654245.445,14442063.380,0.000000000,0.000000000
387,7739.985,1786879654265.443,14442083.378,0.000000000,0.000000000
388,7759.985,1786879654285.443,14442103.378,0.000000000,0.000000000
389,7779.984,1786879654305.443,14442123.378,0.000000000,0.000000000
390,7799.985,1786879654325.444,14442143.378,0.000000000,0.000000000
391,7819.984,1786879654345.443,14442163.378,0.000000000,0.000000000
392,7839.984,1786879654365.443,14442183.378,0.000000000,0.000000000
393,7859.984,1786879654385.442,14442203.377,0.000000000,0.000000000
394,7879.988,1786879654405.446,14442223.381,0.000000000,0.000000000
395,7899.986,1786879654425.445,14442243.380,0.000000000,0.000000000
396,7919.984,1786879654445.442,14442263.378,0.000000000,0.000000000
397,7939.984,1786879654465.442,14442283.377,0.000000000,0.000000000
398,7959.984,1786879654485.442,14442303.377,0.000000000,0.000000000
399,7979.988,1786879654505.446,14442323.381,0.000000000,0.000000000
400,7999.986,1786879654525.445,14442343.380,0.000000000,0.000000000
401,8019.985,1786879654545.444,14442363.379,0.000000000,0.000000000
402,8039.984,1786879654565.443,14442383.378,0.000000000,0.000000000
403,8059.984,1786879654585.443,14442403.378,0.000000000,0.000000000
404,8079.984,1786879654605.442,14442423.378,0.000000000,0.000000000
405,8099.987,1786879654625.446,14442443.381,0.000000000,0.000000000
406,8119.986,1786879654645.444,14442463.379,0.000000000,0.000000000
407,8139.984,1786879654665.443,14442483.378,0.000000000,0.000000000
408,8159.988,1786879654685.447,14442503.382,0.000000000,0.000000000
409,8179.991,1786879654705.450,14442523.385,0.000000000,0.000000000
410,8199.989,1786879654725.448,14442543.383,0.000000000,0.000000000
411,8219.986,1786879654745.445,14442563.379,0.000000000,0.000000000
412,8239.985,1786879654765.444,14442583.378,0.000000000,0.000000000
413,8259.985,1786879654785.444,14442603.379,0.000000000,0.000000000
414,8279.985,1786879654805.444,14442623.378,0.000000000,0.000000000
415,8299.984,1786879654825.443,14442643.378,0.000000000,0.000000000
416,8319.984,1786879654845.443,14442663.378,0.000000000,0.000000000
417,8339.983,1786879654865.442,14442683.377,0.000000000,0.000000000
418,8359.983,1786879654885.442,14442703.377,0.000000000,0.000000000
419,8379.987,1786879654905.446,14442723.381,0.000000000,0.000000000
420,8399.985,1786879654925.444,14442743.378,0.000000000,0.000000000
421,8419.984,1786879654945.443,14442763.378,0.000000000,0.000000000
422,8439.985,1786879654965.444,14442783.378,0.000000000,0.000000000
423,8459.984,1786879654985.443,14442803.378,0.000000000,0.000000000
424,8479.984,1786879655005.443,14442823.378,0.000000000,0.000000000
425,8499.984,1786879655025.443,14442843.378,0.000000000,0.000000000
426,8519.984,1786879655045.442,14442863.377,0.000000000,0.000000000
427,8539.984,1786879655065.442,14442883.377,0.000000000,0.000000000
428,8559.983,1786879655085.442,14442903.377,0.000000000,0.000000000
429,8579.987,1786879655105.446,14442923.381,0.000000000,0.000000000
430,8599.985,1786879655125.444,14442943.379,0.000000000,0.000000000
431,8619.985,1786879655145.443,14442963.378,0.000000000,0.000000000
432,8639.984,1786879655165.443,14442983.378,0.000000000,0.000000000
433,8659.984,1786879655185.443,14443003.378,0.000000000,0.000000000
434,8679.983,1786879655205.442,14443023.377,0.000000000,0.000000000
435,8699.986,1786879655225.445,14443043.380,0.000000000,0.000000000
436,8719.986,1786879655245.445,14443063.380,0.000000000,0.000000000
437,8739.985,1786879655265.444,14443083.379,0.000000000,0.000000000
438,8759.984,1786879655285.443,14443103.378,0.000000000,0.000000000
439,8779.984,1786879655305.443,14443123.378,0.000000000,0.000000000
440,8799.985,1786879655325.444,14443143.379,0.000000000,0.000000000
441,8819.984,1786879655345.442,14443163.377,0.000000000,0.000000000
442,8839.984,1786879655365.442,14443183.377,0.000000000,0.000000000
443,8859.983,1786879655385.442,14443203.377,0.000000000,0.000000000
444,8879.987,1786879655405.446,14443223.381,0.000000000,0.000000000
445,8899.986,1786879655425.445,14443243.380,0.000000000,0.000000000
446,8919.985,1786879655445.444,14443263.379,0.000000000,0.000000000
447,8939.985,1786879655465.443,14443283.378,0.000000000,0.000000000
448,8959.984,1786879655485.442,14443303.377,0.000000000,0.000000000
449,8979.984,1786879655505.442,14443323.377,0.000000000,0.000000000
450,8999.983,1786879655525.442,14443343.377,0.000000000,0.000000000
451,9019.987,1786879655545.446,14443363.381,0.000000000,0.000000000
452,9039.986,1786879655565.445,14443383.380,0.000000000,0.000000000
453,9059.985,1786879655585.444,14443403.378,0.000000000,0.000000000
454,9079.984,1786879655605.443,14443423.378,0.000000000,0.000000000
455,9099.988,1786879655625.446,14443443.381,0.000000000,0.000000000
456,9119.986,1786879655645.445,14443463.380,0.000000000,0.000000000
457,9139.985,1786879655665.444,14443483.379,0.000000000,0.000000000
458,9159.986,1786879655685.445,14443503.380,0.000000000,0.000000000
459,9179.986,1786879655705.445,14443523.380,0.000000000,0.000000000
460,9199.984,1786879655725.443,14443543.378,0.000000000,0.000000000
461,9219.987,1786879655745.446,14443563.381,0.000000000,0.000000000
462,9239.986,1786879655765.445,14443583.380,0.000000000,0.000000000
463,9259.985,1786879655785.444,14443603.379,0.000000000,0.000000000
464,9279.985,1786879655805.444,14443623.379,0.000000000,0.000000000
465,9299.985,1786879655825.444,14443643.379,0.000000000,0.000000000
466,9319.984,1786879655845.443,14443663.378,0.000000000,0.000000000
467,9339.984,1786879655865.442,14443683.377,0.000000000,0.000000000
468,9359.984,1786879655885.442,14443703.378,0.000000000,0.000000000
469,9379.984,1786879655905.442,14443723.377,0.000000000,0.000000000
470,9399.987,1786879655925.446,14443743.381,0.000000000,0.000000000
471,9419.986,1786879655945.445,14443763.380,0.000000000,0.000000000
472,9439.985,1786879655965.444,14443783.379,0.000000000,0.000000000
473,9459.985,1786879655985.444,14443803.378,0.000000000,0.000000000
474,9479.985,1786879656005.443,14443823.378,0.000000000,0.000000000
475,9499.987,1786879656025.445,14443843.380,0.000000000,0.000000000
476,9519.984,1786879656045.443,14443863.378,0.000000000,0.000000000
477,9539.984,1786879656065.443,14443883.378,0.000000000,0.000000000
478,9559.985,1786879656085.443,14443903.378,0.000000000,0.000000000
479,9579.985,1786879656105.443,14443923.378,0.000000000,0.000000000
480,9599.984,1786879656125.442,14443943.377,0.000000000,0.000000000
481,9619.987,1786879656145.446,14443963.381,0.000000000,0.000000000
482,9639.985,1786879656165.444,14443983.379,0.000000000,0.000000000
483,9659.985,1786879656185.443,14444003.378,0.000000000,0.000000000
484,9679.984,1786879656205.443,14444023.378,0.000000000,0.000000000
485,9699.984,1786879656225.443,14444043.378,0.000000000,0.000000000
486,9719.984,1786879656245.442,14444063.377,0.000000000,0.000000000
487,9739.984,1786879656265.442,14444083.377,0.000000000,0.000000000
488,9759.987,1786879656285.446,14444103.381,0.000000000,0.000000000
489,9779.986,1786879656305.445,14444123.380,0.000000000,0.000000000
490,9799.985,1786879656325.444,14444143.379,0.000000000,0.000000000
491,9819.984,1786879656345.443,14444163.378,0.000000000,0.000000000
492,9839.984,1786879656365.443,14444183.378,0.000000000,0.000000000
493,9859.984,1786879656385.442,14444203.378,0.000000000,0.000000000
494,9879.987,1786879656405.445,14444223.380,0.000000000,0.000000000
495,9899.986,1786879656425.444,14444243.379,0.000000000,0.000000000
496,9919.985,1786879656445.444,14444263.378,0.000000000,0.000000000
497,9939.984,1786879656465.443,14444283.378,0.000000000,0.000000000
498,9959.984,1786879656485.443,14444303.378,0.000000000,0.000000000
499,9979.984,1786879656505.443,14444323.378,0.000000000,0.000000000
500,9999.986,1786879656525.444,14444343.379,0.000000000,0.000000000
501,10019.984,1786879656545.443,14444363.378,0.000000000,0.000000000
502,10039.984,1786879656565.442,14444383.377,0.000000000,0.000000000
503,10059.984,1786879656585.443,14444403.378,0.000000000,0.000000000
504,10079.989,1786879656605.448,14444423.383,0.000000000,0.000000000
505,10099.987,1786879656625.446,14444443.381,0.000000000,0.000000000
506,10119.985,1786879656645.444,14444463.379,0.000000000,0.000000000
507,10139.985,1786879656665.443,14444483.378,0.000000000,0.000000000
508,10159.984,1786879656685.443,14444503.378,0.000000000,0.000000000
509,10179.989,1786879656705.448,14444523.383,0.000000000,0.000000000
510,10199.988,1786879656725.446,14444543.381,0.000000000,0.000000000
511,10219.986,1786879656745.445,14444563.380,0.000000000,0.000000000
512,10239.985,1786879656765.444,14444583.379,0.000000000,0.000000000
513,10259.985,1786879656785.443,14444603.378,0.000000000,0.000000000
514,10279.984,1786879656805.443,14444623.378,0.000000000,0.000000000
515,10299.984,1786879656825.442,14444643.377,0.000000000,0.000000000
516,10319.987,1786879656845.446,14444663.381,0.000000000,0.000000000
517,10339.986,1786879656865.445,14444683.380,0.000000000,0.000000000
518,10359.985,1786879656885.443,14444703.378,0.000000000,0.000000000
519,10379.985,1786879656905.443,14444723.378,0.000000000,0.000000000
520,10399.985,1786879656925.444,14444743.379,0.000000000,0.000000000
521,10419.987,1786879656945.446,14444763.381,0.000000000,0.000000000
522,10439.986,1786879656965.445,14444783.380,0.000000000,0.000000000
523,10459.986,1786879656985.445,14444803.379,0.000000000,0.000000000
524,10479.985,1786879657005.444,14444823.379,0.000000000,0.000000000
525,10499.985,1786879657025.444,14444843.379,0.000000000,0.000000000
526,10519.984,1786879657045.443,14444863.378,0.000000000,0.000000000
527,10539.984,1786879657065.442,14444883.377,0.000000000,0.000000000
528,10559.987,1786879657085.445,14444903.380,0.000000000,0.000000000
529,10579.985,1786879657105.444,14444923.379,0.000000000,0.000000000
530,10599.984,1786879657125.443,14444943.378,0.000000000,0.000000000
531,10619.984,1786879657145.442,14444963.377,0.000000000,0.000000000
532,10639.984,1786879657165.442,14444983.377,0.000000000,0.000000000
533,10659.983,1786879657185.442,14445003.377,0.000000000,0.000000000
534,10679.984,1786879657205.443,14445023.378,0.000000000,0.000000000
535,10699.985,1786879657225.444,14445043.379,0.000000000,0.000000000
536,10719.985,1786879657245.444,14445063.379,0.000000000,0.000000000
537,10739.984,1786879657265.443,14445083.378,0.000000000,0.000000000
538,10759.984,1786879657285.443,14445103.378,0.000000000,0.000000000
539,10779.984,1786879657305.442,14445123.377,0.000000000,0.000000000
540,10799.984,1786879657325.442,14445143.378,0.000000000,0.000000000
541,10819.984,1786879657345.442,14445163.377,0.000000000,0.000000000
542,10839.988,1786879657365.446,14445183.381,0.000000000,0.000000000
543,10859.986,1786879657385.445,14445203.380,0.000000000,0.000000000
544,10879.985,1786879657405.444,14445223.379,0.000000000,0.000000000
545,10899.984,1786879657425.442,14445243.378,0.000000000,0.000000000
546,10919.984,1786879657445.443,14445263.378,0.000000000,0.000000000
547,10939.984,1786879657465.443,14445283.378,0.000000000,0.000000000
548,10959.983,1786879657485.442,14445303.377,0.000000000,0.000000000
549,10979.984,1786879657505.442,14445323.377,0.000000000,0.000000000
550,10999.983,1786879657525.442,14445343.377,0.000000000,0.000000000
551,11019.989,1786879657545.447,14445363.382,0.000000000,0.000000000
552,11039.986,1786879657565.445,14445383.379,0.000000000,0.000000000
553,11059.985,1786879657585.444,14445403.379,0.000000000,0.000000000
554,11079.984,1786879657605.443,14445423.378,0.000000000,0.000000000
555,11099.985,1786879657625.443,14445443.378,0.000000000,0.000000000
556,11119.984,1786879657645.443,14445463.378,0.000000000,0.000000000
557,11139.984,1786879657665.442,14445483.377,0.000000000,0.000000000
558,11159.984,1786879657685.442,14445503.377,0.000000000,0.000000000
559,11179.990,1786879657705.449,14445523.384,0.000000000,0.000000000
560,11199.988,1786879657725.447,14445543.382,0.000000000,0.000000000
561,11219.986,1786879657745.445,14445563.380,0.000000000,0.000000000
562,11239.985,1786879657765.444,14445583.379,0.000000000,0.000000000
563,11259.985,1786879657785.444,14445603.379,0.000000000,0.000000000
564,11279.985,1786879657805.444,14445623.378,0.000000000,0.000000000
565,11299.984,1786879657825.443,14445643.378,0.000000000,0.000000000
566,11319.988,1786879657845.447,14445663.381,0.000000000,0.000000000
567,11339.988,1786879657865.447,14445683.382,0.000000000,0.000000000
568,11359.986,1786879657885.445,14445703.379,0.000000000,0.000000000
569,11379.985,1786879657905.443,14445723.378,0.000000000,0.000000000
570,11399.984,1786879657925.443,14445743.378,0.000000000,0.000000000
571,11419.987,1786879657945.446,14445763.381,0.000000000,0.000000000
572,11439.987,1786879657965.445,14445783.380,0.000000000,0.000000000
573,11459.985,1786879657985.444,14445803.379,0.000000000,0.000000000
574,11479.985,1786879658005.444,14445823.379,0.000000000,0.000000000
575,11499.985,1786879658025.443,14445843.378,0.000000000,0.000000000
576,11519.984,1786879658045.442,14445863.377,0.000000000,0.000000000
577,11539.988,1786879658065.446,14445883.381,0.000000000,0.000000000
578,11559.986,1786879658085.445,14445903.380,0.000000000,0.000000000
579,11579.986,1786879658105.444,14445923.379,0.000000000,0.000000000
580,11599.985,1786879658125.443,14445943.378,0.000000000,0.000000000
581,11619.984,1786879658145.443,14445963.378,0.000000000,0.000000000
582,11639.989,1786879658165.447,14445983.382,0.000000000,0.000000000
583,11659.987,1786879658185.446,14446003.381,0.000000000,0.000000000
584,11679.985,1786879658205.444,14446023.379,0.000000000,0.000000000
585,11699.985,1786879658225.444,14446043.379,0.000000000,0.000000000
586,11719.984,1786879658245.443,14446063.378,0.000000000,0.000000000
587,11739.984,1786879658265.443,14446083.378,0.000000000,0.000000000
588,11759.987,1786879658285.446,14446103.381,0.000000000,0.000000000
589,11779.986,1786879658305.444,14446123.379,0.000000000,0.000000000
590,11799.985,1786879658325.443,14446143.378,0.000000000,0.000000000
591,11819.985,1786879658345.444,14446163.379,0.000000000,0.000000000
592,11839.987,1786879658365.446,14446183.381,0.000000000,0.000000000
593,11859.986,1786879658385.445,14446203.380,0.000000000,0.000000000
594,11879.986,1786879658405.445,14446223.380,0.000000000,0.000000000
595,11899.985,1786879658425.444,14446243.379,0.000000000,0.000000000
596,11919.986,1786879658445.445,14446263.380,0.000000000,0.000000000
597,11939.984,1786879658465.443,14446283.378,0.000000000,0.000000000
598,11959.987,1786879658485.446,14446303.381,0.000000000,0.000000000
599,11979.986,1786879658505.445,14446323.380,0.000000000,0.000000000
600,11999.985,1786879658525.444,14446343.379,0.000000000,0.000000000
601,12019.985,1786879658545.444,14446363.378,0.000000000,0.000000000
602,12039.985,1786879658565.443,14446383.378,0.000000000,0.000000000
603,12059.984,1786879658585.443,14446403.378,0.000000000,0.000000000
604,12079.984,1786879658605.443,14446423.378,0.000000000,0.000000000
605,12099.987,1786879658625.446,14446443.381,0.000000000,0.000000000
606,12119.986,1786879658645.445,14446463.380,0.000000000,0.000000000
607,12139.985,1786879658665.444,14446483.379,0.000000000,0.000000000
608,12159.985,1786879658685.444,14446503.379,0.000000000,0.000000000
609,12179.987,1786879658705.446,14446523.381,0.000000000,0.000000000
610,12199.985,1786879658725.443,14446543.378,0.000000000,0.000000000
611,12219.984,1786879658745.442,14446563.377,0.000000000,0.000000000
612,12239.984,1786879658765.443,14446583.378,0.000000000,0.000000000
613,12259.984,1786879658785.443,14446603.378,0.000000000,0.000000000
614,12279.989,1786879658805.447,14446623.382,0.000000000,0.000000000
615,12299.988,1786879658825.447,14446643.382,0.000000000,0.000000000
616,12319.985,1786879658845.444,14446663.379,0.000000000,0.000000000
617,12339.985,1786879658865.444,14446683.378,0.000000000,0.000000000
618,12359.986,1786879658885.445,14446703.380,0.000000000,0.000000000
619,12379.985,1786879658905.443,14446723.378,0.000000000,0.000000000
620,12399.991,1786879658925.450,14446743.385,0.000000000,0.000000000
621,12419.994,1786879658945.453,14446763.388,0.000000000,0.000000000
622,12439.995,1786879658965.454,14446783.389,0.000000000,0.000000000
623,12459.994,1786879658985.452,14446803.387,0.000000000,0.000000000
624,12479.988,1786879659005.447,14446823.382,0.000000000,0.000000000
625,12499.993,1786879659025.452,14446843.387,0.000000000,0.000000000
626,12519.992,1786879659045.451,14446863.386,0.000000000,0.000000000
627,12539.993,1786879659065.452,14446883.387,0.000000000,0.000000000
628,12559.990,1786879659085.449,14446903.384,0.000000000,0.000000000
629,12579.985,1786879659105.444,14446923.379,0.000000000,0.000000000
630,12599.991,1786879659125.449,14446943.384,0.000000000,0.000000000
631,12619.991,1786879659145.449,14446963.384,0.000000000,0.000000000
632,12640.002,1786879659165.460,14446983.395,0.000000000,0.000000000
633,12659.990,1786879659185.449,14447003.383,0.000000000,0.000000000
634,12679.986,1786879659205.445,14447023.380,0.000000000,0.000000000
635,12699.986,1786879659225.445,14447043.380,0.000000000,0.000000000
636,12719.986,1786879659245.445,14447063.380,0.000000000,0.000000000
637,12739.988,1786879659265.446,14447083.381,0.000000000,0.000000000
638,12759.985,1786879659285.444,14447103.379,0.000000000,0.000000000
639,12779.987,1786879659305.446,14447123.381,0.000000000,0.000000000
640,12799.986,1786879659325.445,14447143.379,0.000000000,0.000000000
641,12819.985,1786879659345.444,14447163.379,0.000000000,0.000000000
642,12839.986,1786879659365.444,14447183.379,0.000000000,0.000000000
643,12859.988,1786879659385.446,14447203.381,0.000000000,0.000000000
644,12879.987,1786879659405.446,14447223.381,0.000000000,0.000000000
645,12899.986,1786879659425.445,14447243.379,0.000000000,0.000000000
646,12919.987,1786879659445.445,14447263.380,0.000000000,0.000000000
647,12939.986,1786879659465.445,14447283.380,0.000000000,0.000000000
648,12959.986,1786879659485.445,14447303.380,0.000000000,0.000000000
649,12979.987,1786879659505.446,14447323.380,0.000000000,0.000000000
650,12999.986,1786879659525.445,14447343.380,0.000000000,0.000000000
651,13019.990,1786879659545.449,14447363.384,0.000000000,0.000000000
652,13039.989,1786879659565.448,14447383.383,0.000000000,0.000000000
653,13059.989,1786879659585.448,14447403.383,0.000000000,0.000000000
654,13079.987,1786879659605.446,14447423.381,0.000000000,0.000000000
655,13099.989,1786879659625.447,14447443.382,0.000000000,0.000000000
656,13119.988,1786879659645.447,14447463.382,0.000000000,0.000000000
657,13139.988,1786879659665.447,14447483.382,0.000000000,0.000000000
658,13159.988,1786879659685.447,14447503.382,0.000000000,0.000000000
659,13179.987,1786879659705.446,14447523.380,0.000000000,0.000000000
660,13199.988,1786879659725.447,14447543.382,0.000000000,0.000000000
661,13219.986,1786879659745.445,14447563.380,0.000000000,0.000000000
662,13239.986,1786879659765.445,14447583.380,0.000000000,0.000000000
663,13259.988,1786879659785.446,14447603.381,0.000000000,0.000000000
664,13279.988,1786879659805.447,14447623.382,0.000000000,0.000000000
665,13299.987,1786879659825.446,14447643.381,0.000000000,0.000000000
666,13319.986,1786879659845.445,14447663.380,0.000000000,0.000000000
667,13339.987,1786879659865.446,14447683.381,0.000000000,0.000000000
668,13359.986,1786879659885.445,14447703.380,0.000000000,0.000000000
669,13379.990,1786879659905.448,14447723.383,0.000000000,0.000000000
670,13399.988,1786879659925.447,14447743.382,0.000000000,0.000000000
671,13419.987,1786879659945.446,14447763.381,0.000000000,0.000000000
672,13439.987,1786879659965.446,14447783.381,0.000000000,0.000000000
673,13459.986,1786879659985.445,14447803.380,0.000000000,0.000000000
674,13479.987,1786879660005.446,14447823.381,0.000000000,0.000000000
675,13499.990,1786879660025.449,14447843.384,0.000000000,0.000000000
676,13519.989,1786879660045.447,14447863.382,0.000000000,0.000000000
677,13539.988,1786879660065.446,14447883.381,0.000000000,0.000000000
678,13559.987,1786879660085.446,14447903.381,0.000000000,0.000000000
679,13579.992,1786879660105.450,14447923.385,0.000000000,0.000000000
680,13599.990,1786879660125.448,14447943.383,0.000000000,0.000000000
681,13619.989,1786879660145.447,14447963.382,0.000000000,0.000000000
682,13639.989,1786879660165.447,14447983.382,0.000000000,0.000000000
683,13659.988,1786879660185.447,14448003.382,0.000000000,0.000000000
684,13679.986,1786879660205.445,14448023.380,0.000000000,0.000000000
685,13699.986,1786879660225.445,14448043.380,0.000000000,0.000000000
686,13719.986,1786879660245.445,14448063.380,0.000000000,0.000000000
687,13739.989,1786879660265.447,14448083.382,0.000000000,0.000000000
688,13759.988,1786879660285.446,14448103.381,0.000000000,0.000000000
689,13779.986,1786879660305.445,14448123.380,0.000000000,0.000000000
690,13799.987,1786879660325.445,14448143.380,0.000000000,0.000000000
691,13819.994,1786879660345.453,14448163.388,0.000000000,0.000000000
692,13839.992,1786879660365.451,14448183.386,0.000000000,0.000000000
693,13859.990,1786879660385.449,14448203.384,0.000000000,0.000000000
694,13879.991,1786879660405.450,14448223.385,0.000000000,0.000000000
695,13899.989,1786879660425.448,14448243.383,0.000000000,0.000000000
696,13919.988,1786879660445.446,14448263.381,0.000000000,0.000000000
697,13939.986,1786879660465.445,14448283.380,0.000000000,0.000000000
698,13959.986,1786879660485.445,14448303.380,0.000000000,0.000000000
699,13979.990,1786879660505.449,14448323.384,0.000000000,0.000000000
700,13999.988,1786879660525.447,14448343.381,0.000000000,0.000000000
701,14019.987,1786879660545.446,14448363.381,0.000000000,0.000000000
702,14039.987,1786879660565.445,14448383.380,0.000000000,0.000000000
703,14059.988,1786879660585.447,14448403.382,0.000000000,0.000000000
704,14079.991,1786879660605.449,14448423.384,0.000000000,0.000000000
705,14099.989,1786879660625.448,14448443.383,0.000000000,0.000000000
706,14119.988,1786879660645.447,14448463.382,0.000000000,0.000000000
707,14139.987,1786879660665.446,14448483.381,0.000000000,0.000000000
708,14159.987,1786879660685.446,14448503.381,0.000000000,0.000000000
709,14179.990,1786879660705.448,14448523.383,0.000000000,0.000000000
710,14199.990,1786879660725.449,14448543.384,0.000000000,0.000000000
711,14219.989,1786879660745.448,14448563.383,0.000000000,0.000000000
712,14239.987,1786879660765.446,14448583.381,0.000000000,0.000000000
713,14259.986,1786879660785.445,14448603.380,0.000000000,0.000000000
714,14279.986,1786879660805.445,14448623.380,0.000000000,0.000000000
715,14299.986,1786879660825.445,14448643.380,0.000000000,0.000000000
716,14319.986,1786879660845.445,14448663.380,0.000000000,0.000000000
717,14339.998,1786879660865.456,14448683.391,0.000000000,0.000000000
718,14359.990,1786879660885.449,14448703.384,0.000000000,0.000000000
