joint_0_vel,joint_1_vel,joint_2_vel,joint_3_vel,joint_4_vel,joint_5_vel,joint_6_vel,joint_7_vel,joint_8_vel,joint_9_vel,joint_10_vel,joint_11_vel,joint_12_vel,joint_13_vel,joint_14_vel,joint_15_vel,joint_16_vel,joint_17_vel,joint_18_vel,joint_19_vel,joint_20_vel,joint_21_vel,joint_22_vel,joint_23_vel,joint_24_vel,joint_25_vel,joint_26_vel,joint_27_vel,joint_28_vel
-1.837172,-2.841548,-0.981638,-0.203897,-1.851930,-2.606485,-1.547931,1.166938,0.000000,5.347592,4.496956,-8.786182,-5.168693,-0.600321,-1.481931,1.319872,-0.818564,-1.205456,-0.547289,-4.747254,5.834569,13.753446,9.760602,-4.909909,4.311399,-4.407635,-7.343556,5.165116,1.352903
-0.656814,-1.669516,-0.529064,-0.027345,-1.671207,-2.241086,-1.489875,0.796138,0.000000,4.530849,3.253412,-5.241215,-2.762525,0.548863,-1.119949,1.653154,-0.638871,-1.370719,-0.695366,-2.483728,3.742234,9.462491,5.933288,-3.308407,2.641626,-2.829946,-5.020350,4.171639,1.384120
1.703903,0.674549,0.376082,0.325760,-1.309759,-1.510287,-1.373764,0.054538,0.000000,2.897365,0.766325,1.848720,2.049811,2.847233,-0.395985,2.319717,-0.279484,-1.701244,-0.991520,2.043325,-0.442437,0.880580,-1.721340,-0.105403,-0.697920,0.325434,-0.373938,2.184686,1.446554
1.316818,0.368295,0.833876,0.426903,0.185125,-1.321235,-2.322107,0.942964,0.000000,2.980661,1.222014,4.264473,2.334050,3.020951,-0.612109,2.400830,-0.683894,-2.098080,-0.160594,2.751909,-0.513171,0.181276,-2.511480,-0.336055,-0.719646,0.643356,0.151324,2.614895,0.812979
1.123275,0.215169,1.062773,0.477475,0.932567,-1.226709,-2.796278,1.387178,0.000000,3.022310,1.449859,5.472350,2.476169,3.107809,-0.720171,2.441386,-0.886098,-2.296498,0.254869,3.106202,-0.548539,-0.168377,-2.906551,-0.451381,-0.730510,0.802317,0.413955,2.829999,0.496192
0.390201,-0.116742,1.081671,1.695822,1.057723,-1.240234,-3.402201,1.308911,0.000000,1.140475,1.835382,7.745039,2.136410,2.250710,-1.004990,1.359805,-1.497812,-1.299563,0.238039,4.253562,-0.655768,0.904486,-3.001000,-0.596602,-0.547780,1.061963,0.217733,2.072593,-0.415881
-0.480053,-0.251239,0.996464,2.879633,0.925054,-1.187025,-3.559782,0.993271,0.000000,-0.218443,1.898634,7.889602,1.426478,1.397433,-1.274009,0.704746,-1.704628,-0.324888,0.114246,4.029670,-0.400583,2.098013,-2.440842,-0.438157,-0.552570,1.073039,0.055979,1.897373,-0.708072
-2.220559,-0.520232,0.826050,5.247255,0.659716,-1.080607,-3.874944,0.361992,0.000000,-2.936279,2.025139,8.178729,0.006613,-0.309119,-1.812047,-0.605371,-2.118260,1.624462,-0.133341,3.581885,0.109788,4.485068,-1.320527,-0.121267,-0.562151,1.095190,-0.267528,1.546934,-1.292454
-3.010880,-0.449080,1.003250,2.379632,0.562785,-1.049125,-2.381490,-0.085380,0.000000,-6.052822,1.478281,5.314681,-2.171741,0.481578,-1.737626,-1.381992,-2.083582,0.894306,-0.515850,2.062373,1.451920,6.573581,-0.861431,-0.137603,-0.299901,1.022861,-0.160411,0.397214,-0.810315
-3.406041,-0.413504,1.091849,0.945820,0.514320,-1.033384,-1.634763,-0.309066,0.000000,-7.611094,1.204852,3.882657,-3.260918,0.876927,-1.700415,-1.770303,-2.066243,0.529228,-0.707104,1.302617,2.122985,7.617837,-0.631884,-0.145772,-0.168776,0.986696,-0.106852,-0.177645,-0.569246
-4.250849,-0.378453,1.458601,-1.337432,0.810880,-0.567654,0.018547,-0.350831,0.000000,-8.947899,1.666564,2.790324,-5.212497,2.864535,-1.336956,-1.614511,-1.522370,0.155574,-1.436982,0.388408,3.199197,5.085340,0.159579,-0.773638,0.320619,0.090860,0.041333,0.003135,-0.660375
-4.361533,-0.503253,1.435915,-1.707383,0.921128,-0.336064,1.004165,-0.328733,0.000000,-8.598624,1.981605,2.629581,-5.710668,3.557582,-1.017426,-1.545895,-1.181242,0.114599,-1.619858,0.039718,3.490243,4.120064,0.277879,-0.730280,0.360145,-0.042398,-0.024313,-0.037121,-0.872590
-4.582901,-0.752853,1.390544,-2.447286,1.141623,0.127116,2.975401,-0.284538,0.000000,-7.900075,2.611688,2.308096,-6.707010,4.943676,-0.378367,-1.408664,-0.498987,0.032649,-1.985610,-0.657663,4.072334,2.189512,0.514480,-0.643565,0.439197,-0.308913,-0.155605,-0.117632,-1.297021
-4.223349,-1.522086,1.141354,-3.026149,1.676381,0.521383,3.394855,-0.161983,0.000000,-6.556370,3.649496,2.531902,-7.692316,4.307125,-0.139847,-1.523002,0.777591,0.199476,-1.510245,-0.913453,4.157332,1.165662,0.933708,-0.607180,0.079736,-0.659341,-0.594925,0.573748,-2.113430
-4.043573,-1.906702,1.016758,-3.315580,1.943760,0.718516,3.604581,-0.100705,0.000000,-5.884518,4.168400,2.643805,-8.184968,3.988849,-0.020587,-1.580172,1.415881,0.282890,-1.272563,-1.041348,4.199831,0.653737,1.143322,-0.588987,-0.099995,-0.834555,-0.814585,0.919438,-2.521634
-5.740496,-3.537471,1.232903,-4.319027,1.606385,1.886322,3.783296,-0.605197,0.000000,-0.429198,6.148825,4.037143,-7.060453,0.132485,1.454507,-2.040381,2.670931,1.124119,-0.406423,-1.183443,1.632251,0.153229,0.422062,-0.767109,0.629952,-0.820729,-0.724177,0.731376,-4.004265
-5.248716,-2.783737,1.181215,-3.906705,1.398768,2.095624,3.751140,-1.753469,0.000000,1.760455,5.512142,3.393734,-6.293989,-0.126961,0.255300,-2.387925,2.738906,1.229791,-0.466507,-1.140281,1.258810,0.301785,0.323577,-0.361358,0.123151,-0.916087,-0.769986,1.277773,-3.954951
-4.265156,-1.276270,1.077841,-3.082061,0.983534,2.514230,3.686827,-4.050012,0.000000,6.139761,4.238777,2.106915,-4.761060,-0.645852,-2.143112,-3.083013,2.874856,1.441135,-0.586674,-1.053957,0.511928,0.598898,0.126607,0.450144,-0.890452,-1.106803,-0.861604,2.370567,-3.856322
-2.214558,-2.650181,1.297052,-2.565157,1.774076,2.869231,3.184148,-4.150357,0.000000,6.619056,2.924814,2.033562,-3.194240,-0.375303,0.557180,-2.095557,1.894178,1.693393,-0.013898,-0.035838,0.253010,0.439613,-0.859301,0.296661,-1.387975,-0.952610,-0.581921,3.190498,-3.473922
-1.189259,-3.337137,1.406657,-2.306705,2.169347,3.046731,2.932809,-4.200530,0.000000,6.858703,2.267833,1.996885,-2.410830,-0.240028,1.907326,-1.601830,1.403840,1.819522,0.272491,0.473221,0.123551,0.359970,-1.352255,0.219919,-1.636737,-0.875514,-0.442080,3.600463,-3.282722
0.153369,-1.876620,1.592406,-0.708819,1.010994,3.047824,3.237863,-2.921087,0.000000,6.722370,0.646369,1.071929,-0.586016,-0.783070,2.102222,-0.505258,-0.185350,2.352540,0.789037,1.833044,-0.499949,0.089164,-2.724166,0.193263,-1.263753,-0.502489,0.034452,3.461570,-2.701440
0.559825,-1.244329,1.508038,-0.460628,0.523447,2.873676,2.791284,-2.206662,0.000000,5.792803,0.707626,0.791914,-0.639680,-0.677212,1.601973,-0.245975,-0.860553,2.129605,0.695959,2.311273,-0.580412,0.040181,-2.965672,0.449520,-1.102747,-0.291508,-0.035062,3.385180,-2.152116
1.372737,0.020252,1.339303,0.035755,-0.451646,2.525381,1.898125,-0.777813,0.000000,3.933667,0.830140,0.231884,-0.747008,-0.465496,0.601473,0.272589,-2.210961,1.683736,0.509803,3.267730,-0.741338,-0.057786,-3.448683,0.962034,-0.780735,0.130453,-0.174090,3.232402,-1.053466
1.652871,1.447953,1.074564,0.285863,-0.727395,2.010917,0.486811,0.138644,0.000000,2.764124,1.728158,0.097113,-1.542229,-0.874399,-0.554959,0.518260,-2.723435,1.506081,0.239267,3.192474,-1.020378,-0.577879,-3.449282,0.913896,-0.993492,0.281641,-0.019082,1.782728,-0.761283
1.792939,2.161803,0.942194,0.410917,-0.865269,1.753685,-0.218846,0.596872,0.000000,2.179352,2.177167,0.029728,-1.939840,-1.078851,-1.133174,0.641095,-2.979671,1.417254,0.103999,3.154846,-1.159898,-0.837926,-3.449581,0.889826,-1.099871,0.357235,0.058421,1.057892,-0.615191
1.493161,3.541009,0.687048,0.164626,-0.621300,0.346706,-0.504179,0.829620,0.000000,1.188154,1.117451,-0.417325,-2.797079,-1.217475,-0.941214,0.555682,-3.662381,0.758052,0.375722,3.583779,-1.019779,-0.323006,-2.984090,0.663742,-0.216069,0.301884,-0.099367,1.257344,-2.004308
1.288941,3.699918,0.662717,0.142632,-0.656063,-0.160928,-0.417029,0.648583,0.000000,1.202387,0.631680,-0.455505,-3.336935,-1.294495,-1.034541,0.679105,-3.790028,0.657799,0.344247,3.619635,-0.768660,-0.289891,-2.602016,0.466927,-0.062864,0.309396,-0.090591,1.217220,-1.965225
0.880501,4.017736,0.614055,0.098643,-0.725589,-1.176196,-0.242728,0.286509,0.000000,1.230851,-0.339861,-0.531866,-4.416647,-1.448535,-1.221194,0.925950,-4.045322,0.457293,0.281296,3.691347,-0.266422,-0.223660,-1.837867,0.073298,0.243546,0.324418,-0.073038,1.136971,-1.887059
0.873706,4.277655,0.444847,-0.055158,-0.647648,-2.083158,0.251348,-0.411501,0.000000,1.603674,-1.346745,-0.623700,-5.014167,-1.856172,-0.763966,1.435823,-3.888502,0.142435,0.392029,3.760183,0.106453,-0.022936,-0.986149,-0.312760,0.877025,0.000007,-0.520176,1.489308,-1.689026
0.870309,4.407615,0.360243,-0.132059,-0.608678,-2.536638,0.498387,-0.760506,0.000000,1.790085,-1.850188,-0.669617,-5.312927,-2.059991,-0.535353,1.690759,-3.810092,-0.014994,0.447395,3.794601,0.292890,0.077426,-0.560290,-0.505790,1.193764,-0.162199,-0.743744,1.665477,-1.590010
0.573496,1.431241,0.260815,-0.545404,-1.232919,-3.945968,-0.203734,-1.180659,-0.000004,0.083141,-3.516877,-0.633336,-4.802513,-0.661671,4.869686,4.350305,-3.597904,-0.842590,1.034565,4.278527,0.944356,0.048856,1.171237,-0.826834,1.902725,-0.112346,-0.714561,1.151891,-1.056316
0.687332,2.736994,0.174210,-0.350728,-0.591089,-4.347567,-0.018126,-1.854407,-0.025198,0.392011,-3.990166,-0.958632,-4.357961,-1.080843,4.122279,4.484619,-3.669020,-0.902038,1.342412,4.218378,1.092158,-0.099211,1.354289,-0.664395,2.070208,-0.257545,-0.972519,0.970448,-0.774381
0.915005,5.348500,0.001000,0.038623,0.692571,-5.150764,0.353090,-3.201904,-0.075588,1.009752,-4.936745,-1.609225,-3.468858,-1.919188,2.627463,4.753246,-3.811251,-1.020933,1.958108,4.098081,1.387762,-0.395343,1.720393,-0.339518,2.405173,-0.547943,-1.488436,0.607563,-0.210510
1.065719,4.802442,-0.527223,0.918239,1.815435,-4.853836,0.254035,-3.764348,-0.517293,0.919710,-5.545042,-1.952455,-1.889631,-1.447679,3.833826,5.183654,-3.580245,-1.157701,2.568528,2.913240,1.596761,-0.687854,1.544761,0.781459,2.871476,-0.222585,-1.550647,0.345727,0.453472
1.141076,4.529413,-0.791334,1.358048,2.376866,-4.705371,0.204508,-4.045570,-0.738145,0.874690,-5.849190,-2.124070,-1.100017,-1.211925,4.437008,5.398858,-3.464742,-1.226085,2.873738,2.320819,1.701261,-0.834110,1.456945,1.341948,3.104628,-0.059906,-1.581752,0.214809,0.785463
-0.035634,2.657589,-1.310486,2.902474,2.821013,-3.752174,-0.142075,-4.145204,-1.442575,-0.577043,-5.779456,-2.923626,0.821142,-0.209542,4.327655,5.641215,-3.087351,-1.429534,2.081232,0.634087,1.667086,-0.884171,1.912207,1.644904,3.518151,0.380513,-0.698071,-0.645722,1.956301
-0.461270,2.508975,-1.530489,3.159000,2.201347,-2.947728,-0.042023,-3.839921,-1.436362,-0.709158,-5.047948,-3.063137,1.088756,0.117151,4.166070,5.181656,-2.973300,-1.266006,1.387488,0.458030,1.637117,-0.819145,2.281578,1.271821,3.418074,0.472779,-0.346210,-0.868847,2.298459
-1.312541,2.211746,-1.970496,3.672051,0.962016,-1.338836,0.158081,-3.229356,-1.423936,-0.973388,-3.584933,-3.342161,1.623985,0.770536,3.842900,4.262538,-2.745198,-0.938951,0.000000,0.105915,1.577178,-0.689095,3.020319,0.525655,3.217920,0.657309,0.357511,-1.315098,2.982776
-1.055695,2.649798,-2.062338,2.394621,-0.127584,0.400256,-0.428565,-0.823427,-1.136754,-2.268673,-1.389253,-3.294963,1.592387,0.548970,1.121198,2.635183,-2.031711,-0.153854,0.000000,-0.300397,2.047080,-0.405275,4.447585,0.094409,2.752699,0.497003,0.758990,-0.930479,3.561271
-0.927272,2.868824,-2.108259,1.755906,-0.672384,1.269802,-0.721888,0.379538,-0.993162,-2.916316,-0.291413,-3.271364,1.576588,0.438186,-0.239653,1.821506,-1.674968,0.238694,0.000000,-0.503553,2.282031,-0.263364,5.161217,-0.121214,2.520088,0.416850,0.959730,-0.738169,3.850518
-1.487128,2.640060,-1.473358,0.438522,-0.899688,2.328438,-1.029563,1.947134,-0.552982,-3.427498,0.805728,-2.869344,0.653064,0.832889,-0.132838,0.110875,-1.302227,-0.136398,0.000000,-1.228790,2.863305,-0.509223,5.224872,-0.816647,2.606551,0.438668,1.159383,-0.252360,3.605243
-1.786698,3.419232,-1.484909,-0.047814,-1.226970,2.933562,-1.526326,3.333192,-0.435998,-4.628630,0.500305,-2.870100,0.251720,0.974872,-0.976347,-0.262438,-1.844937,-0.165701,0.000000,-1.413091,3.858176,-0.402094,5.385318,-0.586499,2.198921,0.596304,1.457154,-0.298597,4.622936
-2.385839,4.977576,-1.508011,-1.020485,-1.881532,4.143810,-2.519851,6.105310,-0.202031,-7.030892,-0.110543,-2.871611,-0.550969,1.258836,-2.663365,-1.009065,-2.930356,-0.224306,0.000000,-1.781693,5.847920,-0.187837,5.706212,-0.126203,1.383661,0.911575,2.052695,-0.391070,6.658322
-2.759546,4.363498,-1.696771,-0.434795,-3.271198,4.324135,-2.449955,6.476298,0.522532,-4.858470,-0.212278,-2.255871,0.829480,1.797214,-2.689811,-1.253935,-3.207067,-0.498033,0.000000,-1.013650,3.748821,-0.434111,4.546521,0.512037,-0.771844,1.007396,2.140735,0.189847,5.931374
-2.946399,4.056459,-1.791151,-0.141951,-3.966031,4.414297,-2.415007,6.661792,0.884814,-3.772259,-0.263146,-1.948001,1.519704,2.066403,-2.703034,-1.376370,-3.345423,-0.634897,0.000000,-0.629629,2.699271,-0.557249,3.966676,0.831157,-1.849597,1.055307,2.184755,0.480305,5.567901
-1.384689,2.007703,-3.007644,1.449208,-6.381904,5.396480,-2.745153,5.615053,1.173529,-2.140163,-4.030226,-0.055436,4.337765,2.991964,-1.117049,-2.643875,-2.461045,-1.507199,-1.163142,0.926551,0.000000,0.311215,3.088374,1.227927,-4.245634,0.759870,2.307434,0.506845,5.556531
-1.747465,1.085858,-2.926510,2.216766,-6.639201,4.530938,-3.278239,4.392587,0.555902,-1.156303,-5.661774,0.840641,4.489025,2.436627,-0.559611,-2.444433,-1.650801,-1.728115,-1.037633,1.246413,0.000000,0.139583,2.509874,1.119550,-4.505814,0.629705,1.865871,0.966350,5.475713
-2.473018,-0.757832,-2.764241,3.751881,-7.153796,2.799854,-4.344413,1.947653,-0.679353,0.811418,-8.924868,2.632796,4.791545,1.325954,0.555264,-2.045549,-0.030313,-2.169946,-0.786614,1.886137,0.000000,-0.203680,1.352874,0.902795,-5.026175,0.369375,0.982744,1.885360,5.314076
0.333281,-2.571220,-5.140270,4.034181,-6.159195,3.658103,-4.274972,2.529922,0.598434,-1.010019,-8.523023,3.713075,4.815801,2.192213,0.962005,-1.973666,0.577841,-2.638340,-0.761346,3.126941,0.000000,0.989095,0.104758,0.065890,-4.278550,0.944203,0.394000,1.430970,2.865500
1.736430,-3.477913,-6.328285,4.175331,-5.661895,4.087228,-4.240252,2.821057,1.237327,-1.920737,-8.322101,4.253214,4.827930,2.625343,1.165375,-1.937724,0.881917,-2.872537,-0.748712,3.747343,0.000000,1.585482,-0.519301,-0.352563,-3.904738,1.231618,0.099627,1.203775,1.641212
-0.598823,-2.521127,-5.515599,3.358337,-2.171275,-1.322476,-2.595052,3.447660,-1.025057,-1.679842,-6.682874,9.609176,5.703476,-0.625790,0.351512,1.059283,4.078410,-0.974311,1.964465,6.674826,0.000000,0.989842,-0.919129,-0.104687,-1.386008,-0.631092,-0.660732,0.955621,1.035284
0.588145,-3.167683,-5.862510,2.287013,-1.759073,-0.792632,-1.258870,2.817466,-0.298116,-0.573508,-5.945340,8.294982,5.616956,-1.019056,0.768091,0.394312,3.801650,-0.649541,1.554307,5.427694,0.000000,0.824934,-0.781710,-0.133613,-1.435290,-0.453775,-0.455874,0.408143,0.899732
2.962081,-4.460795,-6.556333,0.144365,-0.934668,0.267054,1.413494,1.557078,1.155766,1.639162,-4.470273,5.666596,5.443915,-1.805588,1.601251,-0.935630,3.248130,0.000000,0.733992,2.933432,0.000000,0.495118,-0.506873,-0.191464,-1.533855,-0.099140,-0.046158,-0.686814,0.628629
3.279607,-4.635644,-5.131939,-1.102380,0.530797,-0.088229,2.268637,1.035089,1.334305,0.223562,-3.538367,4.120345,5.025827,-3.313932,0.977788,-0.781523,3.154207,0.000000,0.244671,1.253124,0.000000,-0.102047,-0.572102,0.169404,-0.888214,-0.318516,-0.139611,-1.194729,0.370275
3.438370,-4.723068,-4.419742,-1.725753,1.263530,-0.265871,2.696208,0.774095,1.423575,-0.484239,-3.072413,3.347220,4.816782,-4.068104,0.666056,-0.704470,3.107246,0.000000,0.000011,0.412971,0.000000,-0.400629,-0.604717,0.349837,-0.565394,-0.428203,-0.186338,-1.448686,0.241098
2.865790,-5.678662,-1.573386,-4.161320,3.174825,-4.001126,5.935223,1.041205,0.974540,0.526671,-0.515233,2.813335,6.329132,-5.671027,-1.511488,1.526803,6.920868,1.897613,0.000000,1.558936,-0.700439,-1.081338,-2.667847,0.583442,0.463728,-0.676323,-0.772191,0.397575,-0.324786
2.322606,-7.691352,5.740571,-4.197969,4.402596,-4.649191,5.305238,1.733894,0.744121,0.025054,2.322793,3.032772,13.666877,-4.874697,-2.987720,8.082670,14.921704,1.723679,0.000000,4.057504,-9.066691,-1.593720,-1.424854,0.064303,-0.436620,-0.570150,-0.092287,-0.011203,-2.862305
1.236237,-11.716734,20.368484,-4.271265,6.858138,-5.945320,4.045269,3.119272,0.283282,-0.978180,7.998844,3.471646,28.342368,-3.282038,-5.940184,21.194404,30.923375,1.375812,0.000000,9.054641,-25.799196,-2.618483,1.061132,-0.973975,-2.237316,-0.357805,1.267521,-0.828760,-7.937342
3.256251,-3.904804,7.297102,-5.879310,7.313040,-3.225066,3.153884,-1.256843,0.094427,-4.735259,-3.310419,5.096839,8.886778,-1.907957,-0.363515,11.517485,11.047586,2.035043,0.000000,4.703532,-7.516528,1.791550,-2.795391,-1.852154,-0.238334,0.243708,-0.279337,-1.901093,-4.236628
4.266257,0.001161,0.761411,-6.683332,7.540492,-1.864939,2.708191,-3.444901,0.000000,-6.613798,-8.965051,5.909436,-0.841017,-1.220917,2.424820,6.679026,1.109691,2.364658,0.000000,2.527978,1.624805,3.996567,-4.723653,-2.291243,0.761157,0.544465,-1.052766,-2.437259,-2.386272
0.713814,-4.215113,0.014204,-3.304149,5.222806,-4.404593,0.041164,-1.176381,0.000000,-0.794354,1.771606,1.115509,-5.189162,-0.908021,-0.511258,2.394719,4.302615,0.865793,0.000000,-1.631309,3.741068,1.220537,-0.390283,-1.827879,1.950300,0.562011,0.128273,-4.298923,-1.338616
0.432329,-4.065108,-1.005441,-3.227252,5.056452,-4.356994,0.081032,-0.217749,0.000000,0.039057,2.743310,0.743674,-6.193616,-0.849504,-0.671608,1.520300,4.412868,0.879720,0.000000,-2.288303,2.984847,0.844581,-0.053476,-1.176281,2.773391,0.453937,0.053741,-4.717750,-2.003973
-0.130641,-3.765099,-3.044732,-3.073457,4.723743,-4.261797,0.160768,1.699514,0.000000,1.705880,4.686717,0.000004,-8.202524,-0.732472,-0.992310,-0.228539,4.633376,0.907573,0.000000,-3.602293,1.472406,0.092669,0.620137,0.126914,4.419573,0.237790,-0.095323,-5.555404,-3.334687
1.989267,-1.335423,-4.701502,-3.397233,3.890718,-4.737982,-0.972353,1.944371,0.000000,-1.010233,1.512946,0.000001,-8.148189,0.702111,-0.560899,-4.572296,4.453935,0.252739,-0.598854,-4.515646,2.047980,-3.904302,0.458757,0.333595,5.300311,-0.196919,-0.961576,-4.210833,-3.410024
3.049221,-0.120585,-5.529887,-3.559121,3.474206,-4.976074,-1.538914,2.066800,0.000000,-2.368289,-0.073940,0.000000,-8.121022,1.419402,-0.345193,-6.744175,4.364214,-0.074677,-0.898282,-4.972322,2.335768,-5.902787,0.378066,0.436935,5.740679,-0.414274,-1.394703,-3.538547,-3.447693
4.218444,0.989456,-1.812522,-3.650971,2.354649,-1.737115,-2.197240,3.723148,0.000000,-1.739227,0.068829,0.000000,-5.639208,-0.176783,-0.061635,-2.973293,1.992650,0.442811,-1.116370,-5.227010,-3.143463,-8.481122,-1.785629,0.643692,3.577109,-0.883253,-0.812906,-4.093312,-2.763402
4.835168,1.348315,-1.191038,-3.432092,1.907793,-1.206737,-2.333401,2.965344,0.000000,-1.532113,0.026670,-0.018566,-5.582643,-0.012976,0.207233,-2.691863,1.825270,0.298496,-1.031996,-5.012695,-3.436291,-7.966350,-1.672804,0.953088,1.726678,-0.937044,-0.440210,-3.643235,-2.533966
6.068614,2.066034,0.051931,-2.994333,1.014083,-0.145982,-2.605722,1.449737,0.000000,-1.117886,-0.057648,-0.055697,-5.469511,0.314637,0.744970,-2.129002,1.490511,0.009867,-0.863248,-4.584063,-4.021947,-6.936806,-1.447154,1.571879,-1.974185,-1.044624,0.305182,-2.743082,-2.075093
5.004277,2.219172,-0.183071,-1.092544,0.119854,0.278479,-0.309507,0.967448,-0.000079,1.258840,1.951112,-0.395088,-4.861260,-0.020875,-0.390062,-1.903515,0.938417,0.252432,-0.968288,-2.792783,-3.233726,-4.373658,-1.464263,1.039459,-2.507250,-0.338494,0.379563,-1.760099,-1.324452
4.472109,2.295740,-0.300572,-0.141650,-0.327260,0.490710,0.838600,0.726304,-0.000118,2.447203,2.955492,-0.564784,-4.557134,-0.188631,-0.957578,-1.790771,0.662370,0.373714,-1.020808,-1.897143,-2.839615,-3.092085,-1.472817,0.773249,-2.773783,0.014571,0.416753,-1.268608,-0.949132
2.247274,1.866691,1.548384,2.175963,-1.545444,22.771084,1.958031,-2.130067,0.000118,5.770873,4.063600,-50.112205,-1.796672,-0.231577,-2.273813,-35.088301,-17.136800,0.154282,-0.574776,-43.661821,2.915445,10.999119,1.135563,7.327790,-3.620195,2.871676,1.798721,5.391615,-2.455975
1.745799,2.436141,2.487425,2.945625,-2.017761,16.045130,1.993977,-2.839407,-0.016015,5.500496,2.644120,-35.010439,-1.497189,0.519937,-1.968575,-22.668425,-12.597424,0.080872,-0.858924,-28.665078,1.050542,7.388585,-0.192965,3.678687,-2.094613,1.552579,1.287712,3.941337,-1.827247
0.742849,3.575043,4.365507,4.484951,-2.962394,2.593223,2.065870,-4.258086,-0.048280,4.959742,-0.194841,-4.806908,-0.898222,2.022963,-1.358099,2.171327,-3.518670,-0.065950,-1.427220,1.328407,-2.679263,0.167518,-2.850022,-3.619519,0.956551,-1.085616,0.265694,1.040781,-0.569789
-0.101603,3.302161,3.687584,4.400316,-2.554723,0.758766,1.518328,-4.821737,-0.922781,4.276920,0.387267,-3.732396,-1.277838,0.919147,-1.619588,2.685770,-1.306522,0.271991,-1.086848,1.800877,-0.527987,-0.733048,-1.148628,-2.624013,-0.834819,-1.186375,0.235454,1.992299,-1.016335
-0.523829,3.165720,3.348622,4.357998,-2.350888,-0.158462,1.244557,-5.103562,-1.360032,3.935509,0.678322,-3.195140,-1.467646,0.367239,-1.750333,2.942991,-0.200449,0.440962,-0.916662,2.037113,0.547651,-1.183332,-0.297931,-2.126260,-1.730504,-1.236755,0.220333,2.468058,-1.239608
-0.675753,3.520768,3.195951,3.702718,-2.519067,-1.681546,1.154956,-6.250482,-1.952090,0.438552,0.114509,-2.778727,-0.909072,-1.636512,-0.609387,1.755651,-0.214276,0.996074,-0.203686,0.701203,0.395669,-0.903824,-1.232563,-0.696382,-0.254103,-1.154383,-0.932229,0.678570,-0.047309
-0.740556,3.114089,2.957168,2.809977,-1.749182,-1.756497,0.643842,-5.318965,-1.637931,-0.092492,-0.148175,-2.895615,-0.877730,-1.149961,-0.261618,1.439343,-0.234507,0.682656,-0.100283,0.240830,0.191795,-0.733902,-0.838914,-0.592026,0.003257,-0.858975,-0.745673,0.825643,-0.326710
-0.870161,2.300731,2.479602,1.024496,-0.209412,-1.906401,-0.378386,-3.455930,-1.009613,-1.154580,-0.673542,-3.129389,-0.815046,-0.176859,0.433919,0.806728,-0.274969,0.055819,0.106524,-0.679915,-0.215954,-0.394058,-0.051616,-0.383313,0.517979,-0.268158,-0.372561,1.119788,-0.885512
-0.711156,1.681659,1.710946,0.155562,0.299432,-1.678119,-0.614949,-2.122387,-0.942094,-1.377558,-0.875285,-2.040665,-0.601742,-0.196976,0.551199,0.490417,-0.571309,-0.305587,0.238105,-0.528660,-0.150650,-0.645782,-0.145334,-0.515444,0.386654,-0.300608,-0.327608,1.123576,-0.401422
0.000000,0.000000,0.000000,0.000000,0.000000,0.000000,0.000000,0.000000,0.000000,0.000000,0.000000,0.000000,0.000000,0.000000,0.000000,0.000000,0.000000,0.000000,0.000000,0.000000,0.000000,0.000000,0.000000,0.000000,0.000000,0.000000,0.000000,0.000000,0.000000
0.631654,-1.372123,-1.326618,0.278905,-0.553854,1.563979,0.733231,1.455616,0.908335,1.489047,0.976157,1.496304,0.495089,0.207035,-0.609840,-0.332262,0.719479,0.486290,-0.303895,0.453033,0.117998,0.771644,0.192192,0.581510,-0.320991,0.316833,0.305132,-1.125471,0.159378
-0.000324,-0.001362,-0.000322,0.000674,-0.001107,-0.000055,-0.000467,0.000823,0.000683,0.001065,0.001641,0.001944,0.004584,-0.000474,0.000423,-0.000635,0.000131,-0.000347,0.000447,-0.000021,-0.001455,-0.002439,-0.000453,0.000420,-0.000868,0.000311,0.001038,-0.002837,0.002046
-0.002193,-0.009203,-0.002179,0.004557,-0.007483,-0.000369,-0.003154,0.005563,0.004615,0.007199,0.011092,0.013140,0.030980,-0.003204,0.002859,-0.004295,0.000888,-0.002343,0.003023,-0.000145,-0.009836,-0.016485,-0.003063,0.002840,-0.005866,0.002105,0.007014,-0.019171,0.013826
-0.005719,-0.024001,-0.005682,0.011884,-0.019515,-0.000961,-0.008226,0.014508,0.012035,0.018773,0.028925,0.034268,0.080791,-0.008355,0.007455,-0.011201,0.002317,-0.006110,0.007884,-0.000377,-0.025652,-0.042990,-0.007987,0.007406,-0.015298,0.005489,0.018290,-0.049995,0.036057
-0.010680,-0.044824,-0.010611,0.022194,-0.036447,-0.001795,-0.015363,0.027096,0.022477,0.035061,0.054022,0.063999,0.150886,-0.015603,0.013922,-0.020918,0.004327,-0.011411,0.014725,-0.000704,-0.047908,-0.080289,-0.014917,0.013832,-0.028570,0.010252,0.034159,-0.093372,0.067340
-0.016866,-0.070784,-0.016756,0.035049,-0.057555,-0.002834,-0.024260,0.042789,0.035495,0.055367,0.085309,0.101065,0.238273,-0.024640,0.021986,-0.033033,0.006833,-0.018020,0.023252,-0.001112,-0.075654,-0.126789,-0.023556,0.021843,-0.045116,0.016189,0.053943,-0.147449,0.106341
-0.024073,-0.101033,-0.023917,0.050026,-0.082150,-0.004046,-0.034628,0.061074,0.050662,0.079027,0.121764,0.144252,0.340094,-0.035169,0.031381,-0.047149,0.009753,-0.025721,0.033189,-0.001587,-0.107983,-0.180970,-0.033622,0.031178,-0.064396,0.023107,0.076994,-0.210458,0.151784
-0.032109,-0.134760,-0.031901,0.066726,-0.109574,-0.005396,-0.046187,0.081463,0.067575,0.105408,0.162412,0.192408,0.453628,-0.046910,0.041857,-0.062889,0.013009,-0.034307,0.044268,-0.002116,-0.144030,-0.241384,-0.044846,0.041586,-0.085893,0.030821,0.102697,-0.280715,0.202454
-0.040792,-0.171200,-0.040527,0.084769,-0.139203,-0.006855,-0.058677,0.103490,0.085848,0.133911,0.206328,0.244436,0.576289,-0.059594,0.053175,-0.079894,0.016526,-0.043584,0.056238,-0.002688,-0.182976,-0.306654,-0.056972,0.052830,-0.109119,0.039155,0.130467,-0.356621,0.257197
-0.049947,-0.209623,-0.049623,0.103794,-0.170445,-0.008394,-0.071846,0.126717,0.105115,0.163965,0.252636,0.299296,0.705629,-0.072969,0.065109,-0.097826,0.020236,-0.053366,0.068860,-0.003292,-0.224043,-0.375478,-0.069758,0.064687,-0.133609,0.047943,0.159748,-0.436660,0.314921
-0.059411,-0.249343,-0.059026,0.123461,-0.202741,-0.009984,-0.085459,0.150728,0.125032,0.195034,0.300506,0.356007,0.839334,-0.086796,0.077446,-0.116362,0.024070,-0.063478,0.081908,-0.003916,-0.266495,-0.446625,-0.082976,0.076944,-0.158926,0.057027,0.190018,-0.519399,0.374594
-0.069030,-0.289714,-0.068583,0.143450,-0.235567,-0.011601,-0.099296,0.175132,0.145276,0.226611,0.349160,0.413647,0.975228,-0.100849,0.089985,-0.135202,0.027967,-0.073755,0.095170,-0.004550,-0.309642,-0.518936,-0.096411,0.089402,-0.184657,0.066260,0.220783,-0.603494,0.435243
-0.078660,-0.330128,-0.078150,0.163461,-0.268427,-0.013219,-0.113147,0.199562,0.165541,0.258223,0.397867,0.471349,1.111269,-0.114917,0.102538,-0.154062,0.031868,-0.084044,0.108446,-0.005184,-0.352837,-0.591326,-0.109860,0.101874,-0.210416,0.075503,0.251581,-0.687679,0.495958
-0.088165,-0.370020,-0.087593,0.183213,-0.300864,-0.014817,-0.126820,0.223677,0.185545,0.289426,0.445944,0.528306,1.245552,-0.128803,0.114928,-0.172678,0.035719,-0.094200,0.121550,-0.005811,-0.395473,-0.662781,-0.123135,0.114184,-0.235842,0.084627,0.281982,-0.770777,0.555888
-0.097420,-0.408864,-0.096788,0.202447,-0.332448,-0.016372,-0.140133,0.247158,0.205023,0.319809,0.492759,0.583768,1.376309,-0.142325,0.126993,-0.190806,0.039469,-0.104089,0.134310,-0.006421,-0.436989,-0.732359,-0.136062,0.126171,-0.260601,0.093511,0.311584,-0.851692,0.614245
-0.106310,-0.446176,-0.105621,0.220922,-0.362786,-0.017866,-0.152921,0.269713,0.223733,0.348994,0.537727,0.637040,1.501908,-0.155313,0.138582,-0.208218,0.043071,-0.113588,0.146567,-0.007007,-0.476867,-0.799192,-0.148478,0.137685,-0.284383,0.102044,0.340018,-0.929415,0.670299
-0.114729,-0.481510,-0.113986,0.238417,-0.391517,-0.019281,-0.165032,0.291073,0.241452,0.376633,0.580311,0.687490,1.620850,-0.167613,0.149557,-0.224708,0.046482,-0.122583,0.158174,-0.007561,-0.514632,-0.862484,-0.160237,0.148589,-0.306904,0.110125,0.366946,-1.003019,0.723383
-0.122581,-0.514463,-0.121787,0.254734,-0.418311,-0.020601,-0.176326,0.310993,0.257976,0.402408,0.620026,0.734540,1.731776,-0.179084,0.159793,-0.240086,0.049663,-0.130972,0.168999,-0.008079,-0.549852,-0.921509,-0.171203,0.158757,-0.327908,0.117662,0.392058,-1.071663,0.772889
-0.129779,-0.544671,-0.128937,0.269691,-0.442873,-0.021810,-0.186679,0.329254,0.273123,0.426036,0.656432,0.777670,1.833461,-0.189599,0.169175,-0.254184,0.052579,-0.138663,0.178922,-0.008553,-0.582138,-0.975618,-0.181255,0.168079,-0.347161,0.124571,0.415079,-1.134588,0.818271
-0.136245,-0.571810,-0.135362,0.283129,-0.464940,-0.022897,-0.195981,0.345659,0.286732,0.447264,0.689140,0.816419,1.924816,-0.199046,0.177605,-0.266849,0.055199,-0.145572,0.187837,-0.008979,-0.611144,-1.024230,-0.190287,0.176454,-0.364459,0.130778,0.435761,-1.191121,0.859043
-0.141913,-0.595598,-0.140993,0.294907,-0.484282,-0.023849,-0.204134,0.360039,0.298660,0.465871,0.717809,0.850382,2.004889,-0.207327,0.184993,-0.277950,0.057495,-0.151628,0.195652,-0.009353,-0.636568,-1.066838,-0.198203,0.183795,-0.379621,0.136218,0.453889,-1.240672,0.894780
-0.146725,-0.615792,-0.145773,0.304906,-0.500701,-0.024658,-0.211055,0.372246,0.308786,0.481666,0.742146,0.879214,2.072865,-0.214356,0.191265,-0.287373,0.059444,-0.156769,0.202285,-0.009670,-0.658151,-1.103009,-0.204923,0.190026,-0.392492,0.140837,0.469277,-1.282737,0.925117
-0.150632,-0.632189,-0.149655,0.313025,-0.514034,-0.025315,-0.216675,0.382158,0.317009,0.494492,0.761908,0.902626,2.128061,-0.220064,0.196358,-0.295026,0.061027,-0.160943,0.207671,-0.009928,-0.675676,-1.132380,-0.210380,0.195086,-0.402943,0.144587,0.481773,-1.316893,0.949751
-0.153596,-0.644628,-0.152600,0.319185,-0.524148,-0.025813,-0.220938,0.389678,0.323247,0.504222,0.776900,0.920387,2.169935,-0.224394,0.200222,-0.300831,0.062228,-0.164110,0.211758,-0.010123,-0.688971,-1.154662,-0.214519,0.198925,-0.410872,0.147432,0.491253,-1.342806,0.968439
-0.155588,-0.652989,-0.154579,0.323324,-0.530946,-0.026147,-0.223804,0.394732,0.327439,0.510761,0.786976,0.932324,2.198077,-0.227304,0.202819,-0.304732,0.063035,-0.166238,0.214504,-0.010254,-0.697907,-1.169637,-0.217301,0.201505,-0.416201,0.149344,0.497624,-1.360221,0.980999
-0.156588,-0.657189,-0.155573,0.325404,-0.534362,-0.026316,-0.225243,0.397271,0.329545,0.514047,0.792038,0.938321,2.212216,-0.228766,0.204123,-0.306693,0.063440,-0.167308,0.215884,-0.010320,-0.702396,-1.177161,-0.218699,0.202801,-0.418878,0.150305,0.500825,-1.368971,0.987309
-0.156588,-0.657189,-0.155573,0.325404,-0.534362,-0.026316,-0.225243,0.397271,0.329545,0.514047,0.792038,0.938321,2.212216,-0.228766,0.204123,-0.306693,0.063440,-0.167308,0.215884,-0.010320,-0.702396,-1.177161,-0.218699,0.202801,-0.418878,0.150305,0.500825,-1.368971,0.987309
-0.155588,-0.652989,-0.154579,0.323324,-0.530946,-0.026147,-0.223804,0.394732,0.327439,0.510761,0.786976,0.932324,2.198077,-0.227304,0.202819,-0.304732,0.063035,-0.166238,0.214504,-0.010254,-0.697907,-1.169637,-0.217301,0.201505,-0.416201,0.149344,0.497624,-1.360221,0.980999
-0.153596,-0.644628,-0.152600,0.319185,-0.524148,-0.025813,-0.220938,0.389678,0.323247,0.504222,0.776900,0.920387,2.169935,-0.224394,0.200222,-0.300831,0.062228,-0.164110,0.211758,-0.010123,-0.688971,-1.154662,-0.214519,0.198925,-0.410872,0.147432,0.491253,-1.342806,0.968439
-0.150632,-0.632189,-0.149655,0.313025,-0.514034,-0.025315,-0.216675,0.382158,0.317009,0.494492,0.761908,0.902626,2.128061,-0.220064,0.196358,-0.295026,0.061027,-0.160943,0.207671,-0.009928,-0.675676,-1.132380,-0.210380,0.195086,-0.402943,0.144587,0.481773,-1.316893,0.949751
-0.146725,-0.615792,-0.145773,0.304906,-0.500701,-0.024658,-0.211055,0.372246,0.308786,0.481666,0.742146,0.879214,2.072865,-0.214356,0.191265,-0.287373,0.059444,-0.156769,0.202285,-0.009670,-0.658151,-1.103009,-0.204923,0.190026,-0.392492,0.140837,0.469277,-1.282737,0.925117
-0.141913,-0.595598,-0.140993,0.294907,-0.484282,-0.023849,-0.204134,0.360039,0.298660,0.465871,0.717809,0.850382,2.004889,-0.207327,0.184993,-0.277950,0.057495,-0.151628,0.195652,-0.009353,-0.636568,-1.066838,-0.198203,0.183795,-0.379621,0.136218,0.453889,-1.240672,0.894780
-0.136245,-0.571810,-0.135362,0.283129,-0.464940,-0.022897,-0.195981,0.345659,0.286732,0.447264,0.689140,0.816419,1.924816,-0.199046,0.177605,-0.266849,0.055199,-0.145572,0.187837,-0.008979,-0.611144,-1.024230,-0.190287,0.176454,-0.364459,0.130778,0.435761,-1.191121,0.859043
-0.129779,-0.544671,-0.128937,0.269691,-0.442873,-0.021810,-0.186679,0.329254,0.273123,0.426036,0.656432,0.777670,1.833461,-0.189599,0.169175,-0.254184,0.052579,-0.138663,0.178922,-0.008553,-0.582138,-0.975618,-0.181255,0.168079,-0.347161,0.124571,0.415079,-1.134588,0.818271
-0.122581,-0.514463,-0.121787,0.254734,-0.418311,-0.020601,-0.176326,0.310993,0.257976,0.402408,0.620026,0.734540,1.731776,-0.179084,0.159793,-0.240086,0.049663,-0.130972,0.168999,-0.008079,-0.549852,-0.921509,-0.171203,0.158757,-0.327908,0.117662,0.392058,-1.071663,0.772889
-0.114729,-0.481510,-0.113986,0.238417,-0.391517,-0.019281,-0.165032,0.291073,0.241452,0.376633,0.580311,0.687490,1.620850,-0.167613,0.149557,-0.224708,0.046482,-0.122583,0.158174,-0.007561,-0.514632,-0.862484,-0.160237,0.148589,-0.306904,0.110125,0.366946,-1.003019,0.723383
-0.106310,-0.446176,-0.105621,0.220922,-0.362786,-0.017866,-0.152921,0.269713,0.223733,0.348994,0.537727,0.637040,1.501908,-0.155313,0.138582,-0.208218,0.043071,-0.113588,0.146567,-0.007007,-0.476867,-0.799192,-0.148478,0.137685,-0.284383,0.102044,0.340018,-0.929415,0.670299
-0.097420,-0.408864,-0.096788,0.202447,-0.332448,-0.016372,-0.140133,0.247158,0.205023,0.319809,0.492759,0.583768,1.376309,-0.142325,0.126993,-0.190806,0.039469,-0.104089,0.134310,-0.006421,-0.436989,-0.732359,-0.136062,0.126171,-0.260601,0.093511,0.311584,-0.851692,0.614245
-0.088165,-0.370020,-0.087593,0.183213,-0.300864,-0.014817,-0.126820,0.223677,0.185545,0.289426,0.445944,0.528306,1.245552,-0.128803,0.114928,-0.172678,0.035719,-0.094200,0.121550,-0.005811,-0.395473,-0.662781,-0.123135,0.114184,-0.235842,0.084627,0.281982,-0.770777,0.555888
-0.078660,-0.330128,-0.078150,0.163461,-0.268427,-0.013219,-0.113147,0.199562,0.165541,0.258223,0.397867,0.471349,1.111269,-0.114917,0.102538,-0.154062,0.031868,-0.084044,0.108446,-0.005184,-0.352837,-0.591326,-0.109860,0.101874,-0.210416,0.075503,0.251581,-0.687679,0.495958
-0.069030,-0.289714,-0.068583,0.143450,-0.235567,-0.011601,-0.099296,0.175132,0.145276,0.226611,0.349160,0.413647,0.975228,-0.100849,0.089985,-0.135202,0.027967,-0.073755,0.095170,-0.004550,-0.309642,-0.518936,-0.096411,0.089402,-0.184657,0.066260,0.220783,-0.603494,0.435243
-0.059411,-0.249343,-0.059026,0.123461,-0.202741,-0.009984,-0.085459,0.150728,0.125032,0.195034,0.300506,0.356007,0.839334,-0.086796,0.077446,-0.116362,0.024070,-0.063478,0.081908,-0.003916,-0.266495,-0.446625,-0.082976,0.076944,-0.158926,0.057027,0.190018,-0.519399,0.374594
-0.049947,-0.209623,-0.049623,0.103794,-0.170445,-0.008394,-0.071846,0.126717,0.105115,0.163965,0.252636,0.299296,0.705629,-0.072969,0.065109,-0.097826,0.020236,-0.053366,0.068860,-0.003292,-0.224043,-0.375478,-0.069758,0.064687,-0.133609,0.047943,0.159748,-0.436660,0.314921
-0.040792,-0.171200,-0.040527,0.084769,-0.139203,-0.006855,-0.058677,0.103490,0.085848,0.133911,0.206328,0.244436,0.576289,-0.059594,0.053175,-0.079894,0.016526,-0.043584,0.056238,-0.002688,-0.182976,-0.306654,-0.056972,0.052830,-0.109119,0.039155,0.130467,-0.356621,0.257197
-0.032109,-0.134760,-0.031901,0.066726,-0.109574,-0.005396,-0.046187,0.081463,0.067575,0.105408,0.162412,0.192408,0.453628,-0.046910,0.041857,-0.062889,0.013009,-0.034307,0.044268,-0.002116,-0.144030,-0.241384,-0.044846,0.041586,-0.085893,0.030821,0.102697,-0.280715,0.202454
-0.024073,-0.101033,-0.023917,0.050026,-0.082150,-0.004046,-0.034628,0.061074,0.050662,0.079027,0.121764,0.144252,0.340094,-0.035169,0.031381,-0.047149,0.009753,-0.025721,0.033189,-0.001587,-0.107983,-0.180970,-0.033622,0.031178,-0.064396,0.023107,0.076994,-0.210458,0.151784
-0.016866,-0.070784,-0.016756,0.035049,-0.057555,-0.002834,-0.024260,0.042789,0.035495,0.055367,0.085309,0.101065,0.238273,-0.024640,0.021986,-0.033033,0.006833,-0.018020,0.023252,-0.001112,-0.075654,-0.126789,-0.023556,0.021843,-0.045116,0.016189,0.053943,-0.147449,0.106341
-0.010680,-0.044824,-0.010611,0.022194,-0.036447,-0.001795,-0.015363,0.027096,0.022477,0.035061,0.054022,0.063999,0.150886,-0.015603,0.013922,-0.020918,0.004327,-0.011411,0.014725,-0.000704,-0.047908,-0.080289,-0.014917,0.013832,-0.028570,0.010252,0.034159,-0.093372,0.067340
-0.005719,-0.024001,-0.005682,0.011884,-0.019515,-0.000961,-0.008226,0.014508,0.012035,0.018773,0.028925,0.034268,0.080791,-0.008355,0.007455,-0.011201,0.002317,-0.006110,0.007884,-0.000377,-0.025652,-0.042990,-0.007987,0.007406,-0.015298,0.005489,0.018290,-0.049995,0.036057
-0.002193,-0.009203,-0.002179,0.004557,-0.007483,-0.000369,-0.003154,0.005563,0.004615,0.007199,0.011092,0.013140,0.030980,-0.003204,0.002859,-0.004295,0.000888,-0.002343,0.003023,-0.000145,-0.009836,-0.016485,-0.003063,0.002840,-0.005866,0.002105,0.007014,-0.019171,0.013826
-0.000324,-0.001362,-0.000322,0.000674,-0.001107,-0.000055,-0.000467,0.000823,0.000683,0.001065,0.001641,0.001944,0.004584,-0.000474,0.000423,-0.000635,0.000131,-0.000347,0.000447,-0.000021,-0.001455,-0.002439,-0.000453,0.000420,-0.000868,0.000311,0.001038,-0.002837,0.002046
0.000000,0.000000,0.000000,0.000000,0.000000,0.000000,0.000000,0.000000,0.000000,0.000000,0.000000,0.000000,0.000000,0.000000,0.000000,0.000000,0.000000,0.000000,0.000000,0.000000,0.000000,0.000000,0.000000,0.000000,0.000000,0.000000,0.000000,-0.000000,0.000000
0.000000,0.000000,0.000000,0.000000,0.000000,0.000000,0.000000,0.000000,0.000000,0.000000,0.000000,0.000000,0.000000,0.000000,0.000000,0.000000,0.000000,0.000000,0.000000,0.000000,0.000000,0.000000,0.000000,0.000000,0.000000,0.000000,0.000000,0.000000,0.000000
0.000000,0.000000,0.000000,0.000000,0.000000,0.000000,0.000000,0.000000,0.000000,0.000000,0.000000,0.000000,0.000000,0.000000,0.000000,0.000000,0.000000,0.000000,0.000000,0.000000,0.000000,0.000000,0.000000,0.000000,0.000000,0.000000,0.000000,0.000000,0.000000
0.000000,0.000000,0.000000,0.000000,0.000000,0.000000,0.000000,0.000000,0.000000,0.000000,0.000000,0.000000,0.000000,0.000000,0.000000,0.000000,0.000000,0.000000,0.000000,0.000000,0.000000,0.000000,0.000000,0.000000,0.000000,0.000000,0.000000,0.000000,0.000000
0.000000,0.000000,0.000000,0.000000,0.000000,0.000000,0.000000,0.000000,0.000000,0.000000,0.000000,0.000000,0.000000,0.000000,0.000000,0.000000,0.000000,0.000000,0.000000,0.000000,0.000000,0.000000,0.000000,0.000000,0.000000,0.000000,0.000000,0.000000,0.000000
0.000000,0.000000,0.000000,0.000000,0.000000,0.000000,0.000000,0.000000,0.000000,0.000000,0.000000,0.000000,0.000000,0.000000,0.000000,0.000000,0.000000,0.000000,0.000000,0.000000,0.000000,0.000000,0.000000,0.000000,0.000000,0.000000,0.000000,0.000000,0.000000
0.000000,0.000000,0.000000,0.000000,0.000000,0.000000,0.000000,0.000000,0.000000,0.000000,0.000000,0.000000,0.000000,0.000000,0.000000,0.000000,0.000000,0.000000,0.000000,0.000000,0.000000,0.000000,0.000000,0.000000,0.000000,0.000000,0.000000,0.000000,0.000000
0.000000,0.000000,0.000000,0.000000,0.000000,0.000000,0.000000,0.000000,0.000000,0.000000,0.000000,0.000000,0.000000,0.000000,0.000000,0.000000,0.000000,0.000000,0.000000,0.000000,0.000000,0.000000,0.000000,0.000000,0.000000,0.000000,0.000000,0.000000,0.000000
0.000000,0.000000,0.000000,0.000000,0.000000,0.000000,0.000000,0.000000,0.000000,0.000000,0.000000,0.000000,0.000000,0.000000,0.000000,0.000000,0.000000,0.000000,0.000000,0.000000,0.000000,0.000000,0.000000,0.000000,0.000000,0.000000,0.000000,0.000000,0.000000
0.000000,0.000000,0.000000,0.000000,0.000000,0.000000,0.000000,0.000000,0.000000,0.000000,0.000000,0.000000,0.000000,0.000000,0.000000,0.000000,0.000000,0.000000,0.000000,0.000000,0.000000,0.000000,0.000000,0.000000,0.000000,0.000000,0.000000,0.000000,0.000000
0.000000,0.000000,0.000000,0.000000,0.000000,0.000000,0.000000,0.000000,0.000000,0.000000,0.000000,0.000000,0.000000,0.000000,0.000000,0.000000,0.000000,0.000000,0.000000,0.000000,0.000000,0.000000,0.000000,0.000000,0.000000,0.000000,0.000000,0.000000,0.000000
0.000000,0.000000,0.000000,0.000000,0.000000,0.000000,0.000000,0.000000,0.000000,0.000000,0.000000,0.000000,0.000000,0.000000,0.000000,0.000000,0.000000,0.000000,0.000000,0.000000,0.000000,0.000000,0.000000,0.000000,0.000000,0.000000,0.000000,0.000000,0.000000
0.000000,0.000000,0.000000,0.000000,0.000000,0.000000,0.000000,0.000000,0.000000,0.000000,0.000000,0.000000,0.000000,0.000000,0.000000,0.000000,0.000000,0.000000,0.000000,0.000000,0.000000,0.000000,0.000000,0.000000,0.000000,0.000000,0.000000,0.000000,0.000000
0.000000,0.000000,0.000000,0.000000,0.000000,0.000000,0.000000,0.000000,0.000000,0.000000,0.000000,0.000000,0.000000,0.000000,0.000000,0.000000,0.000000,0.000000,0.000000,0.000000,0.000000,0.000000,0.000000,0.000000,0.000000,0.000000,0.000000,0.000000,0.000000
0.000000,0.000000,0.000000,0.000000,0.000000,0.000000,0.000000,0.000000,0.000000,0.000000,0.000000,0.000000,0.000000,0.000000,0.000000,0.000000,0.000000,0.000000,0.000000,0.000000,0.000000,0.000000,0.000000,0.000000,0.000000,0.000000,0.000000,0.000000,0.000000
0.000000,0.000000,0.000000,0.000000,0.000000,0.000000,0.000000,0.000000,0.000000,0.000000,0.000000,0.000000,0.000000,0.000000,0.000000,0.000000,0.000000,0.000000,0.000000,0.000000,0.000000,0.000000,0.000000,0.000000,0.000000,0.000000,0.000000,0.000000,0.000000
0.000000,0.000000,0.000000,0.000000,0.000000,0.000000,0.000000,0.000000,0.000000,0.000000,0.000000,0.000000,0.000000,0.000000,0.000000,0.000000,0.000000,0.000000,0.000000,0.000000,0.000000,0.000000,0.000000,0.000000,0.000000,0.000000,0.000000,0.000000,0.000000
0.000000,0.000000,0.000000,0.000000,0.000000,0.000000,0.000000,0.000000,0.000000,0.000000,0.000000,0.000000,0.000000,0.000000,0.000000,0.000000,0.000000,0.000000,0.000000,0.000000,0.000000,0.000000,0.000000,0.000000,0.000000,0.000000,0.000000,0.000000,0.000000
0.000000,0.000000,0.000000,0.000000,0.000000,0.000000,0.000000,0.000000,0.000000,0.000000,0.000000,0.000000,0.000000,0.000000,0.000000,0.000000,0.000000,0.000000,0.000000,0.000000,0.000000,0.000000,0.000000,0.000000,0.000000,0.000000,0.000000,0.000000,0.000000
0.000000,0.000000,0.000000,0.000000,0.000000,0.000000,0.000000,0.000000,0.000000,0.000000,0.000000,0.000000,0.000000,0.000000,0.000000,0.000000,0.000000,0.000000,0.000000,0.000000,0.000000,0.000000,0.000000,0.000000,0.000000,0.000000,0.000000,0.000000,0.000000
0.000000,0.000000,0.000000,0.000000,0.000000,0.000000,0.000000,0.000000,0.000000,0.000000,0.000000,0.000000,0.000000,0.000000,0.000000,0.000000,0.000000,0.000000,0.000000,0.000000,0.000000,0.000000,0.000000,0.000000,0.000000,0.000000,0.000000,0.000000,0.000000
0.000000,0.000000,0.000000,0.000000,0.000000,0.000000,0.000000,0.000000,0.000000,0.000000,0.000000,0.000000,0.000000,0.000000,0.000000,0.000000,0.000000,0.000000,0.000000,0.000000,0.000000,0.000000,0.000000,0.000000,0.000000,0.000000,0.000000,0.000000,0.000000
0.000000,0.000000,0.000000,0.000000,0.000000,0.000000,0.000000,0.000000,0.000000,0.000000,0.000000,0.000000,0.000000,0.000000,0.000000,0.000000,0.000000,0.000000,0.000000,0.000000,0.000000,0.000000,0.000000,0.000000,0.000000,0.000000,0.000000,0.000000,0.000000
0.000000,0.000000,0.000000,0.000000,0.000000,0.000000,0.000000,0.000000,0.000000,0.000000,0.000000,0.000000,0.000000,0.000000,0.000000,0.000000,0.000000,0.000000,0.000000,0.000000,0.000000,0.000000,0.000000,0.000000,0.000000,0.000000,0.000000,0.000000,0.000000
0.000000,0.000000,0.000000,0.000000,0.000000,0.000000,0.000000,0.000000,0.000000,0.000000,0.000000,0.000000,0.000000,0.000000,0.000000,0.000000,0.000000,0.000000,0.000000,0.000000,0.000000,0.000000,0.000000,0.000000,0.000000,0.000000,0.000000,0.000000,0.000000
0.000000,0.000000,0.000000,0.000000,0.000000,0.000000,0.000000,0.000000,0.000000,0.000000,0.000000,0.000000,0.000000,0.000000,0.000000,0.000000,0.000000,0.000000,0.000000,0.000000,0.000000,0.000000,0.000000,0.000000,0.000000,0.000000,0.000000,0.000000,0.000000
0.000000,0.000000,0.000000,0.000000,0.000000,0.000000,0.000000,0.000000,0.000000,0.000000,0.000000,0.000000,0.000000,0.000000,0.000000,0.000000,0.000000,0.000000,0.000000,0.000000,0.000000,0.000000,0.000000,0.000000,0.000000,0.000000,0.000000,0.000000,0.000000
0.000000,0.000000,0.000000,0.000000,0.000000,0.000000,0.000000,0.000000,0.000000,0.000000,0.000000,0.000000,0.000000,0.000000,0.000000,0.000000,0.000000,0.000000,0.000000,0.000000,0.000000,0.000000,0.000000,0.000000,0.000000,0.000000,0.000000,0.000000,0.000000
0.000000,0.000000,0.000000,0.000000,0.000000,0.000000,0.000000,0.000000,0.000000,0.000000,0.000000,0.000000,0.000000,0.000000,0.000000,0.000000,0.000000,0.000000,0.000000,0.000000,0.000000,0.000000,0.000000,0.000000,0.000000,0.000000,0.000000,0.000000,0.000000
0.000000,0.000000,0.000000,0.000000,0.000000,0.000000,0.000000,0.000000,0.000000,0.000000,0.000000,0.000000,0.000000,0.000000,0.000000,0.000000,0.000000,0.000000,0.000000,0.000000,0.000000,0.000000,0.000000,0.000000,0.000000,0.000000,0.000000,0.000000,0.000000
0.000000,0.000000,0.000000,0.000000,0.000000,0.000000,0.000000,0.000000,0.000000,0.000000,0.000000,0.000000,0.000000,0.000000,0.000000,0.000000,0.000000,0.000000,0.000000,0.000000,0.000000,0.000000,0.000000,0.000000,0.000000,0.000000,0.000000,0.000000,0.000000
0.000000,0.000000,0.000000,0.000000,0.000000,0.000000,0.000000,0.000000,0.000000,0.000000,0.000000,0.000000,0.000000,0.000000,0.000000,0.000000,0.000000,0.000000,0.000000,0.000000,0.000000,0.000000,0.000000,0.000000,0.000000,0.000000,0.000000,0.000000,0.000000
0.000000,0.000000,0.000000,0.000000,0.000000,0.000000,0.000000,0.000000,0.000000,0.000000,0.000000,0.000000,0.000000,0.000000,0.000000,0.000000,0.000000,0.000000,0.000000,0.000000,0.000000,0.000000,0.000000,0.000000,0.000000,0.000000,0.000000,0.000000,0.000000
0.000000,0.000000,0.000000,0.000000,0.000000,0.000000,0.000000,0.000000,0.000000,0.000000,0.000000,0.000000,0.000000,0.000000,0.000000,0.000000,0.000000,0.000000,0.000000,0.000000,0.000000,0.000000,0.000000,0.000000,0.000000,0.000000,0.000000,0.000000,0.000000
0.000000,0.000000,0.000000,0.000000,0.000000,0.000000,0.000000,0.000000,0.000000,0.000000,0.000000,0.000000,0.000000,0.000000,0.000000,0.000000,0.000000,0.000000,0.000000,0.000000,0.000000,0.000000,0.000000,0.000000,0.000000,0.000000,0.000000,0.000000,0.000000
0.000000,0.000000,0.000000,0.000000,0.000000,0.000000,0.000000,0.000000,0.000000,0.000000,0.000000,0.000000,0.000000,0.000000,0.000000,0.000000,0.000000,0.000000,0.000000,0.000000,0.000000,0.000000,0.000000,0.000000,0.000000,0.000000,0.000000,0.000000,0.000000
0.000000,0.000000,0.000000,0.000000,0.000000,0.000000,0.000000,0.000000,0.000000,0.000000,0.000000,0.000000,0.000000,0.000000,0.000000,0.000000,0.000000,0.000000,0.000000,0.000000,0.000000,0.000000,0.000000,0.000000,0.000000,0.000000,0.000000,0.000000,0.000000
0.000000,0.000000,0.000000,0.000000,0.000000,0.000000,0.000000,0.000000,0.000000,0.000000,0.000000,0.000000,0.000000,0.000000,0.000000,0.000000,0.000000,0.000000,0.000000,0.000000,0.000000,0.000000,0.000000,0.000000,0.000000,0.000000,0.000000,0.000000,0.000000
0.000000,0.000000,0.000000,0.000000,0.000000,0.000000,0.000000,0.000000,0.000000,0.000000,0.000000,0.000000,0.000000,0.000000,0.000000,0.000000,0.000000,0.000000,0.000000,0.000000,0.000000,0.000000,0.000000,0.000000,0.000000,0.000000,0.000000,0.000000,0.000000
0.000000,0.000000,0.000000,0.000000,0.000000,0.000000,0.000000,0.000000,0.000000,0.000000,0.000000,0.000000,0.000000,0.000000,0.000000,0.000000,0.000000,0.000000,0.000000,0.000000,0.000000,0.000000,0.000000,0.000000,0.000000,0.000000,0.000000,0.000000,0.000000
0.000000,0.000000,0.000000,0.000000,0.000000,0.000000,0.000000,0.000000,0.000000,0.000000,0.000000,0.000000,0.000000,0.000000,0.000000,0.000000,0.000000,0.000000,0.000000,0.000000,0.000000,0.000000,0.000000,0.000000,0.000000,0.000000,0.000000,0.000000,0.000000
0.000000,0.000000,0.000000,0.000000,0.000000,0.000000,0.000000,0.000000,0.000000,0.000000,0.000000,0.000000,0.000000,0.000000,0.000000,0.000000,0.000000,0.000000,0.000000,0.000000,0.000000,0.000000,0.000000,0.000000,0.000000,0.000000,0.000000,0.000000,0.000000
0.000000,0.000000,0.000000,0.000000,0.000000,0.000000,0.000000,0.000000,0.000000,0.000000,0.000000,0.000000,0.000000,0.000000,0.000000,0.000000,0.000000,0.000000,0.000000,0.000000,0.000000,0.000000,0.000000,0.000000,0.000000,0.000000,0.000000,0.000000,0.000000
0.000000,0.000000,0.000000,0.000000,0.000000,0.000000,0.000000,0.000000,0.000000,0.000000,0.000000,0.000000,0.000000,0.000000,0.000000,0.000000,0.000000,0.000000,0.000000,0.000000,0.000000,0.000000,0.000000,0.000000,0.000000,0.000000,0.000000,0.000000,0.000000
0.000000,0.000000,0.000000,0.000000,0.000000,0.000000,0.000000,0.000000,0.000000,0.000000,0.000000,0.000000,0.000000,0.000000,0.000000,0.000000,0.000000,0.000000,0.000000,0.000000,0.000000,0.000000,0.000000,0.000000,0.000000,0.000000,0.000000,0.000000,0.000000
0.000000,0.000000,0.000000,0.000000,0.000000,0.000000,0.000000,0.000000,0.000000,0.000000,0.000000,0.000000,0.000000,0.000000,0.000000,0.000000,0.000000,0.000000,0.000000,0.000000,0.000000,0.000000,0.000000,0.000000,0.000000,0.000000,0.000000,0.000000,0.000000
0.000000,0.000000,0.000000,0.000000,0.000000,0.000000,0.000000,0.000000,0.000000,0.000000,0.000000,0.000000,0.000000,0.000000,0.000000,0.000000,0.000000,0.000000,0.000000,0.000000,0.000000,0.000000,0.000000,0.000000,0.000000,0.000000,0.000000,0.000000,0.000000
0.000000,0.000000,0.000000,0.000000,0.000000,0.000000,0.000000,0.000000,0.000000,0.000000,0.000000,0.000000,0.000000,0.000000,0.000000,0.000000,0.000000,0.000000,0.000000,0.000000,0.000000,0.000000,0.000000,0.000000,0.000000,0.000000,0.000000,0.000000,0.000000
0.000000,0.000000,0.000000,0.000000,0.000000,0.000000,0.000000,0.000000,0.000000,0.000000,0.000000,0.000000,0.000000,0.000000,0.000000,0.000000,0.000000,0.000000,0.000000,0.000000,0.000000,0.000000,0.000000,0.000000,0.000000,0.000000,0.000000,0.000000,0.000000
0.000000,0.000000,0.000000,0.000000,0.000000,0.000000,0.000000,0.000000,0.000000,0.000000,0.000000,0.000000,0.000000,0.000000,0.000000,0.000000,0.000000,0.000000,0.000000,0.000000,0.000000,0.000000,0.000000,0.000000,0.000000,0.000000,0.000000,0.000000,0.000000
